pathway_description	BS_VJVDJABP	BS_NKEAAFMW	BS_K81DR8XG	BS_2Z1MKS84	BS_77317DY4	BS_4D9DD103	BS_5VQP0E6K	BS_YETBN0RQ	BS_K3ER45RV	BS_M84H3KXA	BS_HB03GSHF	BS_JZRM1S3T	BS_JTMXAMB7
KEGG_ABC_TRANSPORTERS	0.05221801357336914	0.02598469334806118	-0.030531234705169715	0.017412714137268304	0.05722451311460486	0.009917945606086305	0.0014241850158347687	-0.008648178300577024	-0.009602338579031136	0.0010581919288241667	-0.008595941680129745	-0.01248698510177552	0.0205321605580103
KEGG_ACUTE_MYELOID_LEUKEMIA	0.23008009900274437	0.2305563085447473	0.2655536921290174	0.23128468385699832	0.2178159246201823	0.23534271664180928	0.22389407975628456	0.22789569458968667	0.21936484100617828	0.2008640422930426	0.2502444693027664	0.23136694403314614	0.19801176154491656
KEGG_ADHERENS_JUNCTION	0.31403168485217225	0.3128738258921558	0.36162525729044204	0.2984165559270718	0.28377706405063324	0.2889004948801971	0.2805616426815501	0.2779839486658977	0.28314572416622596	0.275646671607226	0.29587847229489445	0.28787255373463294	0.2909765132166251
KEGG_ADIPOCYTOKINE_SIGNALING_PATHWAY	0.17640331510810026	0.15128425263316045	0.16457705528944605	0.13395651181844745	0.14181088218794805	0.1397242866798814	0.1428382957974666	0.13396390535618885	0.14730818688091213	0.12318766559529315	0.14300099905942565	0.14404045845737456	0.13949761960673132
KEGG_ALANINE_ASPARTATE_AND_GLUTAMATE_METABOLISM	0.12890269486178957	0.1169914650989963	0.09412158819032836	0.08114487914266512	0.07982437621557904	0.09981924336582781	0.08028535598496718	0.10541239782273576	0.09447946862909459	0.11166528305598464	0.06794913856130388	0.10687836002649465	0.16090101369174145
KEGG_ALDOSTERONE_REGULATED_SODIUM_REABSORPTION	0.17783830157421113	0.177878918468109	0.11915843871008082	0.10426905831732963	0.0759838382765758	0.08912204542753115	0.13792871062028417	0.10322772048260251	0.0843857783575454	0.07131349441746879	0.15042260169047258	0.11479550209375602	0.11421469638873682
KEGG_ALLOGRAFT_REJECTION	-0.08124461431557803	-0.10279915181303971	-0.10653817481225618	-0.07403934686393161	-0.1325794739146061	-0.2543116698704194	-0.13795810348441767	-0.16824412577294856	-0.1872460134319611	-0.13947792362803252	-0.16815649757465537	-0.0674496292970495	-0.1445209681762878
KEGG_ALPHA_LINOLENIC_ACID_METABOLISM	-0.090609338004092	-0.12130946186986294	-0.12594118752047315	-0.1319677711795624	-0.10554420179000969	-0.11321284240481698	-0.10557513031560359	-0.11562808297152877	-0.11948410696471827	-0.12343033841056339	-0.11797600162243695	-0.1207203016864125	-0.10641419648003846
KEGG_ALZHEIMERS_DISEASE	0.22316494742395912	0.2715892881861545	0.2723685613786674	0.2324685772607919	0.1840448433158982	0.22447034690547782	0.2165820579582478	0.22788669249719212	0.23147500305492275	0.22489549685879445	0.21634258662291217	0.2343375444212345	0.245310247295013
KEGG_AMINO_SUGAR_AND_NUCLEOTIDE_SUGAR_METABOLISM	0.10242822210693946	0.14386105475427552	0.1344562510165973	0.13607270957569617	0.10886807011016922	0.1329091409266679	0.1233152072774335	0.13417377063737282	0.14599241839534982	0.15308469286297643	0.11010536015417015	0.11499719220395974	0.13675293739981953
KEGG_AMINOACYL_TRNA_BIOSYNTHESIS	0.07457588956426917	0.10477542913417191	0.12885138415091119	0.08185254796465372	0.10577904858068178	0.10458847815139284	0.07239120007825262	0.09315884136182659	0.11140486842774841	0.11831755685607538	0.09751239131814118	0.10586999064750456	0.09411825544900723
KEGG_AMYOTROPHIC_LATERAL_SCLEROSIS_ALS	0.19735415547716195	0.18689060618354256	0.14087966311543845	0.1747246269843664	0.15073737878186577	0.1775009261599218	0.1867018292254461	0.20253094990515083	0.19097954624481864	0.16804190129920502	0.16334522887270245	0.17838001376248416	0.19546806565352684
KEGG_ANTIGEN_PROCESSING_AND_PRESENTATION	0.08680886104325858	0.07830780300240779	0.07031523221951329	0.10049586154560367	0.05126750346835074	6.854699297932888e-4	0.038720990711356006	0.02366236178496563	0.03997512058168528	0.04466950434324834	0.03137791159675863	0.09144240635408682	0.03920692700194284
KEGG_APOPTOSIS	0.12765682807163922	0.12821933741109814	0.14354429620520046	0.12616455190061646	0.10826641037780196	0.11881361401590967	0.12709595806415966	0.12776649624087236	0.1066710627107306	0.11948838500017839	0.12064192209258359	0.1135171919148705	0.1103584628506467
KEGG_ARACHIDONIC_ACID_METABOLISM	-0.1192214721236261	-0.14355908346168933	-0.12790160570281622	-0.1314967469491411	-0.12343576017331144	-0.11165979183625446	-0.1338874951579251	-0.1317543543417753	-0.11974838179453984	-0.1511750951825346	-0.1546966152091263	-0.1302314314525934	-0.1292273585881958
KEGG_ARGININE_AND_PROLINE_METABOLISM	0.15143289630324458	0.12717835639843833	0.152737703106582	0.10050513272648808	0.10477828710861664	0.13876712869030564	0.11149994771758179	0.1355382453335564	0.1507231171727697	0.14236219451730706	0.10663237698288323	0.15149944982773672	0.16935128525493662
KEGG_ARRHYTHMOGENIC_RIGHT_VENTRICULAR_CARDIOMYOPATHY_ARVC	0.1635632907341767	0.12587710587509726	0.2527293719161245	0.16203927663791953	0.16877174855648575	0.1718500934116432	0.15331995708961085	0.14624783273919628	0.1369457148449445	0.13919965230268957	0.14981367635243611	0.1509454444412172	0.17251585068263997
KEGG_ASCORBATE_AND_ALDARATE_METABOLISM	-0.1699515589834744	-0.2119115262782816	-0.22531843370191487	-0.20262873267001907	-0.20505151401550353	-0.19631889299080982	-0.20891971998325498	-0.1802474149304583	-0.190399117654458	-0.19002791417707127	-0.20172502975127185	-0.18523690720958788	-0.19242186949422913
KEGG_ASTHMA	-0.19227223919562397	-0.2403237620607754	-0.2267374169047639	-0.1771587077528855	-0.23258968838921903	-0.3371790864659173	-0.20878023761416267	-0.23173778449778798	-0.27943099983402964	-0.21684201822462185	-0.2630983410886137	-0.14957613571499537	-0.23324280618845353
KEGG_AUTOIMMUNE_THYROID_DISEASE	-0.17891757001074865	-0.1982087886234383	-0.1970992963496408	-0.1611383667404963	-0.19282377842142628	-0.2887678531767961	-0.2145900724797621	-0.2453235497305744	-0.2627050400201732	-0.22254404997425706	-0.24251847478512195	-0.16224950364419552	-0.22892196241359952
KEGG_AXON_GUIDANCE	0.20846286111320253	0.23637552973793807	0.2196891896025035	0.23262730494277264	0.20908808370703313	0.22976864755665405	0.23478575535844307	0.22541264582538362	0.23434400802875727	0.2187584590824378	0.22743584217517282	0.22879040432632347	0.22298644210285862
KEGG_B_CELL_RECEPTOR_SIGNALING_PATHWAY	0.15088619360731545	0.1478522039757811	0.15634595497223677	0.13598849832109872	0.11924967105454157	0.121333117670335	0.13320149965603953	0.13619351679849645	0.11992576367294194	0.12159211391082526	0.15087210744051438	0.12233862660787333	0.11065660064619487
KEGG_BASAL_CELL_CARCINOMA	0.057124483989029605	0.09018782415532917	0.08702561223134647	0.11300716857854247	0.11952072795914542	0.15609041187054137	0.12251208873795048	0.13667822794922868	0.14871610547530306	0.12245375777888319	0.1585999764701523	0.15259836125949092	0.10425148988592776
KEGG_BASAL_TRANSCRIPTION_FACTORS	0.12799044743671933	0.09545832590856268	0.12319781834943683	0.0896366020434827	0.08639146686652682	0.07955006860060931	0.09530274099313213	0.11504850258072463	0.08434892340203258	0.12413763273483747	0.11827662257900311	0.09952895634862882	0.10143319209721309
KEGG_BASE_EXCISION_REPAIR	0.14514774761524407	0.18194579103457878	0.21445259799926433	0.2389332516529839	0.232196924144992	0.25007540251796595	0.19342123955684407	0.21789359406009912	0.25358738609500264	0.22792545481750315	0.2022615580905395	0.23378511953492495	0.20403717031954163
KEGG_BETA_ALANINE_METABOLISM	0.12422776783588084	0.1060623763102895	0.12089697298016755	0.10759852398702173	0.10937599722141413	0.14427640241189849	0.1281214315052181	0.13965487876328536	0.10357318869983102	0.13179073474596742	0.10362718646218592	0.1694766678680621	0.15700805073710677
KEGG_BIOSYNTHESIS_OF_UNSATURATED_FATTY_ACIDS	0.23633069009926158	0.16549986921255477	0.17748157501084041	0.19940098163260453	0.11371565532784703	0.18204416970486517	0.20369073772853505	0.21260399639783545	0.1890956310835195	0.20160538319565327	0.1840889585773066	0.22482348006806271	0.23566021477503413
KEGG_BLADDER_CANCER	0.1405181772446634	0.15446962194272035	0.25937967731623796	0.16818952128309023	0.1617205384268009	0.15196945613750584	0.14051230727314873	0.14741518394409237	0.18229072184762435	0.143780030745554	0.15777647824668223	0.1652676840794918	0.14423858192075403
KEGG_BUTANOATE_METABOLISM	0.09610676810820735	0.08669573568079046	0.08509864518815537	0.06258846594640773	0.05436088397807887	0.08408192681786963	0.07042528243572739	0.09675183332658222	0.062189067779939156	0.09234653166225107	0.07262495919832085	0.10070232315768538	0.10181997367857093
KEGG_CALCIUM_SIGNALING_PATHWAY	0.07190438230840587	0.06079575373630419	0.06339544923313334	0.029701355912482654	0.034325044826882756	0.018920459963503448	0.033462680688640174	0.016503474858621203	0.034568550287467796	0.005613548553970342	0.009136330219101055	0.02233356441151023	0.04146893360178726
KEGG_CARDIAC_MUSCLE_CONTRACTION	0.1688571080794408	0.21262893210651967	0.29231750815260205	0.16627270092731455	0.14196834334836467	0.16195863741594635	0.1414378406177091	0.1505320654222159	0.160043242777322	0.14441928235888693	0.16153943704216853	0.15855316023018698	0.1643143641121192
KEGG_CELL_ADHESION_MOLECULES_CAMS	0.07780700263065465	0.04674169884855025	0.049837764385460503	0.07218660352118905	0.0262812940044577	0.0034649245719425943	0.04766946621170044	0.018512538010243267	0.010848213545316152	0.029929730520984504	0.020064028374012107	0.05824808246821798	0.05039531739989162
KEGG_CELL_CYCLE	0.15341150315928984	0.1827221157652852	0.25985293946418214	0.26110922982807266	0.18519288675302278	0.22712913797379472	0.20825392474881052	0.23716374150080363	0.2435239839405361	0.2742243112528036	0.23887377383565359	0.2537123307940252	0.23004250131258422
KEGG_CHEMOKINE_SIGNALING_PATHWAY	0.08716410745794403	0.0897241807325907	0.056693365810570516	0.077173955391936	0.0522633886281876	0.05907979212799554	0.06679061295625242	0.05745438362365041	0.05921792396770935	0.05252383409580746	0.06984690216556884	0.056795177187712695	0.05604447992726536
KEGG_CHRONIC_MYELOID_LEUKEMIA	0.29419278951890016	0.2777894012956448	0.3197069104444249	0.2826127255469758	0.25462763897144214	0.27902913883150393	0.2700912528762862	0.2783523452823463	0.2670484176162738	0.2774969730276202	0.3001994979878153	0.28502222186779674	0.2709296044956333
KEGG_CIRCADIAN_RHYTHM_MAMMAL	0.3829350850853389	0.25630791794209823	0.24524503705028258	0.2184758317708115	0.24928798378613914	0.23901920181547565	0.2520964979980199	0.20346527775674275	0.31487983419390464	0.15924908539714905	0.23488699074595773	0.24724836133372366	0.16186011722129096
KEGG_CITRATE_CYCLE_TCA_CYCLE	0.2746245321429956	0.2999398130324401	0.28362778975715663	0.24264107324357215	0.19024345123513292	0.24360013122170807	0.20728460404716334	0.25848565405166396	0.22330160185977202	0.24324219957687804	0.23237523065107218	0.24955701443729567	0.27006686148165227
KEGG_COLORECTAL_CANCER	0.3024962500345533	0.31698320932964663	0.31597309874676116	0.3139787537619654	0.2900678550988678	0.31042925989859527	0.3210455800618023	0.32286270648680876	0.28864414617956474	0.3072942187064927	0.325156088703684	0.30553875997045515	0.3062091031206495
KEGG_COMPLEMENT_AND_COAGULATION_CASCADES	-0.10200669650572965	-0.1340549772542701	-0.08266935763868474	-0.07431910021402102	-0.09575498135627813	-0.17778048197686827	-0.13257888423899608	-0.17000850638615397	-0.15909900915695355	-0.1332643899693164	-0.13553221277324132	-0.11239490304300441	-0.11086288821396391
KEGG_CYSTEINE_AND_METHIONINE_METABOLISM	0.1680763164624875	0.13858200397392292	0.15157080244558468	0.1412787570295952	0.13212211456492917	0.1545684537654179	0.13452228733250154	0.1980414826455008	0.15268803198815004	0.21275442919643103	0.18174178688287904	0.1967075178768942	0.1937759965109553
KEGG_CYTOKINE_CYTOKINE_RECEPTOR_INTERACTION	-0.18694055221606615	-0.2054018273665157	-0.15710958425654215	-0.18564794972414264	-0.18694358741483835	-0.19904284525250793	-0.19790909286399186	-0.2050467726857702	-0.19612345439281545	-0.191853099588708	-0.20592699921176089	-0.18874665395067441	-0.1840323120607097
KEGG_CYTOSOLIC_DNA_SENSING_PATHWAY	-0.07932056685776397	-0.09426887449044725	-0.06089687952259498	-0.08473094711306728	-0.07137518898988356	-0.08784653166627888	-0.09484305014176642	-0.09512634083927014	-0.08585339594948015	-0.0974717662130969	-0.08731777184548	-0.08187152652689424	-0.10799148880994482
KEGG_DILATED_CARDIOMYOPATHY	0.13771373924499156	0.10883765740543315	0.281273623091202	0.11598954026531243	0.11275845081262992	0.1163438561366806	0.11405001147632653	0.08375528234776551	0.08437629629915915	0.08659961118385322	0.08879694530530081	0.09209588927026441	0.11943141515935952
KEGG_DNA_REPLICATION	0.07559983011758199	0.1512183677013612	0.21435058052749376	0.24529049878853595	0.15267360071225072	0.21577509364565947	0.18194097247128782	0.21642263841325493	0.2302333946208077	0.23950356163045078	0.19769947228882742	0.23252042143773866	0.19179361653374644
KEGG_DORSO_VENTRAL_AXIS_FORMATION	0.23365360871667076	0.23380348961715453	0.18559484793928943	0.2294290819466227	0.16740893263925408	0.17314776961981368	0.18193387396847588	0.15020507120478035	0.17221725274839922	0.14800312723273681	0.18655239469459095	0.18234087389360756	0.16528951291467647
KEGG_DRUG_METABOLISM_CYTOCHROME_P450	-0.23158074836676487	-0.23868738764369818	-0.23182447691052396	-0.2545742164041527	-0.23758231597077845	-0.23572989827935945	-0.25442206511586246	-0.23948188816606747	-0.24261863731995756	-0.25136097942228464	-0.2684959424415035	-0.24981378139024105	-0.23131827690404927
KEGG_DRUG_METABOLISM_OTHER_ENZYMES	-0.16380980089950858	-0.12685904956181157	-0.16189358571837098	-0.13766186451258003	-0.11151584287139502	-0.14152586620226382	-0.1724977034436304	-0.15151403916154063	-0.12450359508572456	-0.1631943760741286	-0.1568230488683018	-0.13829864059364755	-0.17756571181236358
KEGG_ECM_RECEPTOR_INTERACTION	0.12863881004125927	0.12347464843796334	0.24783107980958702	0.1959610380519558	0.17643879689908712	0.1595529382106761	0.1391563926240865	0.09545095332259323	0.12920879781932265	0.146647799353864	0.12419458204381766	0.14191965146278057	0.15883921721007993
KEGG_ENDOCYTOSIS	0.24769101843807076	0.25728055925780613	0.23347500639372856	0.23637485317117088	0.2074392958223165	0.2104738316636265	0.2098136245494837	0.20851310679508836	0.2266693470304711	0.20436385559544717	0.2170399794272779	0.2214931356394961	0.2118501741770283
KEGG_ENDOMETRIAL_CANCER	0.29653995882906253	0.3165119731376937	0.30747852691255334	0.30845887721282983	0.2782736364123253	0.30567603417315714	0.2984306443850087	0.30823702484583687	0.2793671589610067	0.2900179566288055	0.31636561212615444	0.29932613883131176	0.2914944012989961
KEGG_EPITHELIAL_CELL_SIGNALING_IN_HELICOBACTER_PYLORI_INFECTION	0.20081972166679427	0.20833860316571165	0.1789469851576923	0.1936699660086226	0.1897150388330534	0.18852001666554216	0.19741933826400201	0.18557715835361735	0.1923055599240674	0.1828508283350512	0.18989238141367001	0.19466784753163355	0.19681448041499944
KEGG_ERBB_SIGNALING_PATHWAY	0.23235300191498467	0.2699727780230757	0.24013886249194172	0.2219643882111725	0.1936982977466305	0.2064159035534348	0.22899262254386296	0.2170009513970058	0.2001302765819491	0.20271630168586924	0.23470101324549728	0.21683485712691805	0.2215280390970278
KEGG_ETHER_LIPID_METABOLISM	-0.0014988311556077103	-0.015053957234943365	-0.043667814623364415	-0.02962531318028746	-0.059128814773419344	-0.040896815242556825	-0.0035633831524806174	-0.0216515968946912	-0.04713652581856777	-0.03535611583916531	-0.026225432664220276	-0.01771927915151417	-0.0073563338870165865
KEGG_FATTY_ACID_METABOLISM	0.1677066414157812	0.15740801283323796	0.11352963334970352	0.12145870175752042	0.11838494620083036	0.1303263315963509	0.14101869152695992	0.14098475955704726	0.11532990440970671	0.1382814897107196	0.12687671917889756	0.14646228816606957	0.1630473207194037
KEGG_FC_EPSILON_RI_SIGNALING_PATHWAY	0.09705571877816539	0.11102377898521594	0.07783960162807672	0.09622430589785225	0.08559462150153885	0.08159253444974474	0.09776134834854898	0.10032796528364762	0.07832737002693813	0.0860962941668473	0.10422827636989994	0.09281980673280096	0.08428194008286977
KEGG_FC_GAMMA_R_MEDIATED_PHAGOCYTOSIS	0.20726941124003498	0.228170462600114	0.19780390641628873	0.20511285798710038	0.17135086684244794	0.1812135901787609	0.19210528062611806	0.19344695989093869	0.18275173099741096	0.1824698398095643	0.1997540594756823	0.1985744210584787	0.18241124630138905
KEGG_FOCAL_ADHESION	0.20223182077603757	0.20670777383187944	0.295048762492913	0.2234293574360807	0.2111757331278158	0.20524130936465768	0.20339669630848864	0.18465319480892198	0.19008526886297228	0.1974229238581291	0.19433842222467354	0.2002007332518064	0.2175247211130996
KEGG_FOLATE_BIOSYNTHESIS	-0.08126442136811016	-0.04303003925394763	0.02618507253639592	0.05094339515690979	0.03715707228836454	0.07962822983473025	0.03952075818954679	0.0502538367756829	0.0959490802046281	0.07966301126996032	0.08158609516788007	0.10721794783996232	0.038169439385140634
KEGG_FRUCTOSE_AND_MANNOSE_METABOLISM	0.1852289190262122	0.2072412683653302	0.15625528033732225	0.15724296822071193	0.14024829156785207	0.16491087058344606	0.1664424040203531	0.1568372283818353	0.16562109734717687	0.15959133067302755	0.13431460946990847	0.16641482311496705	0.17830418653291122
KEGG_GALACTOSE_METABOLISM	0.10657004434557998	0.1548000898838422	0.169364108384241	0.1443519761561748	0.10710298773122802	0.1509256103034437	0.11702329552404868	0.11613935446627838	0.15396418583120114	0.11740085469149653	0.09015319373112296	0.12559865014485574	0.13061697964214258
KEGG_GAP_JUNCTION	0.1926668129391631	0.20167157142236022	0.1829081151538789	0.185814231091342	0.15419732022010896	0.16816018266398405	0.19093175136246934	0.1830770234278189	0.16848229053319286	0.1801925672649358	0.1956991079313738	0.1925965645256437	0.21228296086294346
KEGG_GLIOMA	0.2311747379486778	0.2381974497156355	0.2565478258190436	0.24149585327781029	0.21131720062366938	0.2278367189469356	0.25354642987354087	0.23873136022784172	0.2082793069888166	0.23611633427249762	0.25177176532662054	0.24526395386230648	0.25213204950356793
KEGG_GLUTATHIONE_METABOLISM	0.08543829643720692	0.10851894740484609	0.09282137568268826	0.1103736168606393	0.05519213187866403	0.10677977189766416	0.08274751849284943	0.11741050624962696	0.11036718368649769	0.09284656157317685	0.06996634925951534	0.10684761645033107	0.1034988930799862
KEGG_GLYCEROLIPID_METABOLISM	0.1184418564341603	0.12343630469091645	0.09435770957594085	0.10062230656023462	0.08898624942702937	0.08671346472074111	0.08119382048123733	0.08971358825608573	0.09539293332866633	0.09063977859563956	0.08781749500877442	0.11311750162851013	0.1174947301753964
KEGG_GLYCEROPHOSPHOLIPID_METABOLISM	0.08351397957662175	0.11930433621095735	0.07677436833546326	0.07626916705725621	0.0677354086126917	0.06440508101182031	0.05946735909786702	0.06576980964342717	0.06737060504989056	0.06860600604266431	0.07206344627977915	0.07537512055592357	0.07823078180665685
KEGG_GLYCINE_SERINE_AND_THREONINE_METABOLISM	0.03976860186246504	0.0024389459654325504	0.011039321800443761	-0.0268119660274097	0.018941981601162273	0.026550545402066455	-0.010110063646176382	0.03588502048333942	0.013617629206685912	0.043226096996849116	-0.03799124331702721	0.06255167995808028	0.06855421327552834
KEGG_GLYCOLYSIS_GLUCONEOGENESIS	0.1596396112265481	0.1521052014118405	0.14393159242815637	0.12916734962860413	0.09862963950448635	0.13514703703197403	0.12276325631548116	0.13755728989837204	0.14062920897970652	0.1382059228875585	0.12050166031136385	0.14523607598859628	0.1538792024344437
KEGG_GLYCOSAMINOGLYCAN_BIOSYNTHESIS_CHONDROITIN_SULFATE	0.18134590830982178	0.18311815993876177	0.196798769255559	0.1710084202987568	0.20562824918843248	0.19993967946002847	0.1731657016470757	0.20079674353940494	0.19895211180613548	0.1580872016528293	0.17902664457288586	0.1883298695021915	0.17132975126178576
KEGG_GLYCOSAMINOGLYCAN_BIOSYNTHESIS_HEPARAN_SULFATE	0.1609382625240739	0.1534025304160509	0.16080075486058595	0.11316370136472176	0.1179727863107182	0.1284510741416411	0.1353087019827652	0.16315427793284534	0.12549438049431938	0.14766625954969206	0.1290590766865739	0.17666395595701828	0.17606980625365748
KEGG_GLYCOSAMINOGLYCAN_BIOSYNTHESIS_KERATAN_SULFATE	0.13465882654383704	0.21350594132892203	0.10886309046190466	0.12485442353998089	0.10731349444994816	0.1710273454272987	0.14231966205595895	0.14933014714071985	0.1582229828321799	0.1276856073899212	0.09581775297468274	0.14310913084255122	0.1677503930827132
KEGG_GLYCOSAMINOGLYCAN_DEGRADATION	0.09137967573970114	0.09169039159870253	0.11003068413464975	0.1027616064634391	0.18621817953732192	0.15272584396200134	0.09754460655153951	0.13385659392720917	0.1303179157877299	0.10261938186850862	0.09280868209444469	0.14410218632680682	0.12178642802166093
KEGG_GLYCOSPHINGOLIPID_BIOSYNTHESIS_GANGLIO_SERIES	0.15450767059524353	0.20236808820466168	0.13345172664667368	0.15131308353647194	0.14747042396706916	0.18821891862528725	0.18493616824464415	0.16190538979275054	0.16952460263949123	0.1446805023189938	0.15628839193793378	0.13333086924029366	0.1644082274159948
KEGG_GLYCOSPHINGOLIPID_BIOSYNTHESIS_GLOBO_SERIES	0.101030834456414	0.07745103813419275	0.03597760118635182	0.07628133424914073	0.07299866066330873	0.09594288784044998	0.05272012491427273	0.08258256891344389	0.06567662944723483	0.10121350133427381	0.06614603730754123	0.041984189502715076	0.11805104153381918
KEGG_GLYCOSPHINGOLIPID_BIOSYNTHESIS_LACTO_AND_NEOLACTO_SERIES	-0.028200752339181935	-0.012299334906781156	-0.031603026345943246	-0.043789306776322895	-0.050908129532063556	-0.01218982480604407	-0.035933242695874945	-0.016099153254878956	-0.03584702164931552	-0.011387163702460304	-0.03764371132220976	-0.010263160132292653	0.018109063392036558
KEGG_GLYCOSYLPHOSPHATIDYLINOSITOL_GPI_ANCHOR_BIOSYNTHESIS	0.09663188118591205	0.10532952563885192	0.05785772126456108	0.13016631954799074	0.1281476409242364	0.1264399598536718	0.13076203718545693	0.14507723173263817	0.10907776933264088	0.15774741694321878	0.1300385839957224	0.12326437570446754	0.15851573687338413
KEGG_GLYOXYLATE_AND_DICARBOXYLATE_METABOLISM	0.16550803417989346	0.2151391896114593	0.24555529809487897	0.21744361730595413	0.2110777287022447	0.21082042445767152	0.18322734733515852	0.2184531528229006	0.2174709282956265	0.21190342773148776	0.18561787311865846	0.23132124170625337	0.2271966424568682
KEGG_GNRH_SIGNALING_PATHWAY	0.1616571800777891	0.17729433726609656	0.14671555448608878	0.15869032899249116	0.16729310160694008	0.16046793510994906	0.1778674596198039	0.15704713212339888	0.16414415146450462	0.1445719838116711	0.175502625360582	0.15988888859249947	0.15615886132210346
KEGG_GRAFT_VERSUS_HOST_DISEASE	-0.08796729941035666	-0.12048357205391698	-0.11854772810840487	-0.09137547568122724	-0.14803464221863305	-0.265005423975241	-0.14750619013856445	-0.18555863736955097	-0.20975006044354763	-0.15271856047472315	-0.17715353210958842	-0.08168894700220593	-0.1562714885029322
KEGG_HEDGEHOG_SIGNALING_PATHWAY	0.025877408262454205	0.05358028713034709	0.05127426343357415	0.03141663176432541	0.03824132555000996	0.06242143666514563	0.061056299719021004	0.059973686697839555	0.05982159750997009	0.05220428224098497	0.08453762979110543	0.06789819607235961	0.0326123774832427
KEGG_HEMATOPOIETIC_CELL_LINEAGE	-0.16767845404998308	-0.2033496324825492	-0.11236154557935962	-0.15748707582197058	-0.18134182815876548	-0.2140919216952972	-0.1715299720044575	-0.19344597391915405	-0.22047440284887615	-0.18379647511292627	-0.18344766884803115	-0.18272249903532495	-0.17673221547941312
KEGG_HISTIDINE_METABOLISM	0.02571381001644295	-0.06709816381113057	-0.04871425826355179	-0.06967051630136573	-0.029615468260653383	-0.0314989124770512	-0.0058278307082352265	-0.021762413252873522	-0.06383512751931783	-0.028468819003667947	-0.049000645493793335	-0.004943732506634007	0.002125344265952365
KEGG_HOMOLOGOUS_RECOMBINATION	0.021908653956772463	0.06924649116688006	0.12213603384743452	0.1381322182763737	0.11628154291914473	0.10905863322119172	0.09534593044128846	0.12006626814940573	0.1223758332227453	0.14198174448970827	0.08563164750161367	0.12476324139438462	0.10145008372963539
KEGG_HUNTINGTONS_DISEASE	0.2227361939992658	0.28180433520964493	0.2704194192356342	0.24610476243772061	0.2075912435627816	0.24311857519437666	0.22419823646786805	0.2429639389350624	0.24405753686734033	0.23943475972456563	0.22998220398606567	0.25196785332388894	0.25144092842491345
KEGG_HYPERTROPHIC_CARDIOMYOPATHY_HCM	0.11276124006287576	0.08544258070257539	0.28595326697935786	0.09236775191847758	0.0932672236966349	0.09737266595654188	0.10221989711630934	0.07172585342445237	0.0600350935025336	0.07733071039997362	0.07327312665536763	0.0742286813125916	0.11398625767727665
KEGG_INOSITOL_PHOSPHATE_METABOLISM	0.21701093191879356	0.22995766662667225	0.19771659916042744	0.17222360634630465	0.16696862664887224	0.18066122001109247	0.1896231661439546	0.17109090632242688	0.18777663127797004	0.16607776699024934	0.1602476804809996	0.18117286538136707	0.18924472767006018
KEGG_INSULIN_SIGNALING_PATHWAY	0.24607723550636282	0.24420239146802328	0.2531248559582736	0.21465705253371078	0.2001259799411765	0.21251638009034862	0.22088893732532205	0.21982179868364882	0.2014208014137123	0.2083149237410878	0.2230243907402259	0.2140821703340391	0.2186410528953943
KEGG_INTESTINAL_IMMUNE_NETWORK_FOR_IGA_PRODUCTION	-0.15899058432251278	-0.17850402064849696	-0.11716068540941198	-0.14661452935595523	-0.16621342349438073	-0.22395962246951145	-0.15702990787984775	-0.18853415491396364	-0.19976750373130708	-0.18286247530089372	-0.2029823564624942	-0.13064179790140845	-0.18545048066294917
KEGG_JAK_STAT_SIGNALING_PATHWAY	-0.02504438692241362	-0.021697192801499322	-0.028925007683935827	-0.026245078968277446	-0.038227857023530785	-0.04031931010438817	-0.02885133526953811	-0.030840273447136836	-0.054924839812271954	-0.035839928754058815	-0.04295211592209814	-0.034882132541278976	-0.030211612839641425
KEGG_LEISHMANIA_INFECTION	0.08494579638736761	0.04707831000295983	0.09855182624319928	0.0619121776153438	0.026035180020902278	-0.009762374057124296	0.04264842330249804	0.01952725609742389	0.01836011536663771	0.02353528060981782	0.04631968763791707	0.07020898312968116	0.019827295235461465
KEGG_LEUKOCYTE_TRANSENDOTHELIAL_MIGRATION	0.1270956517953096	0.11997847783262837	0.16153057887293934	0.1254225147170783	0.11085351246877059	0.10280911790053747	0.10472630458863845	0.10070115252759726	0.09538674980689557	0.0954317521038635	0.108482160004104	0.10571746627270312	0.10438698092110733
KEGG_LIMONENE_AND_PINENE_DEGRADATION	0.31070753850483424	0.25796470602003085	0.2121196011647446	0.24336620168721707	0.19439365661406818	0.276401972604548	0.2593936776451781	0.29596026356004007	0.2396954790318493	0.2910223326589428	0.2605683269025167	0.291787631695303	0.3109877977862708
KEGG_LINOLEIC_ACID_METABOLISM	-0.29571358385491353	-0.2926202303398766	-0.2979753649265333	-0.33582588586612994	-0.2887388844065437	-0.3108078296951753	-0.3008237374240833	-0.3061313810516339	-0.3118097860528932	-0.31600116118093335	-0.30734324331958873	-0.3301334088748687	-0.2977948175887653
KEGG_LONG_TERM_DEPRESSION	0.14353885422800927	0.15447015649736934	0.11270428470728454	0.11659912918786464	0.09243346548687464	0.10030599339926073	0.1561180788507008	0.12660325641897893	0.1169817756888888	0.11092950673386542	0.1605744260181359	0.12353861911390061	0.15642135535715007
KEGG_LONG_TERM_POTENTIATION	0.24002049019844185	0.2723708924486795	0.17794563346080405	0.21111080398562185	0.18485727078145725	0.20396118562280838	0.24255219690430196	0.2309211757972834	0.19717895066030136	0.21011052304396824	0.22726967281252114	0.21178816572312006	0.248557530037338
KEGG_LYSINE_DEGRADATION	0.26712071897407386	0.27150686146468717	0.2761110896800951	0.2702056917750726	0.26861521174864134	0.2921425755424581	0.28559779816642233	0.28260556298276424	0.2623247228645452	0.27430530816826365	0.28275197012998954	0.2885578371734861	0.27405201760878645
KEGG_LYSOSOME	0.19894732414887722	0.1975781922397278	0.1906272390902562	0.20463336871369878	0.2054025073119956	0.20471774914503962	0.17935211706556112	0.1931948665493311	0.19584519724398508	0.18619965768535193	0.19278807349566052	0.20990797063721517	0.19583963552927486
KEGG_MAPK_SIGNALING_PATHWAY	0.1571413892801322	0.1622575683196301	0.1637191803173445	0.13623860187357825	0.14109939278285938	0.14490617129234573	0.15468767981196477	0.14215518641264466	0.13859011946756453	0.1251981398190581	0.14734107274162217	0.14057413878344402	0.14208301610966334
KEGG_MATURITY_ONSET_DIABETES_OF_THE_YOUNG	-0.2933365802362306	-0.25541024466476614	-0.2080608122692391	-0.2335669585531737	-0.2117057712633751	-0.2070642582469675	-0.1969074494502509	-0.22911488501074806	-0.203781127536035	-0.23926210950850932	-0.15995411572096116	-0.23372278370879807	-0.24477437845283334
KEGG_MELANOGENESIS	0.140377486800569	0.16418110138844438	0.12430683561245126	0.14508806884992365	0.1281558343314824	0.15829058631981513	0.15832334650171728	0.14599668387006734	0.1545154964479293	0.13898761856593542	0.17575833426725118	0.15212866118608948	0.15186926105071882
KEGG_MELANOMA	0.09764486573442104	0.0863128796360264	0.14517550025742684	0.10616066574772325	0.08854218081932826	0.11618225617051026	0.11671919140146375	0.1305761202760036	0.08225592717983725	0.11997685417821206	0.104932779646086	0.13013569952761148	0.15382701012362848
KEGG_METABOLISM_OF_XENOBIOTICS_BY_CYTOCHROME_P450	-0.21511896246511056	-0.2191416621961338	-0.22801113334726125	-0.23106760063523973	-0.23534717689094822	-0.24215038841951966	-0.2582350716888687	-0.2405181424405786	-0.23107892762223245	-0.2495201758607872	-0.26300993233209535	-0.24503843574539746	-0.2228237445200428
KEGG_MISMATCH_REPAIR	0.10263909012004271	0.1768301696055545	0.18382997723209	0.2222413490221781	0.1621804228966151	0.19831556655142518	0.18969145900747952	0.21814430564704698	0.20751679601006778	0.23968883481788023	0.17716517076482285	0.21736471810317742	0.20625756798276615
KEGG_MTOR_SIGNALING_PATHWAY	0.29371179925261903	0.3058825914393327	0.2608676962426466	0.26301536702384576	0.2533948406628322	0.2540164945582996	0.2717830659603478	0.26798708365428725	0.24149743608894297	0.25086972267706403	0.25922313635859834	0.24794506258420948	0.26302950895161564
KEGG_N_GLYCAN_BIOSYNTHESIS	0.2196987473535233	0.22294196135123776	0.2029948151783432	0.25427288714982577	0.19926911719864246	0.250853587919492	0.22997242540187565	0.2630586232080791	0.2530079491340512	0.2660114470249075	0.2354317998459325	0.24233850142725347	0.25093592766933276
KEGG_NATURAL_KILLER_CELL_MEDIATED_CYTOTOXICITY	0.008249395162339019	0.005224735244511631	0.0044608026531733815	-0.0012720780581300503	-0.02627532018176863	-0.04742309808659853	-0.028926133130823702	-0.03233159729237806	-0.03876043228266864	-0.027977832387915676	-0.01185287644379382	-0.01422308643085147	-0.028955769465342476
KEGG_NEUROACTIVE_LIGAND_RECEPTOR_INTERACTION	-0.1625512303232546	-0.18698258675791973	-0.1852537435090749	-0.18710643008323122	-0.19673086623193353	-0.17800546204121928	-0.1581599046858025	-0.18175365548645514	-0.1722168751723373	-0.18428604933221207	-0.20713818761393157	-0.17716235521976192	-0.15450039859248613
KEGG_NEUROTROPHIN_SIGNALING_PATHWAY	0.2785393149133067	0.2870346668492406	0.27034541557912084	0.2592049291924568	0.23563934552114585	0.2512762379173193	0.275414203345569	0.2648268104392116	0.2426599735586148	0.2413339991069771	0.27468497225762617	0.26089484046381173	0.2523320619816148
KEGG_NICOTINATE_AND_NICOTINAMIDE_METABOLISM	5.243836040010465e-4	-0.004959399163578304	0.05553714309170906	0.015255082877633148	0.018782652280602868	0.023970806126304194	0.016248308004825317	0.038600469377403204	0.006305498552524551	0.047675759132659715	0.046946504276293904	0.025811703823491867	0.05186161683752183
KEGG_NITROGEN_METABOLISM	-0.009138362969454087	-0.0442490527231347	-0.08720425242707458	-0.05917303473714157	-0.04014039867192172	-0.03884346468047412	-0.03961494482349942	-0.03106732692525682	0.008435022262055577	-0.021095552512721168	-0.0779149429507543	-0.021091088860166654	0.010526614509399035
KEGG_NOD_LIKE_RECEPTOR_SIGNALING_PATHWAY	0.06362041125530835	0.0461169793307934	0.06797342005286403	0.037650603971411754	0.06330044323645453	0.037547512611847536	0.05387923728574224	0.045781675555694075	0.049360448817398976	0.04894949336074171	0.0528240134580746	0.043039945298078065	0.04575182384611089
KEGG_NON_HOMOLOGOUS_END_JOINING	0.17549877886003978	0.170856484390582	0.20274731591676326	0.19798194366307822	0.22287488599257727	0.19958373135653884	0.20036470982449212	0.21877411827411136	0.19757195162486335	0.22844986078501628	0.19731039210377674	0.2068288384669922	0.2194545670997662
KEGG_NON_SMALL_CELL_LUNG_CANCER	0.23413646636464558	0.24798623746457613	0.24401687688143112	0.23428258878747474	0.19895361330057038	0.2205223899742543	0.23191268697451453	0.23352677603362276	0.2082772236933263	0.22293612373297084	0.258475678497109	0.2373864595385846	0.21737955622141442
KEGG_NOTCH_SIGNALING_PATHWAY	0.2847945584374131	0.2548735118145048	0.28954946573997786	0.2764095149718653	0.26867321934286437	0.26865243516703713	0.2353529677847547	0.23988638916436766	0.28061647432060016	0.23254835168237573	0.27000512858182396	0.27008079074095764	0.24149938663571005
KEGG_NUCLEOTIDE_EXCISION_REPAIR	0.13334575926363965	0.16739340114230108	0.18913527768681104	0.18742942475991217	0.17767706360075686	0.17674562671865043	0.17507102236150815	0.18909607047942648	0.17472679837893598	0.20285178187979439	0.17028704673292488	0.1824715770329041	0.17303355481888605
KEGG_O_GLYCAN_BIOSYNTHESIS	0.07430017261153418	0.08565992384315668	-0.0337270213565933	0.09157538683677541	0.09445109452604168	0.10721453108318255	0.11870243878146228	0.09323043462355468	0.10207998378761668	0.11123042776234246	0.04135991084436134	0.10222246250824497	0.13316145553790018
KEGG_OLFACTORY_TRANSDUCTION	-0.4472082999046795	-0.42804552472349305	-0.46457837336020835	-0.44442975015207087	-0.4382483091552872	-0.45609072659068217	-0.45787205847809825	-0.4594251067397745	-0.4634307807542713	-0.4626075346327628	-0.4568345878294932	-0.4399923737694895	-0.4647913541963908
KEGG_ONE_CARBON_POOL_BY_FOLATE	0.1452349785616889	0.15368345193730604	0.21400096688175652	0.18969200872115888	0.18953358845114449	0.20171327509905362	0.174921598104121	0.21642095091040775	0.21268635591791324	0.19009453436054013	0.15853771417271553	0.24636380278165365	0.2140062760242983
KEGG_OOCYTE_MEIOSIS	0.1826194342399319	0.19446969706890058	0.20179817429062546	0.21199788555149404	0.15737868915245895	0.19106339769867292	0.19710199995445404	0.20540190310801454	0.1945119378135461	0.2062850944709192	0.19864775178756153	0.1989465619531892	0.19739043564985786
KEGG_OTHER_GLYCAN_DEGRADATION	0.09354870025381863	0.08975173947232347	0.1315801790305133	0.10957152794214037	0.1290587474896985	0.13899177410664765	0.05989987860970599	0.08298181891923213	0.1256037411173578	0.08653825849833072	0.07275228675223545	0.09559261080633018	0.09232473017979614
KEGG_OXIDATIVE_PHOSPHORYLATION	0.2305367548378436	0.2879184468798912	0.28253147957194163	0.24369440842348664	0.19610949233248123	0.2388509749012216	0.22067257491927567	0.24222842831143562	0.23540604141018848	0.23346181942222638	0.21909520714181974	0.24802759577511604	0.2520262303734364
KEGG_P53_SIGNALING_PATHWAY	0.10503920416603009	0.12023342401471061	0.19936727472275678	0.18185368785597722	0.15223786934635253	0.14780268103809127	0.14722315434861788	0.16443742387332247	0.16877518667441355	0.17847711116355625	0.1467281179694925	0.1670122679540293	0.16544514189529433
KEGG_PANCREATIC_CANCER	0.2361759893781125	0.24489337701013944	0.2717601066881667	0.24034357507489404	0.20766147401576868	0.2359528729326481	0.22600814878961617	0.23176527011031312	0.2259219247716526	0.23346953782418076	0.2398218252902836	0.2404646093433715	0.23112326884246415
KEGG_PANTOTHENATE_AND_COA_BIOSYNTHESIS	-0.026173600376567106	-0.027318160786338537	0.06705402748720588	-0.0024392944535099386	0.027323914060327765	5.260115087772645e-4	0.022929666026655204	0.005608271582668402	-0.020500704366605112	0.024007632426446268	0.013505195359582627	0.0034417063885637997	0.032573066224035295
KEGG_PARKINSONS_DISEASE	0.2408412319235697	0.3035706682959571	0.3096022018768164	0.2528385683238322	0.19377765141734038	0.2432713622271022	0.23091098429775522	0.24823908992419488	0.2412255473589696	0.2439577810483402	0.24163135517132445	0.26187827908835803	0.26508788949552026
KEGG_PATHOGENIC_ESCHERICHIA_COLI_INFECTION	0.26807116983102786	0.2773302955013401	0.28931909377678194	0.26769496085528505	0.2151440410344367	0.23142316916866523	0.2455375899704592	0.250837159174331	0.24667023408527475	0.264108266120976	0.2641826882000987	0.2633229016727468	0.25640128539178475
KEGG_PATHWAYS_IN_CANCER	0.16425090049877647	0.16189830153196677	0.20793882369870365	0.1745595525212529	0.15579594505804414	0.17750207390715703	0.16909986713281458	0.17054974876245554	0.16313331498610303	0.17197687824088062	0.1812026794961596	0.17748765026951177	0.17262029503451934
KEGG_PENTOSE_AND_GLUCURONATE_INTERCONVERSIONS	-0.19912619109130927	-0.19577988396404375	-0.19495361799035185	-0.20108740561418	-0.20183536978860042	-0.2093732822260769	-0.22657204592677743	-0.19660468907555143	-0.18305507910876423	-0.1934317884126466	-0.2172624253037121	-0.1943543331113723	-0.20327116843122825
KEGG_PENTOSE_PHOSPHATE_PATHWAY	0.15311282534002385	0.18050570223682597	0.14963873985661855	0.15962506226924592	0.12086767129502606	0.16563494929122463	0.15685479383048856	0.16561558235242538	0.1719040726618047	0.15129947456101098	0.14419426530484042	0.1722294944716474	0.17762876581806578
KEGG_PEROXISOME	0.12795533362957173	0.11828891566928233	0.10204963893764146	0.09656222910152724	0.09590092706514299	0.11427027852115626	0.1063262879506019	0.1197243018822128	0.09546091464307256	0.11482459866902921	0.10734755295696517	0.10800387313563925	0.1426038991818574
KEGG_PHENYLALANINE_METABOLISM	-0.0032939242110845836	-0.07039931724281888	0.0075291933308936	-0.07558920209829559	-0.06002818931399763	-0.040371706925872525	-0.0640698369997446	-0.0358423732736796	-0.07498456570078611	-0.044147126167894936	-0.08096176901117685	-0.043032754193987804	-0.008026481872063217
KEGG_PHOSPHATIDYLINOSITOL_SIGNALING_SYSTEM	0.20730179369022672	0.23298904995034816	0.1664623384528335	0.1700702668775458	0.17931135120921224	0.15749715044482043	0.17808742493930363	0.1656630837382209	0.16213413392748388	0.1538649791536781	0.1795892634105175	0.17745034808067425	0.18545732977519744
KEGG_PORPHYRIN_AND_CHLOROPHYLL_METABOLISM	-0.08992617044848288	-0.10198975905396401	-0.05549841378778331	-0.07902605526271723	-0.0643554081903126	-0.08273288542924759	-0.12245030341305657	-0.0990341692636393	-0.05954699065807303	-0.08992153248354659	-0.10982056550742442	-0.07197235077445449	-0.0903195462950163
KEGG_PPAR_SIGNALING_PATHWAY	0.08811145784821146	0.021530178507290994	0.04420000510856567	0.005148787234659696	0.025640745643879033	0.024098845376798586	0.028135918203239022	0.00782397771183799	0.019981709388758175	0.014064717355115046	0.017893543761537907	0.03356883868987937	0.06273570832401026
KEGG_PRIMARY_BILE_ACID_BIOSYNTHESIS	-0.06275007530193184	-0.1042650333698878	-0.14369034704797717	-0.1396811785939887	-0.09997809903981483	-0.07467709399164034	-0.06894651589426022	-0.06753798525052339	-0.0924728836567142	-0.08607700932506318	-0.08646295114067273	-0.10565587394612379	-0.05030273994771327
KEGG_PRIMARY_IMMUNODEFICIENCY	-0.16505114677991475	-0.16217680799729636	-0.1687353670390621	-0.14982599506746425	-0.17688918684881672	-0.21201146167796348	-0.20798737653580282	-0.2022374212508389	-0.18180458176141867	-0.20098393199992234	-0.21028781441808228	-0.1889741133107982	-0.20743979382854255
KEGG_PRION_DISEASES	0.1717157442516531	0.17998783275679067	0.2208531843195283	0.20097044103692338	0.14580785587956963	0.1517231623225543	0.16202595580359183	0.1544820587675068	0.1706251821634504	0.16581206508316157	0.19612698892459648	0.19179627667371604	0.1436308345041657
KEGG_PROGESTERONE_MEDIATED_OOCYTE_MATURATION	0.16687219450423732	0.19479188260336067	0.17974227607806387	0.21594771207080302	0.16643376295754952	0.18472104875820253	0.1940441777587221	0.1977642460838767	0.18331935549036862	0.19522425778903724	0.19237493923492904	0.19350057888568198	0.18119060238277046
KEGG_PROPANOATE_METABOLISM	0.22363686773483965	0.2086429019735025	0.17485825974853672	0.15711641431179021	0.15901769951567193	0.1822477860979877	0.14829439292971935	0.18454406241878918	0.15361866581867922	0.18771231396076224	0.16103521111228913	0.18418628911146281	0.20557224194673296
KEGG_PROSTATE_CANCER	0.23117607755407027	0.23170498007719142	0.25928252649535594	0.24550449978401925	0.2308339296247278	0.2562341635140532	0.24190698715448739	0.25130088284718105	0.23349255217757398	0.2486089861071373	0.2412944259681034	0.25148955583784943	0.24935414775941092
KEGG_PROTEASOME	0.22204859546416042	0.24606206433116573	0.30368348860730443	0.2748195637933507	0.18994820841282395	0.23940682218339826	0.22046819161487805	0.26698145041227267	0.23079984755626112	0.2656211232210657	0.23779337091263175	0.2655943376453528	0.2725719878952615
KEGG_PROTEIN_EXPORT	0.2780973895012915	0.2641834126613889	0.24666313189880223	0.2930555272566551	0.20325368283015385	0.27488147381187467	0.29022489060494067	0.33080998550598717	0.27225310501662386	0.33994718862288426	0.3175944413943025	0.2967448942877364	0.3296152477049681
KEGG_PROXIMAL_TUBULE_BICARBONATE_RECLAMATION	0.2138313392395494	0.14161325567759925	0.11323883658889042	0.15432560788075292	0.13250802036901496	0.15832729795941283	0.17198227149264286	0.137048017357595	0.1558110545217191	0.13126595923260637	0.15003102701036775	0.1887113599872109	0.21308214379162255
KEGG_PURINE_METABOLISM	0.09662839718740834	0.09009325197924305	0.10854234790399622	0.1114213189901474	0.09169863254000708	0.10977452852174165	0.09449299823297	0.10748845737153212	0.10988783553720956	0.10702783488255171	0.08106518065500698	0.11151818633799475	0.1062997745375397
KEGG_PYRIMIDINE_METABOLISM	0.10406925553177981	0.12250164593724627	0.1568831015356437	0.15678712390242555	0.1370919038209547	0.1544235668473093	0.1211853948552564	0.14938328407546053	0.15869521198080208	0.14857644934601813	0.13943032681135342	0.15837614759459523	0.13593708655714157
KEGG_PYRUVATE_METABOLISM	0.1954852284149207	0.17601765634848152	0.15560722909869815	0.14138341848506314	0.13420883421810884	0.16137840040804347	0.12528619563884877	0.16206741902928515	0.1438207627969655	0.15480098264874487	0.15048752859610753	0.15808483006589377	0.16748804031522277
KEGG_REGULATION_OF_ACTIN_CYTOSKELETON	0.17351342635334713	0.1859354044980154	0.2331588149862969	0.18658964009555648	0.15407615160448887	0.17578832940195535	0.1698492716316108	0.17324789596670342	0.16359570810338384	0.17332280900360836	0.1656565962051563	0.1806288507713394	0.18897441181874425
KEGG_REGULATION_OF_AUTOPHAGY	0.013796440597872373	0.007059224598612366	-0.020093545724098882	-0.01875736778782341	-0.03565363505873416	-0.05143696513091568	-0.021158289861290504	-0.03757169077746788	-0.05887618412178955	-0.016172683034134158	-0.028385927821585135	-0.03204891007127715	-0.015502448552337154
KEGG_RENAL_CELL_CARCINOMA	0.29359265026458875	0.3051266953804049	0.303680411145775	0.260385721430779	0.2178011423005282	0.2590650439831496	0.27385902525695993	0.26129072133076925	0.2497114110841548	0.25476676625314393	0.2719630162050892	0.2614482070916616	0.2681148740557748
KEGG_RENIN_ANGIOTENSIN_SYSTEM	-0.03128704892974279	-0.08388745201645269	0.0424649308910885	-0.06795609712221298	-0.0669291510979158	-0.06474732246483275	0.008656692892428678	-0.05535302536179837	-0.0752189823002531	-0.07386485999251678	-0.0754041271245113	-0.03996696318686529	-0.01149784726914611
KEGG_RETINOL_METABOLISM	-0.2517568111464303	-0.2790287507746547	-0.281502379261422	-0.29185782389741605	-0.25097540268120916	-0.2828490609497053	-0.28302339782627867	-0.2776767501082062	-0.2792772146000964	-0.2855136942018063	-0.2978317161808717	-0.27688489119514903	-0.26582711821863936
KEGG_RIBOFLAVIN_METABOLISM	0.08372625692872117	0.07691008741360218	0.09728943734641159	0.06389149121541844	0.05291716421476497	0.04855471448919875	0.06065882521751336	0.0718489480835819	0.04606536571730387	0.11591000999321464	0.0711309123706496	0.06450950939832759	0.08474430493353592
KEGG_RIBOSOME	0.5065762814627691	0.49922916534080114	0.5352086458036093	0.519772155206144	0.5034747818081887	0.51952919865102	0.5075788204068742	0.5300089956050765	0.5232386316414005	0.5181215771123404	0.5135667861485962	0.5241514205589346	0.525110590318875
KEGG_RIG_I_LIKE_RECEPTOR_SIGNALING_PATHWAY	-0.004116860544734915	0.001698704957807513	0.00503806031098579	0.009682736059507542	0.013546888931270939	6.57417456677614e-4	-0.001776531690140261	-0.006954847791494657	0.0093366422954541	-0.006437282865777154	-0.01413630079527286	-0.0022044182959830966	-0.01809716924045843
KEGG_RNA_DEGRADATION	0.23468962378730687	0.23622674146718337	0.2519130022726121	0.24224637785771516	0.2139307710556894	0.22904704779625373	0.25290042249289674	0.2668733291953871	0.22821639385427267	0.27295307631412064	0.24887099954909023	0.24488437975085967	0.2609350568582962
KEGG_RNA_POLYMERASE	0.1977931373442131	0.22496334647147628	0.24500711817238882	0.21257870126465256	0.22562078986491554	0.2295233688236519	0.19696041550266863	0.21840459137796028	0.23336588888304283	0.20575297686191288	0.21651790485176217	0.2358653654333122	0.20887865983185167
KEGG_SELENOAMINO_ACID_METABOLISM	0.17581521710380651	0.16693776698090854	0.11046616415429017	0.14287464980687248	0.17883757967499625	0.15616879218305918	0.16589416629845938	0.18027408125366584	0.1588941966750056	0.159912567804646	0.15026870613185503	0.18133933361024282	0.15682512893426326
KEGG_SMALL_CELL_LUNG_CANCER	0.20139459649639416	0.18395223322772608	0.24841529181199126	0.22346488731194605	0.19596317574980127	0.2067938734270045	0.19380655191188456	0.20101034998998799	0.18879916848684042	0.2087074818194356	0.20728293548799787	0.1966154931459971	0.19711877121599328
KEGG_SNARE_INTERACTIONS_IN_VESICULAR_TRANSPORT	0.16188587376629285	0.20441758062489723	0.14054284395703215	0.14874100512592422	0.15437684725661843	0.14032370403813124	0.1495753717608587	0.1465489599715604	0.1456236691432836	0.13256820888231488	0.14554693191789325	0.13619480962162403	0.13342207352171642
KEGG_SPHINGOLIPID_METABOLISM	0.09624083534625046	0.09915531782560795	0.08299499431537193	0.08441854142413115	0.066289113635249	0.07031987015049031	0.09861687753971549	0.08682678505444147	0.06874274632259185	0.09611221776982995	0.06711874850380257	0.10681340457471877	0.12628583810437946
KEGG_SPLICEOSOME	0.3015283503021114	0.30305043238870805	0.341315736458644	0.3270015958466394	0.3110144636783132	0.3213389975054716	0.31585457394115074	0.32955116761068237	0.32134212441392485	0.3302549138345997	0.32429072013144083	0.3316446844485183	0.31352663039599965
KEGG_STARCH_AND_SUCROSE_METABOLISM	-0.07919351013674496	-0.07323521477330162	-0.043010258022403394	-0.10951788246855734	-0.08381315857853412	-0.08804538716595507	-0.07564893323950517	-0.08783934143086539	-0.10042314729656616	-0.07513207175845962	-0.0926112108145376	-0.08548797282427364	-0.07837797061059212
KEGG_STEROID_BIOSYNTHESIS	0.15364979214176622	0.12373469979028126	0.09484035703263169	0.13876199007888793	0.04712596564685388	0.10886601138119555	0.1514368478403825	0.15796662322279972	0.11624726851175884	0.1388711366170576	0.09670320690741005	0.15947175682518652	0.1550652953966361
KEGG_STEROID_HORMONE_BIOSYNTHESIS	-0.27559613428671287	-0.2684111822816373	-0.2993376014060524	-0.2697906784158254	-0.23436251051371187	-0.25412219579079437	-0.26814360863250625	-0.24198901309259763	-0.2758955782136339	-0.23840636981146468	-0.27276222407429074	-0.25662884599742036	-0.220254038084052
KEGG_SULFUR_METABOLISM	-0.036647183923532334	0.03271660804417762	-0.10462110660031695	-0.029979305253306325	0.056480898170613185	0.015480825024976526	-0.017997517311570007	-0.0027508658039167686	-0.051867647747405245	-0.020023092537360537	-0.06786362166011822	-0.02412709303547763	-0.01761946581713106
KEGG_SYSTEMIC_LUPUS_ERYTHEMATOSUS	-0.008639141340230283	-0.025877726327996647	-0.013796967173527087	0.018451473069053786	-0.04505242479730095	-0.1304621782912411	-0.025406564623268107	-0.057829286604942645	-0.09425193968999748	-0.03427202894411315	-0.078965136875296	0.019567314394942636	-0.0405987812227446
KEGG_T_CELL_RECEPTOR_SIGNALING_PATHWAY	0.12728872588599355	0.13741937997019454	0.12618202201132903	0.11079742452167612	0.09869659586919052	0.09910572075608234	0.11610406438523443	0.10990938280277993	0.10248829076604508	0.09619219584382646	0.12417836037890122	0.09973527505478079	0.08997336735547631
KEGG_TASTE_TRANSDUCTION	-0.10031137479718102	-0.07775704302100635	-0.15533839173031294	-0.09425767746746044	-0.0665660582016849	-0.08606404418037686	-0.07881247948600602	-0.10394956256379224	-0.09997860525256842	-0.11921874412721341	-0.098628959679680675	-0.11320414862681485	-0.10640325654567151
KEGG_TAURINE_AND_HYPOTAURINE_METABOLISM	-0.01807286303620205	-0.03859012471051564	-0.06802178098289251	0.05143107381176969	0.12164579330218615	0.052046057095611636	0.06056514204259999	0.052444256552519636	0.06945415267242608	0.028910753733009442	0.039527576647677046	0.05361563848898882	0.026859055037397578
KEGG_TERPENOID_BACKBONE_BIOSYNTHESIS	0.09625132598213794	0.1131132142097604	0.10730151056467131	0.08837272299163172	0.03100671845835545	0.07315432387841145	0.07950249874070549	0.0971205971592647	0.076791311875987	0.10515365014816616	0.0696480653524617	0.10968068395828746	0.09369727646034084
KEGG_TGF_BETA_SIGNALING_PATHWAY	0.18389850825357174	0.12459208311329542	0.22484340619659177	0.12665794305715	0.14255765209700155	0.14583006626992046	0.13771066809110405	0.12870948853831854	0.1491781018518937	0.1674957656542727	0.1625867034561146	0.16145865266187054	0.1629141107277201
KEGG_THYROID_CANCER	0.25495344464581343	0.23785076735497637	0.28413422544540373	0.2634650100400523	0.23282292048290584	0.2731713721736007	0.23550464208051378	0.26507333705551933	0.2693492965420678	0.23396076437535943	0.2617747235491293	0.26182586984647066	0.23852603976943004
KEGG_TIGHT_JUNCTION	0.16407906432531683	0.18336963827192737	0.2295849774891675	0.15901811561970267	0.14643531319767472	0.14987810344240451	0.15318730372727965	0.15538171214521648	0.15954660001761262	0.15402970808683086	0.16343700580377366	0.15834399851950762	0.16286975431062514
KEGG_TOLL_LIKE_RECEPTOR_SIGNALING_PATHWAY	0.03551902490036791	0.0309437006902601	0.024757060203892216	0.022423168677769136	0.023734112537091824	0.017825711995130375	0.033462218628900864	0.02205677093309651	0.006678905371654928	0.010076000624610082	0.03256906785489397	0.024441167186642392	0.009993561708586432
KEGG_TRYPTOPHAN_METABOLISM	0.022291323500360786	0.0022883395489311995	-0.013572808184144537	-0.0037198837972955865	0.013744605057794105	0.043208912295285944	0.025564206082722953	0.03284948710543962	0.004427226811510465	0.02475814989119705	-0.009748097737126768	0.025650144930549956	0.04736652075817052
KEGG_TYPE_I_DIABETES_MELLITUS	-0.01863264130564697	-0.03291025482746767	-0.06945852616698633	0.005236734924697853	-0.033839319923734	-0.11666270860532223	-0.032900778317558145	-0.0538985410897614	-0.0782072685186177	-0.03934570161879629	-0.06646314392583007	0.021757415835536312	-0.03217472274307968
KEGG_TYPE_II_DIABETES_MELLITUS	0.17067902545708358	0.21589646450943153	0.10609646784697849	0.1571798492927734	0.1689026245247133	0.1609624621529579	0.1720590364575059	0.16917450338033183	0.16003890116660163	0.14635173722591485	0.17041840731499108	0.15719618263980048	0.13975481875104026
KEGG_TYROSINE_METABOLISM	-0.0791467723511125	-0.06851739952382442	-0.06599448909738984	-0.08044467600635341	-0.04863813877264695	-0.062098112158560814	-0.06270219686095925	-0.06025920353731435	-0.08086910915613268	-0.07129757090827372	-0.08422946245888732	-0.05726768973296025	-0.04537742033693497
KEGG_UBIQUITIN_MEDIATED_PROTEOLYSIS	0.26783287505943354	0.2915677689024088	0.27595660849714737	0.27425665552125617	0.23362355433061727	0.25614062507374585	0.27618850012435087	0.28883846829510285	0.25584081721549234	0.2944332131390257	0.28670262574505806	0.27058345753077284	0.27716482858315594
KEGG_VALINE_LEUCINE_AND_ISOLEUCINE_BIOSYNTHESIS	0.15591618125368623	0.17460985294257195	0.23849457299624127	0.1471968216573738	0.13610535848877803	0.18451828576760446	0.1894515577246695	0.2036702230363588	0.12693806613718617	0.20489357243413728	0.20785713655896199	0.17659671806036334	0.2250588350654964
KEGG_VALINE_LEUCINE_AND_ISOLEUCINE_DEGRADATION	0.18144969047708323	0.17569817811027136	0.1656989744189744	0.1340043967199592	0.11381732999502844	0.16793887112867734	0.17615339999158042	0.19529575589078632	0.13663794222115672	0.18547160127735376	0.16380402411979697	0.1847425735790686	0.20423889027682207
KEGG_VASCULAR_SMOOTH_MUSCLE_CONTRACTION	0.11287234542557875	0.11252175362878397	0.13007641184226076	0.10492887040293547	0.10776051489368844	0.09594289891826242	0.12461170482456789	0.09762003949025956	0.09821824513139242	0.0875806081872706	0.11138504491508437	0.10171950726497557	0.11361661233798151
KEGG_VASOPRESSIN_REGULATED_WATER_REABSORPTION	0.3041422233171975	0.306937511156564	0.26972710241624404	0.2739590178806823	0.2545492542901076	0.2857708570425407	0.2933343416418738	0.29651281554034226	0.25370247280201735	0.2722675911719434	0.2804514290460151	0.2818157759458263	0.2857879431557038
KEGG_VEGF_SIGNALING_PATHWAY	0.16143862567616798	0.18305593338665027	0.1613122279122864	0.135251254269083	0.1293599935519102	0.1423045784437156	0.14140586977706374	0.13550278994645576	0.14131242638559174	0.12052821237129177	0.1528950225226198	0.13916366101664018	0.12724197867200585
KEGG_VIBRIO_CHOLERAE_INFECTION	0.24615040727173226	0.2627582883882003	0.2179831805153544	0.2468443498655143	0.21308549850640043	0.23773793343345281	0.23888658001759397	0.24498244435518765	0.2405066715391991	0.24503379522525814	0.2532687865106923	0.24915004029415952	0.2527394791784758
KEGG_VIRAL_MYOCARDITIS	0.10721730591579436	0.10907333775118849	0.201896354653635	0.1243990609448899	0.08745787135039024	0.029085226201031978	0.08949772936150016	0.07688795321502409	0.03882821890139414	0.09241004449630937	0.07232241231176431	0.1194456961846633	0.09973796076821544
KEGG_WNT_SIGNALING_PATHWAY	0.2126874640385628	0.20761079556239398	0.19329248501973767	0.2109114903205883	0.20433538603999238	0.22239976913692844	0.22304581506236032	0.22593760593949905	0.22329911359029386	0.23181120932721383	0.2397966010165164	0.2292095798504647	0.22921530534945544
