pathway_description	BS_8T7DZV2F	BS_BA6AZWB3	BS_AM70R8RG	BS_AMZ70B6F	BS_BPWEFR89	BS_BVSW4GTG	BS_8GW1TMV2	BS_3V3KE3VT	BS_3F5PR9GS	BS_81SP2HX4	BS_7C40TRCY	BS_7XQRH69M	BS_VT6C6N6K	BS_VPBMDMQX	BS_WH5HDE0A	BS_TW8DQH8J	BS_M15PW2N0	BS_J1AB8PMA	BS_RD4D5F9F	BS_R6WNEEE4	BS_RCC8BXVE
KEGG_ABC_TRANSPORTERS	0.08010076227611823	0.05959170432099473	-0.00975272503087242	-0.00205420068599046	0.031220544023384377	0.005221718649907979	0.04972545666307135	-0.036513004630963915	0.005170020738600089	-0.016107168543252132	0.008272741507072948	0.0371918342698161	0.008489625639416342	0.033945345476327354	-0.00968741453849581	0.034208333234373146	0.011023215372679415	0.059084274700379955	-0.00437529606451673	0.03885650472303801	0.026186268524542824
KEGG_ACUTE_MYELOID_LEUKEMIA	0.2769595214894295	0.24673142231619302	0.21111994748398707	0.2331164627815715	0.24965679725056214	0.2339748521547573	0.23528768839858571	0.23300298704398212	0.20855014768298724	0.21620023867409852	0.225711171484142	0.23142957448685963	0.24071007981119438	0.22508066551307895	0.2060063796539436	0.21228857769750703	0.2324597618377983	0.24492450762287887	0.23123724892171746	0.23410945241982653	0.2179106882199362
KEGG_ADHERENS_JUNCTION	0.33893629654971896	0.318318635801028	0.27272854902344035	0.2958675392856831	0.3018335552201465	0.30942909787980694	0.28501392802691844	0.3209731745177919	0.29368957608999524	0.3004515175526215	0.3090212469862052	0.29691251628177606	0.300417743793852	0.2749388208299911	0.2780294890266117	0.30291927690993764	0.2891817132106376	0.3252976344050706	0.30205770066892396	0.31055047699665217	0.2595184316260371
KEGG_ADIPOCYTOKINE_SIGNALING_PATHWAY	0.16514642093494883	0.16033293616660846	0.1080920969837149	0.13119625404126822	0.1422019379248967	0.12865469422737835	0.14634850772337568	0.10735252844719463	0.12588366661846767	0.1304717456322996	0.13262939880613128	0.1266372631279099	0.1279645308202284	0.13117828110243054	0.12820718023561467	0.13366656519605608	0.14745550853013775	0.13543148307897312	0.13434196077299962	0.13224601488076887	0.13864205132429117
KEGG_ALANINE_ASPARTATE_AND_GLUTAMATE_METABOLISM	0.09251853974718331	0.11168741114945828	0.08757175158703157	0.06426829013985544	0.08485776136623699	0.06348573220510749	0.10505028458450621	0.11008478622662285	0.07413690071395228	0.06451265363240867	0.06492977422086119	0.05326577850152352	0.08380654011945156	0.037461655316436505	0.08098241700886637	0.10805200453341282	0.05135390531974565	0.11437169617050066	0.05898082598912061	0.1005832999894102	0.11614994314014658
KEGG_ALDOSTERONE_REGULATED_SODIUM_REABSORPTION	0.12958692121124682	0.21684677128621313	0.1462266677440488	0.1573579471173159	0.18335047522623124	0.1659172520429717	0.15916384136078307	0.10225491698526012	0.1228859278948072	0.16867245997973543	0.15083864083794124	0.16304754233078791	0.13627406339489817	0.17690872610995864	0.16366419989512984	0.12235741139209216	0.17669806682682956	0.1638865575840866	0.18362266984448178	0.15713490844233832	0.19602947048632655
KEGG_ALLOGRAFT_REJECTION	0.076303416904352	-0.05629902683425684	-0.1749033592741486	-0.05645892076579037	-0.10503709638420544	-0.10286477691276019	0.009934321743012972	-0.1431168289048693	-0.17158220040040886	-0.09052572874906527	-0.008108828462545195	-0.10305742034944415	-0.03723433601159306	-0.05276725144033339	-0.18734983672116848	-0.0029174158759504116	-0.08331690351238213	0.015831167548968746	-0.047876177884770936	-0.06603981138561346	-0.10437862523460473
KEGG_ALPHA_LINOLENIC_ACID_METABOLISM	-0.10241466765644228	-0.11742891551486051	-0.1283134832355604	-0.13168486142690344	-0.12218308220850226	-0.11794632209294816	-0.11018451183350174	-0.15170330085217051	-0.1258989542424853	-0.13394429689654777	-0.13742421296845742	-0.12413274069707797	-0.1313496610508509	-0.10266412249694533	-0.12703600373926405	-0.11743128125521009	-0.09333148593464562	-0.12444820032558733	-0.12179465373637927	-0.1164243123487343	-0.1284333543704781
KEGG_ALZHEIMERS_DISEASE	0.2306638151736534	0.24229774413777605	0.2335268927770667	0.2533327886684667	0.23686778911552425	0.23302173886878033	0.23030084867993494	0.20527307049422933	0.22074137115078	0.2584189981168346	0.2326812760911466	0.2380823285818198	0.24235308599370775	0.23654535884559186	0.257931973621292	0.22872038044464782	0.21588284600570487	0.2330022621716776	0.24603084332242367	0.25568488655951244	0.2786502601867401
KEGG_AMINO_SUGAR_AND_NUCLEOTIDE_SUGAR_METABOLISM	0.18417223542280187	0.10644152366660425	0.10037101662416627	0.1122849982414141	0.11109644265820524	0.12441867592230749	0.14941483611686626	0.10918560627742728	0.11859022857711478	0.12122012391345112	0.11337959006874412	0.1163319288629954	0.14109120080926502	0.10800847162839747	0.1205641533770029	0.13474173064689654	0.12573618694261168	0.15909042650725502	0.1268675273746753	0.14001716479991239	0.10505161569503725
KEGG_AMINOACYL_TRNA_BIOSYNTHESIS	0.12298181648528986	0.0543344981319421	0.11405696416235092	0.10035000594633404	0.1023405680381274	0.09629570901983707	0.13723535392442412	0.15314840894370788	0.12447092415010391	0.09381241815640694	0.08192241833727604	0.10074850885908485	0.1255759242487414	0.10270444670766872	0.09040949767502934	0.1562927784289768	0.10331957044612619	0.0962327128391931	0.11179538570418904	0.14687813608436992	0.08447719036570077
KEGG_AMYOTROPHIC_LATERAL_SCLEROSIS_ALS	0.18079949295588596	0.22875329792121052	0.1934547871443095	0.20221811574052034	0.1760631921003398	0.20567627990674886	0.1822865794508882	0.1685094025532802	0.17753107388627723	0.20057436236245366	0.19683410589382785	0.2261090564886732	0.19155165661869275	0.22680288129725956	0.23697916282752973	0.14809686118164453	0.16669461374694264	0.17779466583260042	0.21203531887670174	0.196830462555496	0.21485035882689751
KEGG_ANTIGEN_PROCESSING_AND_PRESENTATION	0.15436467243391416	0.08583397248043804	0.006960483138215901	0.07905196707276994	0.07518282070470478	0.06753846858570224	0.12719039604929136	0.031510950270933556	0.01164049682818116	0.061825566753247144	0.0969072143526084	0.054970945387787816	0.09413868740903322	0.10304416869843701	0.019757387203364535	0.08742539073537163	0.06929378970395399	0.1374336111109833	0.1021322726943869	0.08384654870030439	0.05836085825354238
KEGG_APOPTOSIS	0.2244333280042953	0.13506162656939355	0.13504415957228655	0.15493781268117537	0.1328708598021525	0.14198432082154303	0.1440973672952728	0.09926104363487971	0.12398496914954742	0.12876371865791533	0.15188883102102274	0.15147770087346366	0.15010749769112672	0.13041157589221888	0.14409926609014925	0.12826940806332135	0.12800699511426752	0.16167441229875287	0.14101890741321516	0.13383685860024955	0.13585760112933595
KEGG_ARACHIDONIC_ACID_METABOLISM	-0.0891741872933605	-0.11420274514404638	-0.17662606676459666	-0.13432618500098256	-0.12163539036376746	-0.14068503302451127	-0.12926040324528038	-0.16970396901064502	-0.1715985720305418	-0.14124283611876376	-0.1327037040899801	-0.1462813819609654	-0.1439726159384472	-0.12462193631532902	-0.17872510282998605	-0.11329888800408755	-0.12390461479999741	-0.1274230913942803	-0.14044098315514153	-0.10621740963073532	-0.14217530597488193
KEGG_ARGININE_AND_PROLINE_METABOLISM	0.13400714144207185	0.12189755940869	0.04848742257644801	0.060923792522045245	0.07473531738213382	0.06149103881333141	0.09731987184381921	0.07665574854781783	0.03971507684542499	0.0675602392159761	0.05041217134518181	0.041431503047192564	0.04540072386855583	0.0547533039707404	0.055454708014331576	0.07086215375514662	0.05308591058853963	0.06870742399668893	0.06305318767143281	0.09169233641629826	0.09170416330301825
KEGG_ARRHYTHMOGENIC_RIGHT_VENTRICULAR_CARDIOMYOPATHY_ARVC	0.19333319295392268	0.1591944080903192	0.1013173265255602	0.13400817035541754	0.11703781050699776	0.13938700400234147	0.10533175923907949	0.12148925872093798	0.11592154553603762	0.1130377744511148	0.14527388767519675	0.1098427436636838	0.1297310403931575	0.12146870224001562	0.12320799668905676	0.09315692009914649	0.11529132786064873	0.14724751650491635	0.12346636384535109	0.12767507708077458	0.10153790658582924
KEGG_ASCORBATE_AND_ALDARATE_METABOLISM	-0.16563489240449988	-0.18526652239007016	-0.23554967414635086	-0.20984020041559084	-0.17810744943842655	-0.20811223401809856	-0.1726082899713946	-0.16663579619419142	-0.20519180299535555	-0.20058531948833375	-0.20930048989420957	-0.21707796012813432	-0.19944589090151377	-0.20088514220944373	-0.21993061116728288	-0.17832866664845273	-0.18813937954921933	-0.19493051646069504	-0.18684196982331308	-0.17230931713435338	-0.22601989892460406
KEGG_ASTHMA	-0.01661855976764869	-0.15977417768031138	-0.2746352160332845	-0.12844734273485817	-0.22338169289339635	-0.21113281030734812	-0.10135419123600453	-0.23431385015573175	-0.258868056524177	-0.18349069443845528	-0.09568667246676132	-0.19663672898907403	-0.1225318871530206	-0.1600191103835872	-0.3111385771357115	-0.09303167532072547	-0.17242072368582695	-0.08232078240657245	-0.1447518911847602	-0.15959842818520117	-0.20301071013758512
KEGG_AUTOIMMUNE_THYROID_DISEASE	-0.04685971871930123	-0.15299975483067624	-0.24212393264398135	-0.15692434344722517	-0.1738415834331534	-0.19530320998287726	-0.10006769005711608	-0.2278044143746033	-0.24345016170453043	-0.17950800675730316	-0.11324060118569435	-0.18845598047407852	-0.13167640528626337	-0.14875024723790825	-0.25884406591238635	-0.1054221612073035	-0.17703648360680588	-0.10016786277029605	-0.14330268569222673	-0.15243413276617235	-0.1961711486315868
KEGG_AXON_GUIDANCE	0.2266003955981108	0.2417308295863342	0.25635508286730746	0.24628857867906911	0.23932510396383205	0.24949871689069308	0.2277698652104873	0.24770412624424404	0.23688316720612396	0.24788752591480967	0.2439956577226938	0.25440214596966587	0.22745284337098845	0.25665135733919	0.26371931748333094	0.21398175688703497	0.23274962896992613	0.2358873435564384	0.2507163939373171	0.23158957254490278	0.25000582735012855
KEGG_B_CELL_RECEPTOR_SIGNALING_PATHWAY	0.2177401573505741	0.16233693625336734	0.15124137344558497	0.16865425372697773	0.16203508193127916	0.1661445109168974	0.16862123682623392	0.11546299663683168	0.14403549859567757	0.16962819901107407	0.17664658598625343	0.1637246829012447	0.17277742621419628	0.15137876066250994	0.1504424936748737	0.16425136829982329	0.1614535470192746	0.1888627691288804	0.16543616771598915	0.15892840698551128	0.1538991597724126
KEGG_BASAL_CELL_CARCINOMA	0.04690223832188547	0.12358343528135911	0.11793634742913649	0.09846244835590333	0.14218744791543736	0.1519027119302389	0.11304143985384006	0.1942756729830186	0.13039500343908206	0.11129584444896204	0.10434731865432716	0.10080272356371629	0.14959297158784995	0.1456048886877084	0.0804369872942658	0.11614138729779996	0.10753640809005272	0.1500031816096604	0.12633755350515005	0.15408502795433496	0.0424815947382723
KEGG_BASAL_TRANSCRIPTION_FACTORS	0.12220003152665318	0.0860331360979424	0.11358675312496924	0.11675504403048542	0.11598858011068254	0.101256028590415	0.11852652995066815	0.13491497167499794	0.12913926798145434	0.11965986212635926	0.10257014208524314	0.10645507879805245	0.11226425502568681	0.07585548349444754	0.09998408915275225	0.13955038252491075	0.10661747153656452	0.09314480918130948	0.1014239288134938	0.11511509186188615	0.10389017624672318
KEGG_BASE_EXCISION_REPAIR	0.1811757530544762	0.13471241916487858	0.23351859650488688	0.21300029828835018	0.20174044069763108	0.22836386866237535	0.21258775873223576	0.2628983311222718	0.2014270469020537	0.23187144385211664	0.185959494558347	0.20442087315936103	0.2461988724927737	0.2270986460235365	0.20262692846574232	0.21887889657076912	0.18905808449088976	0.23406333102172291	0.23841232810825783	0.2465731052267886	0.17745497884479916
KEGG_BETA_ALANINE_METABOLISM	0.13433096445865184	0.16267085580195412	0.07605653078181127	0.08415022106476391	0.14523669351781615	0.07524735053953109	0.11671258731729817	0.15116658097894056	0.10291428105121897	0.10892018229103995	0.08440007273045841	0.07082329506958315	0.07478577381944598	0.0830767232410859	0.08102648676850034	0.11516632267529574	0.11173357440195567	0.12480417855258091	0.07553882437448642	0.13974306057169444	0.0969854571695068
KEGG_BIOSYNTHESIS_OF_UNSATURATED_FATTY_ACIDS	0.21189232696072005	0.19942020807423586	0.22726993270296078	0.20089808229639605	0.18135872007377565	0.20660162903875617	0.17575533905849924	0.22245151241660582	0.19611897376898607	0.24092932715639453	0.18290998029599734	0.20762954708460846	0.21000782938757764	0.18420249974742142	0.22434206751559416	0.17103597321830075	0.20499749667906123	0.2102644777872133	0.21375956285271389	0.18900352943707066	0.21867682217212453
KEGG_BLADDER_CANCER	0.2752281333082304	0.17553024689635505	0.1459022269527876	0.15169333091045847	0.18483513823192402	0.1555879353103908	0.16101606211940492	0.20100323198709938	0.14238145028591573	0.15627022348870354	0.14156169281856024	0.16203614092201782	0.1666175286096199	0.16927980122274702	0.1872100445082795	0.12359808505968795	0.1589754811724422	0.2155638791754786	0.152924212078969	0.16453241005371114	0.1387844882463716
KEGG_BUTANOATE_METABOLISM	0.08161872700658064	0.10685686784490324	0.042319237152424076	0.03954344450092428	0.0864935565493635	0.05191242418788844	0.08761689273493617	0.10301134268530893	0.05445711866047998	0.06419360084980583	0.007953850138416579	0.03742189433207751	0.07434293203268724	0.046143483634955254	0.06758611044735234	0.07933746044863788	0.07143622355000026	0.07626470543392305	0.06732796794520199	0.1165486987326377	0.09019575877532472
KEGG_CALCIUM_SIGNALING_PATHWAY	0.02545927384254809	0.09996871689147328	0.04632054611250637	0.05082133603750073	0.03368219987921636	0.044984558466727324	0.013752005306500477	-0.005202577972379336	0.018292939152187136	0.030318022666813486	0.05688025874446493	0.04867747823855488	0.011134920173066106	0.061941159171462826	0.07418086198905276	0.0050547991799068884	0.035306508840148826	0.025573944823146278	0.03792466487644255	0.02620650391869749	0.09021844066132828
KEGG_CARDIAC_MUSCLE_CONTRACTION	0.12234675599084217	0.17650163070340585	0.1891965349170168	0.1854603982962941	0.1633696360816103	0.15332836559806745	0.14704631302886448	0.154183158256302	0.1464211567718818	0.17747901022236362	0.16670330852874518	0.16810190433889546	0.13906819269130521	0.17033668645143638	0.20806161211979238	0.11463685900869922	0.13787347365077982	0.1337816053425032	0.1614538677414646	0.16074884315161383	0.2205169585242677
KEGG_CELL_ADHESION_MOLECULES_CAMS	0.13336247190138098	0.10960203898961159	0.03620172954381249	0.07049429509662249	0.0556692922648138	0.06655623536935873	0.0805906693953288	0.052767796629513024	0.02414038014918702	0.06412453343275555	0.09278519747912833	0.05791861506039697	0.0646256344513141	0.07074904836044543	0.039723921880494256	0.07346540162288157	0.07142781113663796	0.12100351107193819	0.08577797552568471	0.07606259736463997	0.04832229115498266
KEGG_CELL_CYCLE	0.24897012018572579	0.17452585653822703	0.25939606990159086	0.23259756899665807	0.22727309670499987	0.25580586120543547	0.2540798400955197	0.3017985775873704	0.24002331277749814	0.2786608358028754	0.2178644017863248	0.23426674336108852	0.2804247029127888	0.209189615983898	0.22590968748971937	0.2579574819586064	0.241449035750427	0.2816898432889239	0.24740832712254746	0.22799438100145372	0.17883227724402462
KEGG_CHEMOKINE_SIGNALING_PATHWAY	0.12337862018343962	0.10168077863571175	0.08251913618142599	0.09941878888420068	0.08747060914651915	0.09474853253086729	0.08696721715658563	0.06098026110802127	0.06548332429192893	0.08846480665887521	0.10004281960465575	0.09126404537453153	0.0810490390174917	0.09570885660850813	0.09431014792069894	0.07478625807957068	0.09085662236547931	0.1104320237284821	0.09424768682945718	0.07816657973287246	0.09751544970040259
KEGG_CHRONIC_MYELOID_LEUKEMIA	0.3643037556357828	0.2947863568709768	0.2779111918889529	0.2965921083664654	0.30658435067488726	0.3026193603458788	0.2969023839656917	0.2887658287340872	0.2676591440767126	0.2857940280754041	0.286987931212484	0.29317937966124846	0.30251041473264617	0.29010608512331953	0.2737247734807179	0.28330227223610754	0.3006229522905671	0.31927560437309455	0.3016939900180667	0.2983403940315355	0.27259096979649877
KEGG_CIRCADIAN_RHYTHM_MAMMAL	0.24617337108638274	0.32901320590635547	0.12899134988113128	0.14237234354145217	0.2324476440771266	0.17091253577144902	0.1527448149296271	0.141749675532754	0.12172551722339452	0.18562334872983297	0.15498444151846488	0.1387693255780113	0.1490919515725422	0.22158265885264905	0.19079703034149928	0.16206986486865946	0.17293746328421394	0.19476632242415587	0.1872732139476184	0.1614330855626791	0.24274344756068292
KEGG_CITRATE_CYCLE_TCA_CYCLE	0.2780769290438702	0.24258514126324382	0.24005072602814612	0.2523913556729798	0.23914730084254035	0.24739668882689075	0.2790672547228967	0.2523243317719799	0.22777212422178497	0.27884445309922745	0.2459424304049759	0.2355971177739598	0.26628775358591045	0.23455812487703512	0.26862595572305964	0.2716556948242933	0.22088444620047568	0.26553724130555	0.25959960276292604	0.276081723605869	0.30686772102794885
KEGG_COLORECTAL_CANCER	0.33879450195608485	0.3250972830751062	0.3050986678924639	0.32521015667276626	0.32015980612657474	0.33326601934845124	0.32228721941823674	0.3245015785526444	0.30324476532438654	0.31121122755276187	0.31700764117204383	0.31692192469583275	0.33769904319340405	0.3047191824944168	0.3086167502679239	0.31843269974883026	0.32005860040928624	0.34453511189137453	0.32521519905939855	0.31970166556014973	0.28963430849986344
KEGG_COMPLEMENT_AND_COAGULATION_CASCADES	0.11205884561532795	-0.036776632234588096	-0.12956452170621152	-0.029868736953052352	-0.07915395412402355	-0.09689028753985099	-0.02300870684037301	-0.11909611842077848	-0.12433562358075739	-0.09237635207208161	-0.022341601619693598	-0.055705693561003196	-0.009137236527916214	-0.08266257003377772	-0.1497605275765482	-0.033566297955686816	-0.03878425483545399	0.049605130272630776	-0.059276210145867744	-0.040742384533746956	-0.12937103812109424
KEGG_CYSTEINE_AND_METHIONINE_METABOLISM	0.17715238772067748	0.14924689658728146	0.16455090701291644	0.15187351532102664	0.14138006401194603	0.14714168776233624	0.16502265516462067	0.20922075023814063	0.16876843148238813	0.16284911697524657	0.14218161674532118	0.14756190664798474	0.1489574817429298	0.11890267763756336	0.15059714959792075	0.1616030420970485	0.13439594307360467	0.16855995344185865	0.1383923774045445	0.1559435266716787	0.1452637806135291
KEGG_CYTOKINE_CYTOKINE_RECEPTOR_INTERACTION	-0.0713833696746073	-0.15894453361618005	-0.20510146841711485	-0.18289043453381854	-0.17375996087380446	-0.17347320231162694	-0.1541423370027129	-0.21540407494726338	-0.20669543680886446	-0.18996102575743778	-0.167183049905107	-0.18400022050718756	-0.16170318296484848	-0.18010810086275753	-0.19219099667132547	-0.1671849319931683	-0.16750225846604241	-0.11426602344868494	-0.1688416448098167	-0.17371980695644726	-0.21517298429964915
KEGG_CYTOSOLIC_DNA_SENSING_PATHWAY	-0.020580166269913804	-0.09392814953055684	-0.09935883795483558	-0.08553809108182288	-0.08386388674112934	-0.08375959067632678	-0.06073048158657559	-0.09567908873685123	-0.09944365082167561	-0.07132184149719227	-0.08762855297906325	-0.09341046349537449	-0.0865073882940431	-0.07507264795487799	-0.0997025011969151	-0.05145811653410363	-0.08678532793277967	-0.06822186629362095	-0.0782433086204518	-0.07864592163829418	-0.09705291923122249
KEGG_DILATED_CARDIOMYOPATHY	0.16175212048920265	0.14865085745292042	0.1021951822491202	0.11542967942674134	0.13047732737627613	0.12341927618657865	0.1007248406023066	0.07169788190645017	0.07715627132483477	0.10569816402191107	0.13245937407866326	0.10133520238500643	0.10418765109260514	0.1218961666730817	0.11025122256085713	0.06471759485564195	0.10443288022712255	0.1161890603131992	0.10938050612293106	0.10665732391609371	0.10629017308775439
KEGG_DNA_REPLICATION	0.17515750099120067	0.1272886916074873	0.24122925286758318	0.2016523081993348	0.2095318886364804	0.23715509465574552	0.23353981802393925	0.30827896869876775	0.22593525254627844	0.28368184678312103	0.16162175768770823	0.18257578593550994	0.268948322256109	0.19657973258955327	0.17936275972308094	0.21199386189411581	0.20131211458928575	0.2736176063222951	0.24625871577303537	0.27110060740464414	0.1360778628588929
KEGG_DORSO_VENTRAL_AXIS_FORMATION	0.2448553727599398	0.24698624283433454	0.19461192695338292	0.20386127100117446	0.21420380891860208	0.21413696838410165	0.17328922587930287	0.20884496022863003	0.18378728174931275	0.1990033975783802	0.2168717287536455	0.20378971896994108	0.20471577091369628	0.20011647024706022	0.20886495581950215	0.18309772119246462	0.23357876133310637	0.25549680707981653	0.19364837861845552	0.213301805424929	0.16554116854163137
KEGG_DRUG_METABOLISM_CYTOCHROME_P450	-0.19614770946440496	-0.2092747457631687	-0.2650066352416739	-0.23989684172862327	-0.22171505346713052	-0.2474465352355408	-0.20738409730066643	-0.2539382537279888	-0.23885248381743826	-0.2293833617911232	-0.24988036500800817	-0.25204962832617406	-0.23296287923769243	-0.24077531707165656	-0.25964199344170774	-0.1935301649190692	-0.21701800039811273	-0.24485950775668835	-0.2352791056592604	-0.2030868567411404	-0.2575636633951732
KEGG_DRUG_METABOLISM_OTHER_ENZYMES	-0.1043535123482016	-0.17216423825472163	-0.16304392349803273	-0.15798322137722837	-0.14839833821295706	-0.16519026093032355	-0.14414465658318548	-0.1409466097840857	-0.17832480115142385	-0.132002769545425	-0.15472549634854993	-0.1611161582589828	-0.16660808002779265	-0.1422852572060428	-0.15248381480837236	-0.1603107875862626	-0.16287342677352173	-0.1503858281938941	-0.15451116577295088	-0.15710473227661415	-0.16017341798195775
KEGG_ECM_RECEPTOR_INTERACTION	0.2676961519594721	0.15760939024600853	0.10736507027111182	0.1915486706789846	0.21674225114366683	0.19422076373467184	0.19192866240206383	0.15329198977741246	0.14117397150434013	0.19722176234195218	0.18178621510245616	0.18083004224709337	0.19029690403442928	0.21001137136143047	0.14531133208512806	0.1785060739298332	0.18584591885377277	0.24900732885822113	0.1967468399127972	0.17720199746221493	0.12632528225638506
KEGG_ENDOCYTOSIS	0.24857469599271534	0.25495591110808236	0.2378740815632536	0.24707808571503603	0.23210953104929463	0.2422506541962425	0.23024498950575903	0.21195958496632036	0.2206705867451532	0.22048673612667538	0.24914078634439854	0.24532522797466638	0.22152060146780647	0.24287321294707953	0.25260938203164307	0.2117419941996688	0.2311550664966849	0.22780845713100534	0.24214494621586588	0.23125855266934106	0.2511812138148913
KEGG_ENDOMETRIAL_CANCER	0.31355089326631197	0.3263540893054143	0.27281260495074333	0.2926913835535022	0.31166471235483706	0.3020474010252786	0.28861763668785784	0.3102838044277791	0.2853112426317325	0.2819111314852464	0.2854742679716983	0.2856140130195269	0.29475916870894897	0.2898470784524255	0.285226194563568	0.28899969603965275	0.3050176495982753	0.30133507842702084	0.2998255997197877	0.3033228542187332	0.2833128948683714
KEGG_EPITHELIAL_CELL_SIGNALING_IN_HELICOBACTER_PYLORI_INFECTION	0.21024030056349352	0.20534948444337717	0.1994782590639853	0.20365024145471577	0.18664384277021795	0.19808823570742518	0.2203255442832823	0.1819037077852451	0.17754060439709435	0.2012572471474866	0.20768812525936248	0.1954373090963625	0.18221942177259176	0.19673425586824828	0.21326148468170816	0.18767759588737454	0.18277913624485187	0.21000930328262754	0.20611856095345657	0.18621786909639193	0.2188967646146359
KEGG_ERBB_SIGNALING_PATHWAY	0.2597078443416281	0.26749457248184794	0.2542383395799319	0.2578796080479169	0.24119037834647303	0.24752316689174683	0.22149525491460015	0.22987138207391808	0.22914961212385257	0.23754608449994366	0.2527851562581476	0.26085718603172214	0.23130785998147896	0.23718654911800177	0.2702480032094647	0.23221555948402703	0.26018994720259975	0.23003635333395883	0.25295252540951046	0.2325202600598126	0.2725124822569106
KEGG_ETHER_LIPID_METABOLISM	0.08351935570940634	0.0014381692914093084	-0.05189228221837019	-0.050257491043313354	-0.02450484781370058	-0.02823589358997827	-0.028138832676254767	-0.02453945025466047	-0.044815237233560186	-0.0497089138682645	-0.04239341505196698	-0.03548989568946545	-0.036171945634115285	-0.03292662885310529	-0.057713438811313494	-0.022482071293873078	-0.019472068807954122	-0.017176625541930314	-0.031466695258851485	-0.021527005788377556	-0.05344045835493285
KEGG_FATTY_ACID_METABOLISM	0.1538057784728018	0.13935196249260867	0.10242035599619827	0.12162730602025396	0.1305615312623822	0.11162570612025607	0.14975836275062931	0.11735930340938716	0.11863183774050862	0.12303506852532234	0.10164007572089429	0.11854142873114079	0.12089252565200809	0.11368702025134787	0.11520578970458181	0.15563124583739668	0.13807031512814888	0.13263317205424602	0.11787018048122523	0.14743209470880358	0.12004651782349998
KEGG_FC_EPSILON_RI_SIGNALING_PATHWAY	0.13030942601613285	0.11998144698722123	0.11950244066032355	0.12427510412721195	0.10561931668315425	0.10965342268367974	0.10712670107622582	0.09088965203806663	0.10914529228844708	0.11355993746021245	0.1197278728766538	0.11772888253600025	0.10292976831218237	0.11435179074934752	0.12336784732432779	0.10240992497714767	0.1195371824914936	0.11821619880502238	0.1108437612722118	0.10049405508378122	0.11495330354695539
KEGG_FC_GAMMA_R_MEDIATED_PHAGOCYTOSIS	0.269754494248705	0.2364588613981172	0.20928044497253387	0.22912557503397393	0.19138182105247106	0.21366010443544467	0.19966317351904403	0.20332553827346073	0.1953152577749489	0.2106046763299583	0.22699087391166123	0.21711724714555136	0.20501226173534257	0.21697501201176084	0.2268248067656954	0.1952976728333839	0.19872531331809334	0.23880838471782068	0.21556750038809666	0.20720518121379303	0.2164118410907537
KEGG_FOCAL_ADHESION	0.3140644987550618	0.24188129286901788	0.2068312402232488	0.24450335460690237	0.2523463352043817	0.2523180930456132	0.24655846490783337	0.20550104993196963	0.21555528192043324	0.2485946487067796	0.24127861261168806	0.24420671828171378	0.2495425937957028	0.2582785896128656	0.2279218713133779	0.2442999759324688	0.2377423501771213	0.28145337487876904	0.2563542239336774	0.24853105396333777	0.2158919499689997
KEGG_FOLATE_BIOSYNTHESIS	-0.00991625614882168	-0.05824954894616091	-0.012004332078915046	-0.02813956983495012	-0.04431563183633878	-0.03684033912423373	-0.05096390831605987	0.038491165943020746	-0.004491489131764369	0.021006887202288677	-0.036536617146674846	-0.04989865852317015	-0.015217835891627904	-0.05414974389505449	-0.013169749297311092	-0.042978898976035226	0.0638200565455694	-0.03990640806588607	-0.033171010036814885	-0.022271529338326216	-0.04212633508108789
KEGG_FRUCTOSE_AND_MANNOSE_METABOLISM	0.18119687750318944	0.1547611829688612	0.12339503299625453	0.11435231486893803	0.15542736976558935	0.12124642855838863	0.14853439893187462	0.14853256326603445	0.10785093581843415	0.1533077068143827	0.10310805329034389	0.09303679915944653	0.1027650308175881	0.13143379031542077	0.14425160680097898	0.10638613836568708	0.1370170424756325	0.13195178230172913	0.12427034703313165	0.1473154680624636	0.14131835732948006
KEGG_GALACTOSE_METABOLISM	0.15473903321018817	0.09181920537631498	0.11139294886517752	0.10045926559544206	0.10248302998360789	0.11507336656231473	0.12475492424608738	0.10794827864868448	0.12196192413720541	0.11899134763199445	0.12274232104205487	0.09574544278825088	0.12028188284752588	0.11617149659962918	0.112923875351684	0.11050846812961185	0.09108656074466304	0.13526120939797343	0.1279511675093734	0.1483363314306182	0.10084317509058129
KEGG_GAP_JUNCTION	0.20776036206542267	0.2522359650428605	0.21499976870394114	0.21957360737458118	0.21534591366333825	0.23429142988098475	0.19212535861948307	0.17144100379250604	0.193603978646763	0.2088311177192937	0.22646809256602862	0.22068921271537706	0.20082227273166683	0.22592640920724533	0.23144650504181677	0.20994776766486292	0.2112831402885535	0.21240432018654418	0.22866187031879978	0.21978064824093674	0.22651451489369953
KEGG_GLIOMA	0.30912933151309413	0.28664150792665416	0.2610544237597601	0.27107363171092286	0.2654175701051989	0.2784596136515493	0.25509640021154906	0.2409746462472507	0.2464086094252159	0.2710220259908821	0.2638058284833657	0.2748031145170409	0.26558515891760626	0.2763878193830008	0.26803963370881917	0.2541963263207362	0.2783810488513395	0.2909574252493145	0.2833807606588327	0.2637895216560261	0.27298291777324885
KEGG_GLUTATHIONE_METABOLISM	0.13646872072301214	0.08845337836630654	0.07188601271731775	0.09957639678026485	0.10372840463311521	0.0725006070755716	0.11197856505357913	0.10233915314146673	0.0788874356252526	0.12303881186781888	0.0790601438226494	0.07366072265165967	0.07751369176433653	0.07858696713848276	0.07373735228055366	0.09552443640187433	0.09891972595458746	0.09786304963487837	0.08478876193675308	0.12220714490448235	0.05592633453346641
KEGG_GLYCEROLIPID_METABOLISM	0.12937821172290664	0.10484588203317245	0.07923642584432627	0.09964867553115166	0.07835714696878913	0.07685517212521978	0.08942819131396029	0.07526468103422	0.09337030755615514	0.08195332763130458	0.1062050832255692	0.0950151542853686	0.0689731738423279	0.08164027899851485	0.10092928405075706	0.06829326462134823	0.07549420831726304	0.09231357573695036	0.08045970356872185	0.07860595268251785	0.1095407342002229
KEGG_GLYCEROPHOSPHOLIPID_METABOLISM	0.10242072308756442	0.0945931652662315	0.0758267157328259	0.07546812059226779	0.06361462414946294	0.07454993568438256	0.07920944562195936	0.05085560810455858	0.06753012475022732	0.05396107837877882	0.08077973145228427	0.07787476208817223	0.05851280139322609	0.0796082458606377	0.09396555073944227	0.06713119063521605	0.059891064633962175	0.06278878288656208	0.0638811084550991	0.05167992026214447	0.1153414664442754
KEGG_GLYCINE_SERINE_AND_THREONINE_METABOLISM	-0.04187451458165525	0.019049283166959186	-0.010972677505195778	-0.05062939107229821	-0.040810155532929604	-0.01764820763296894	-0.03238314529424623	0.03345157030962411	-0.02862492471635224	-0.04037070515289716	-0.05168463575324089	-0.06655193697081088	-0.008295117804376665	-0.023182969866222095	-0.028209998105512477	0.016506291572035828	-0.07049737655670525	0.0029681813225224548	-0.02045499235879311	0.027606938827837726	-0.042538493814398476
KEGG_GLYCOLYSIS_GLUCONEOGENESIS	0.1466940727718017	0.13743273079027107	0.12159850303101488	0.11745051344939994	0.13574710737007467	0.1290606099131391	0.15003665845032013	0.11896904866291788	0.1363445753347178	0.1377054165307571	0.11763216654852289	0.1084530916879271	0.1341102368276726	0.11961369918389765	0.1230681033892354	0.14811187583560256	0.11880247189393686	0.1386692495470675	0.1394963927141351	0.1639229346102748	0.1478134827241323
KEGG_GLYCOSAMINOGLYCAN_BIOSYNTHESIS_CHONDROITIN_SULFATE	0.24048042544922293	0.1941010269313169	0.08190362668520947	0.11856397614432568	0.16732758516632937	0.13137927888728537	0.11350551711001615	0.14209916433463612	0.12164161723398789	0.15338263123129328	0.1376740214774537	0.1246985775667764	0.1075078311558834	0.1708266673419055	0.15388350952503368	0.09964948999392576	0.17040008848209867	0.16016062307777063	0.12760406520213372	0.12479152913276849	0.09180121229749695
KEGG_GLYCOSAMINOGLYCAN_BIOSYNTHESIS_HEPARAN_SULFATE	0.1303761458223619	0.18224106094039175	0.14506087044788082	0.15287811854262873	0.177584816706343	0.175780159082134	0.13834353287609724	0.18131713334327068	0.1653872511602259	0.1438947331857753	0.14071213306959277	0.17874147185525568	0.18482507644056512	0.18117545654645048	0.1816271891627597	0.18619630039975943	0.1721800322656746	0.14163680243282198	0.17519457822909834	0.17712935305425323	0.18388923496041326
KEGG_GLYCOSAMINOGLYCAN_BIOSYNTHESIS_KERATAN_SULFATE	0.17315883406208568	0.10295664250471823	0.09095772271793387	0.11903206711668597	0.10109731983129128	0.10360809769569533	0.06033378384398561	0.11415143909008899	0.04330551970302514	0.0902782103601123	0.10372046755719362	0.0962205602140358	0.059989333930665786	0.10116297976187111	0.1475354198327841	0.03554248320243698	0.08712547098507713	0.08545595629078659	0.11258365224470863	0.062335842741769495	0.06992931760791993
KEGG_GLYCOSAMINOGLYCAN_DEGRADATION	0.1590253885669739	0.06592221291013217	0.08893380827884378	0.09252044169546084	0.07899151164049448	0.09610718852101899	0.1097449460815778	0.14554751583295836	0.06209938990175849	0.07087906471337788	0.09648089984656243	0.0972856460072408	0.13056105235136187	0.12147341169096428	0.1046482899421586	0.14178388893304558	0.0853830550320256	0.13040198238804895	0.1079161689569636	0.11409427582060715	0.06672016451534332
KEGG_GLYCOSPHINGOLIPID_BIOSYNTHESIS_GANGLIO_SERIES	0.18168041512477784	0.19264138726583033	0.15590180585683852	0.17790007703789765	0.2133701716901252	0.16094044087701906	0.19220037325780914	0.13058637306662016	0.1363072569761043	0.15473636441213773	0.17479450729833476	0.15250881071704522	0.15640857794543317	0.1996268158514713	0.22687813734324017	0.09850264684102883	0.17086698810281417	0.18223956729491708	0.15615408653374785	0.15440998496655214	0.23477381570161884
KEGG_GLYCOSPHINGOLIPID_BIOSYNTHESIS_GLOBO_SERIES	0.13305400967393824	0.1866866666637012	0.10386562167926895	0.11437277513196524	0.16618025882970905	0.13987661864924	0.16541029135344093	0.08391576188766232	0.12296295394194016	0.14152120455082196	0.1148547109169978	0.11424195117166865	0.08835970344322276	0.12966774027170225	0.10746882359723078	0.12680915123609826	0.1711729347196676	0.14290474544459514	0.12755435546230634	0.1313720653599536	0.13405042183822768
KEGG_GLYCOSPHINGOLIPID_BIOSYNTHESIS_LACTO_AND_NEOLACTO_SERIES	-0.02281509047753875	-0.01251991253313168	0.03294911205004527	-0.0106486391651442	-0.004255537402967319	-0.0014619840342942243	-0.012999625744270691	-0.025165181478073468	0.020770096538488814	-8.665587277636035e-4	-0.00950922139876524	-0.01055534237833985	-0.025847897248079225	-0.029302937545537828	0.008832887296258859	-0.019425964556007674	0.021480286615291867	-0.012302465223801197	-0.011018259768508626	-0.03432093993289346	-0.003931469884286987
KEGG_GLYCOSYLPHOSPHATIDYLINOSITOL_GPI_ANCHOR_BIOSYNTHESIS	0.12963374721879448	0.06751906286269056	0.06196712655890166	0.06402964629798345	0.06838117494001456	0.062010146551342	0.10035124493611189	0.12537296663398206	0.07914567227464898	0.06604292703056334	0.061791734736771034	0.07572301626487327	0.07706950088219336	0.0680485977955451	0.07365654816357853	0.08956115745623004	0.09064713536447161	0.08594759250838103	0.05677873543517497	0.08456974114379935	0.08829878844530326
KEGG_GLYOXYLATE_AND_DICARBOXYLATE_METABOLISM	0.21341817358496343	0.18604232067715404	0.20311831512514744	0.21192386443738823	0.20938470662564737	0.17057583883241015	0.21908384015243443	0.2395836816817434	0.1890496211579181	0.23743013813834474	0.19069364166478772	0.18492734307244837	0.2053505170100048	0.20729167002721197	0.21815433501519227	0.19530582602829755	0.15098563727952377	0.20702212027034012	0.17894044408127216	0.21156621621579103	0.2003653837067049
KEGG_GNRH_SIGNALING_PATHWAY	0.18193487229861718	0.2056168982871256	0.16648733394302437	0.16763160063125973	0.18171826291600357	0.18455997321521941	0.1565922935102562	0.13536780879722066	0.1537617065135702	0.1671751164663539	0.18306891423512986	0.174870450812802	0.15210274023100348	0.19574197071821542	0.18698308081344808	0.16288586006549047	0.18426242218051872	0.16160782146439723	0.17642517246050504	0.1757043962131995	0.19475564118024477
KEGG_GRAFT_VERSUS_HOST_DISEASE	0.05906468116730276	-0.07226508626461149	-0.18751561160698324	-0.07026469243159135	-0.11231015309185484	-0.11649808511908659	-0.007881437255691659	-0.15674408571968432	-0.1845769114197216	-0.1065025480153273	-0.025165549779703783	-0.11953623332926214	-0.053682741192990505	-0.06719948800769382	-0.19495780629118267	-0.019555591429253526	-0.10116939984982909	-0.00333058963916683	-0.06561593574523111	-0.08228368672128468	-0.11776482005823245
KEGG_HEDGEHOG_SIGNALING_PATHWAY	0.02015806282145673	0.09812717149122774	0.08344672708936998	0.08358083806161294	0.10136417272424152	0.11002167293921518	0.07277694667374655	0.11407852819918546	0.0975013016135527	0.10056110671950068	0.07935163524789819	0.07867351233825799	0.10589422817703814	0.10394145854874683	0.06691410843778242	0.0899481264669836	0.10156959725348873	0.10133654436223542	0.09504651283233854	0.11057610990151041	0.039027491687158376
KEGG_HEMATOPOIETIC_CELL_LINEAGE	-0.006544796063656126	-0.14420685212742088	-0.21165646734518165	-0.169836539379002	-0.16588782156773882	-0.18122602411297917	-0.12075491909347262	-0.19504431217561646	-0.20742168447038686	-0.18060446877085093	-0.14383943308315444	-0.1685597991921905	-0.1334113181776509	-0.17833590844031955	-0.18902217558014311	-0.14570644429635612	-0.14504435463979956	-0.06462937082653257	-0.15909310849671848	-0.15395758981253937	-0.197434754041933
KEGG_HISTIDINE_METABOLISM	0.003894622322080362	0.03931302233040975	-0.04799221879943891	-0.023636534877306273	-0.010714757389810385	-0.03737900658314102	-6.459986739921025e-4	-0.035638231294018864	-0.014469561912211746	-0.03435631448477538	-0.028086231726785958	-0.035861764571679514	-0.02567060657929944	-0.030397333723884493	-0.05740529051197744	-0.002707021590656133	-0.011495738707748742	-0.017618935019883764	-0.02761833427127022	0.0172776875108109	-0.04743364660173649
KEGG_HOMOLOGOUS_RECOMBINATION	0.0969327275014758	0.04460392925385901	0.13316710227896464	0.07903590049785306	0.09901065658350541	0.12084904552183073	0.1303281444914122	0.21597061157658792	0.14186992583153038	0.16670348238031146	0.0681922291908629	0.07877848799120916	0.13810179548896978	0.09054868861002928	0.0707132515281866	0.1202981801781009	0.10774264756229276	0.16261671322269208	0.1224856048133927	0.1288872798761739	0.044407113036031225
KEGG_HUNTINGTONS_DISEASE	0.23810914766652963	0.23779089738433187	0.24206344121830428	0.2619259521422775	0.24790288509510336	0.2290678960304118	0.23968534183540993	0.24055098635309605	0.23014252960856244	0.2627530585452168	0.22376800045038667	0.24270420202943865	0.2539902193345941	0.24036117637146553	0.2593983019576992	0.24639026899348834	0.22556516692735123	0.2441320013517482	0.24701972567414504	0.26695104941777253	0.27878213497287824
KEGG_HYPERTROPHIC_CARDIOMYOPATHY_HCM	0.13972242023639936	0.11528362626104666	0.07241622310874833	0.09054828228137451	0.09748378949290816	0.09852380277055384	0.0870624531089276	0.0448596761427058	0.06968033884416257	0.09306146953960265	0.10497029960834202	0.07358928530391147	0.08666329451558766	0.09506707126439932	0.08450596004957181	0.04638725779662662	0.08153888587665145	0.10140406386828998	0.08813408316250902	0.08112725644518767	0.07672567339423399
KEGG_INOSITOL_PHOSPHATE_METABOLISM	0.22157890725075707	0.21419204674022133	0.16801578549792323	0.16361109115630063	0.18177670957546838	0.17735612377912108	0.16054284262199323	0.1812640987455429	0.15463227646039926	0.14696369055531971	0.17766064770549075	0.16459605504631103	0.16813768982521135	0.17372612048907862	0.17454531632411677	0.16052898202657584	0.16317295633538126	0.16712681989478967	0.16812753369555675	0.16280355268758548	0.18789778916504754
KEGG_INSULIN_SIGNALING_PATHWAY	0.2614674961055601	0.23766097310042644	0.23503106219585082	0.22710743730906854	0.22503734408787768	0.233275684224823	0.22465477966017766	0.20852503874312672	0.23676438727971247	0.23318828509002887	0.2352756386261333	0.23465841790113368	0.23022369810259657	0.2219975644643633	0.230533830303787	0.22713941071246846	0.2215973355054762	0.23089070540024825	0.2326820634879067	0.22336331535870244	0.2385652310004873
KEGG_INTESTINAL_IMMUNE_NETWORK_FOR_IGA_PRODUCTION	0.007940984939519937	-0.12220270098483525	-0.20515006054030596	-0.09867808005795678	-0.1529274153560614	-0.1413885135039599	-0.08282283782874397	-0.20459842404375156	-0.1945134686839175	-0.13004131560863802	-0.0709935713744706	-0.1463039432053433	-0.09589447483430812	-0.1013304409556762	-0.2258639348384315	-0.08210398728738232	-0.13111479572935675	-0.047537947086933825	-0.1012376803309976	-0.12050158727431133	-0.16752027018803048
KEGG_JAK_STAT_SIGNALING_PATHWAY	0.0622652052963768	-0.02739424351726367	-0.04622763089772342	-0.033619815372967904	-0.039594140073558576	-0.030800341401501022	-0.03102680235418765	-0.04989173599749136	-0.045145377520292594	-0.046711106886883694	-0.022894839019567667	-0.026014706914159937	-0.015122316054645512	-0.040166561975691385	-0.029810662365215422	-0.019974230125981353	-0.02488291060345462	0.0048075030141631345	-0.020263277416366774	-0.03639344961444479	-0.03604950606294562
KEGG_LEISHMANIA_INFECTION	0.21453274001557363	0.09758032338499976	0.02432143631487187	0.10997517050669074	0.07763387345347135	0.08361445977415997	0.13301340996918526	0.04018858653148663	0.017197598257618536	0.08560921870787709	0.12383115561875176	0.06349839334788174	0.10908048972534426	0.09512025671238683	0.026326724187669043	0.10869837915876776	0.08823849604438476	0.1666987381866055	0.10783216245016923	0.08867780872594527	0.054972974096320334
KEGG_LEUKOCYTE_TRANSENDOTHELIAL_MIGRATION	0.21701660300696993	0.15159872818078732	0.10654280529938646	0.1305774894701853	0.12275246303204966	0.13241422751373136	0.14381334013828326	0.11083190586905732	0.10454188348518774	0.13200170537690395	0.13661222466284934	0.12351068326629847	0.12727315724819224	0.13612602337684043	0.1178524480018751	0.132952257019851	0.1358266863359902	0.1871226374292207	0.143126366931094	0.12959723472662715	0.10867680654173999
KEGG_LIMONENE_AND_PINENE_DEGRADATION	0.2969814289431541	0.2811780484369836	0.19638356972879645	0.23709636859868477	0.2775807021272529	0.24498211100974293	0.2877776798894691	0.2773332019001462	0.25272679868289893	0.24921922812321604	0.233928773221052	0.22521785435397582	0.24855997921970807	0.23483979388248366	0.20426300610316833	0.28126514521862644	0.27113405406010443	0.24837875110213903	0.256603775939464	0.30871358033199087	0.22369748473520817
KEGG_LINOLEIC_ACID_METABOLISM	-0.27496293220713836	-0.2923530892349236	-0.3245491956388279	-0.33337951003841476	-0.2917391274627959	-0.3080731684434993	-0.28358911675936127	-0.34181621528854284	-0.32095821791064394	-0.3152423367461254	-0.32773596858339177	-0.32095462197979	-0.32645884473731257	-0.30833088629920513	-0.32430425529472473	-0.3006688984346938	-0.2944865859630454	-0.3251818519342114	-0.31453149595107444	-0.31198432205675214	-0.3248220634464297
KEGG_LONG_TERM_DEPRESSION	0.12662376193510932	0.21123111620925672	0.15285180540303084	0.17235815726282405	0.14374844919608637	0.1746025763503852	0.13129545549731442	0.10414252692596986	0.13974982103226735	0.1490235169055265	0.17121323856171164	0.16254291060933812	0.13005273923063318	0.16336095646738047	0.19098980417558273	0.13332239215819508	0.156875673558893	0.13984157916602505	0.16657025530341482	0.15122466159078607	0.1910890743524803
KEGG_LONG_TERM_POTENTIATION	0.22078427714740761	0.3015229164432127	0.2573350284201672	0.24213934787968064	0.2304015617358097	0.25945756370083317	0.2053931083680618	0.18843151472470754	0.22624754929460603	0.2439054044851348	0.2561517152121632	0.25395183642561026	0.22563085419069479	0.2498507125262064	0.28516778505661533	0.20966506874294952	0.22877512359242064	0.23298212601219165	0.2537404934218574	0.2293363628958636	0.3137255864955312
KEGG_LYSINE_DEGRADATION	0.26369125828400897	0.2689092452058488	0.2756021562180443	0.2726350614859464	0.27625772285371936	0.2804767608230966	0.28902573587659075	0.27970327134723	0.28980494698553655	0.2938308672675131	0.25807690712816095	0.27548144785264816	0.2836149249128166	0.27552859075745206	0.2654314753704626	0.28679856846862933	0.27962075967450806	0.2939828768655082	0.2806001691281009	0.2958218388042889	0.2505263228071329
KEGG_LYSOSOME	0.28151730894131316	0.20003200384012867	0.1564686291174026	0.1947243420351276	0.1734833754957477	0.18834481741629527	0.22226885409882655	0.17545862959479483	0.1477126382918067	0.17837432176965887	0.19299652371170573	0.18176981465796008	0.19004442111480122	0.195863054218422	0.17974255706252235	0.18081180672706457	0.190511641958335	0.24303454158358384	0.1912415822781106	0.19154320014415496	0.19520592269293938
KEGG_MAPK_SIGNALING_PATHWAY	0.16842499467414682	0.16649067668154519	0.148336196605094	0.16091296481185693	0.15376541357097775	0.15746753639171637	0.14280921905512456	0.12279006707047019	0.13677826347591818	0.14071956512394462	0.15673422287318467	0.15156950626183258	0.13506990059021426	0.15949746941383278	0.1712744489927792	0.12148183239366629	0.1438852797473494	0.1393186672732115	0.15390673521649467	0.12685932642099643	0.17239606626500936
KEGG_MATURITY_ONSET_DIABETES_OF_THE_YOUNG	-0.31903143992354616	-0.21578261488889425	-0.13686801967995527	-0.20125409850477444	-0.166196742603143	-0.20670519090044956	-0.24393691813180093	-0.17300983234028194	-0.18179912186560826	-0.22288940864726714	-0.11589193192217168	-0.17282725819017883	-0.1875924281076976	-0.1993068138087814	-0.18171777148060794	-0.25613471305245594	-0.18920424468908112	-0.1913845134514906	-0.21007603989655307	-0.20934388782346086	-0.24772319974360849
KEGG_MELANOGENESIS	0.13011549300471795	0.17353530100529643	0.14530063617823208	0.13353606837069834	0.15748890074996158	0.15495109225689638	0.12807840808004142	0.16813665291733004	0.12050098742074192	0.13916584482901237	0.1384762686771419	0.13733336495833023	0.14030682060342717	0.15313640429674463	0.13768229679282135	0.11556432783158943	0.13971440044248817	0.14609720697571926	0.14621191684907012	0.1410219611443703	0.14025818736816043
KEGG_MELANOMA	0.182383823674409	0.1625487017405334	0.13652688118187434	0.13861144726975755	0.15663244745690344	0.15804039176899873	0.14851452179040306	0.1269750334578338	0.13412060792111635	0.14013213317795656	0.14189327118642792	0.13760510170628487	0.1574087856331001	0.13876438689595272	0.13654232013401743	0.14857287418958626	0.14955241460728028	0.16251918731648793	0.16348748490021942	0.15710317929164783	0.1411287544183734
KEGG_METABOLISM_OF_XENOBIOTICS_BY_CYTOCHROME_P450	-0.18360471281268426	-0.200157683838929	-0.25177343276834263	-0.21400810937166648	-0.19749683565539522	-0.22996910634290346	-0.186844451110811	-0.23538941187326737	-0.22961103923171672	-0.21094556029387182	-0.2334984886881188	-0.22936079989185004	-0.22037797103151044	-0.22209135980329303	-0.23331205687914594	-0.1891894393403739	-0.20720710307589857	-0.22303891507104082	-0.21490308717965703	-0.19045721168266447	-0.2468859729202487
KEGG_MISMATCH_REPAIR	0.18127962916207088	0.12544424310363703	0.2226604054303944	0.17918262138546973	0.1928055332579355	0.2172699175993067	0.23122524908530073	0.2930664698583264	0.22140542646935207	0.24541240496260525	0.16325548661138797	0.17014459979623095	0.2474714424069722	0.1588667555159196	0.15492477659548634	0.2016286788127038	0.1869793234238053	0.2634651798181793	0.23572753398946647	0.24090787288022608	0.13040493593662839
KEGG_MTOR_SIGNALING_PATHWAY	0.298235040350457	0.2705452871975389	0.2735585906008115	0.2760884976203516	0.2690650693057678	0.2756139801806566	0.2819355084541094	0.2487197482093194	0.269002339849247	0.26707014353295844	0.28020983016500894	0.2776579735679224	0.2653289001927394	0.26381068900878485	0.2811974471462163	0.2652250020698645	0.28230451286930713	0.26990941922428474	0.2740196111221967	0.2573751453271498	0.28880092730370377
KEGG_N_GLYCAN_BIOSYNTHESIS	0.28743457082303875	0.19065061125176883	0.2075638149227072	0.21666558545566222	0.20883456705098127	0.20874168973221371	0.21710427946094948	0.22795928587604342	0.20743091779714715	0.2241054892225688	0.21539397880112848	0.2113935580857793	0.21649153276164318	0.2056268060495566	0.22117715690461226	0.21709828441971368	0.2030918366107394	0.2263907942190467	0.21406312039586847	0.2146462384757727	0.20907387088499976
KEGG_NATURAL_KILLER_CELL_MEDIATED_CYTOTOXICITY	0.09924102622420572	0.01912300383832617	-0.003510655683474191	0.012368147097484933	4.190881119898555e-4	-4.6179392572680695e-5	0.019730788733579717	-0.021419833742501625	-0.020481094153284304	0.005944769150358964	0.018787507113765815	0.008221948011500693	0.014682375822514067	0.007092874448391351	0.008743606200497817	0.010051945715504502	0.006815934788252149	0.04879958251598743	0.010859005366823023	2.470293071479127e-4	0.00659211769464421
KEGG_NEUROACTIVE_LIGAND_RECEPTOR_INTERACTION	-0.20602541675712654	-0.13440085842790164	-0.1733663178748676	-0.1692230977986988	-0.1830147133240163	-0.17737106429567892	-0.1998170906362692	-0.21661388868163622	-0.18428075313253425	-0.17666129975508912	-0.17238293767626342	-0.17367731409307155	-0.1836170845947106	-0.1580848599974454	-0.1489093691596901	-0.1890706540765615	-0.17321453783896568	-0.18602842321847501	-0.17458036928271342	-0.17826211290529537	-0.13480286079408374
KEGG_NEUROTROPHIN_SIGNALING_PATHWAY	0.3010723371118045	0.29782630495049917	0.28901995604331276	0.29966089380600247	0.28120258990347735	0.29056785371468263	0.2799937814079967	0.25173191884533086	0.27556251692710115	0.28249646201204315	0.2900273057047471	0.2976653480961267	0.2811144935626293	0.2885573118333522	0.29547107071621337	0.26051338348588654	0.2824691257988892	0.2886661343121075	0.28913887037084574	0.2715532721792748	0.2952883832805533
KEGG_NICOTINATE_AND_NICOTINAMIDE_METABOLISM	0.08662908948536961	0.014833911244058574	-0.006680806574879764	-0.011152955637234313	0.014842195833444849	-0.007688727907127292	0.02145562717567638	-0.01015119547105165	0.0017798875025553588	0.020478046359316705	-0.008574748714091392	-6.864435735977291e-4	0.02058834170939451	-0.021721243494337093	-0.019819599902235155	0.06418899715751653	-0.006765657959804476	0.030748038400780178	-0.0038901873217682594	0.005542044604111751	-0.012181741478148848
KEGG_NITROGEN_METABOLISM	-0.057012808661770234	-0.054449574542147904	-0.058099515289624204	-0.07244463454089854	-0.055976672471224447	-0.06045236645391975	-0.029993153330110652	-0.045737661859554676	-0.06343224068048742	-0.08711343833780426	-0.08189750478606088	-0.08072153783522555	-0.04067905051900124	-0.09932660050272862	-0.07265378858111503	-0.026975654234329412	-0.09189399680407645	-0.08267438828941966	-0.04417759214970182	-0.038984433604716685	-0.04595355310763172
KEGG_NOD_LIKE_RECEPTOR_SIGNALING_PATHWAY	0.11248863530567778	0.06957395215382155	0.05200789578439593	0.05001958094840038	0.0713843602635758	0.06994756890107874	0.08071495329396237	0.051910681362423154	0.06611593845561735	0.06477470923360377	0.06293299520925709	0.060305833824318554	0.06662078803765747	0.06878337271776358	0.04661346201932163	0.08464104636987954	0.07099221167714158	0.08549638791905885	0.06350161601750086	0.06400810679056931	0.0529060928595596
KEGG_NON_HOMOLOGOUS_END_JOINING	0.20026886205510208	0.15576338530849848	0.21668051341963934	0.18255728401675886	0.19838837496425793	0.2129623220945209	0.23841558024634985	0.22422213119395742	0.22933830207502218	0.21173468477625074	0.21572209105706297	0.19316522332774302	0.2456941586335263	0.2073270683036611	0.16792900806956237	0.2631573068527376	0.1869615071321456	0.22878628423030975	0.221307497352607	0.25157783247685367	0.1902859951073441
KEGG_NON_SMALL_CELL_LUNG_CANCER	0.27721263282754033	0.2761879458224087	0.24781305473672363	0.258765307252585	0.2634487319273712	0.27342154963309295	0.2605347674290272	0.25736073068820253	0.2427758062034712	0.2678701608200913	0.2543861712538904	0.2566553814164194	0.25276337687130584	0.25825369108611446	0.2600313064851705	0.24061605609810308	0.27113195005071294	0.27298781890287166	0.27102397442608817	0.260342161190015	0.2522623582580931
KEGG_NOTCH_SIGNALING_PATHWAY	0.26828857146415175	0.2758251648563292	0.25922808580919926	0.24926764459812548	0.2810633090658442	0.2764170259321941	0.2584660252243276	0.3351805962275529	0.23926054492447602	0.2281730514246119	0.27716810917282403	0.23913564169701546	0.25871702574477495	0.275692870637205	0.25709311685944974	0.2461261508401433	0.27893692030646583	0.2730063541705395	0.27286090776891825	0.2857864645484112	0.22714472308010394
KEGG_NUCLEOTIDE_EXCISION_REPAIR	0.20037340602310713	0.13729218001790744	0.19099927282946072	0.16797853655088954	0.1720658976066609	0.17673018899044501	0.18924976453000064	0.23268027180223536	0.20484031004144004	0.1993772432540635	0.146606600573293	0.16729798902206042	0.20609021266498742	0.15462842088969153	0.15841391650190867	0.18768283973064848	0.18037863753923608	0.20295668714391585	0.18657262493555252	0.21905598531484954	0.14852780149424383
KEGG_O_GLYCAN_BIOSYNTHESIS	0.1139637929320525	0.049441854036802096	0.030217313567282775	0.004226758404125291	5.313871361299238e-4	-6.855539637478404e-4	-0.022889030763024627	-0.020714959801785768	0.022644397240688764	0.022699408808504146	0.017140738835884156	0.014670164225746596	-0.020823130778858317	-0.006007494863496024	0.05262569214026921	-0.0132335733210887	0.007516861301270982	0.02291787952779839	-0.013581070379679509	-0.015560303128124535	0.04072212042159986
KEGG_OLFACTORY_TRANSDUCTION	-0.45531493003249807	-0.45426586988677814	-0.4636432338717273	-0.46177925134545134	-0.4492648568190812	-0.4607988263744715	-0.4538279680927381	-0.4592234563736059	-0.4603739332351162	-0.4584521124846428	-0.4619375251149559	-0.45810711398384263	-0.468400331598059	-0.45466896424804615	-0.45412845341355734	-0.4515905715825924	-0.46058954842765826	-0.46086873182103816	-0.4497272614749434	-0.4525437528780126	-0.46031912397661323
KEGG_ONE_CARBON_POOL_BY_FOLATE	0.16075806520667701	0.1242019049195298	0.20022422164788564	0.17008128106526643	0.1897511716544319	0.17781493064055856	0.15493522695396503	0.2582653494825186	0.17288345973232885	0.1930892336044265	0.15505797843015048	0.15398766688272986	0.19576996266262378	0.14955512935784204	0.15309567837405816	0.14657591850079704	0.12346068117738232	0.20153733270936855	0.17875278582925994	0.21095491245605644	0.11933254156783846
KEGG_OOCYTE_MEIOSIS	0.22077586834505233	0.18862895804372376	0.2178492805853658	0.2034707638301998	0.19237890702275112	0.22502799422774553	0.19975301922478064	0.22285745753984273	0.19055530591885034	0.22838741161829518	0.20060141147010932	0.2108332106691194	0.22063347505770448	0.1905217262498925	0.2068855249112748	0.22235357959595334	0.20770922957071222	0.22126236917074005	0.2165051501930213	0.18999880846975742	0.20495328494356216
KEGG_OTHER_GLYCAN_DEGRADATION	0.21532702293687817	0.09100088939375893	0.018582992419816646	0.07344025374185596	0.08622432088821737	0.08040868877615752	0.1524903084229421	0.12125582358238379	0.04397049158598647	0.03752289437286339	0.06739574137834577	0.05679497008933266	0.08456007830587549	0.10420866732962186	0.048809728691619106	0.10348797296326429	0.12395620366200408	0.10878258066235881	0.10438753924753186	0.11248430999683615	0.06996107171912835
KEGG_OXIDATIVE_PHOSPHORYLATION	0.23549687091852559	0.23673631735181294	0.24979930643612044	0.2654422168563994	0.25458668893987985	0.22402626581025734	0.2459367222767149	0.23298261948661642	0.22317533301086073	0.2708483393813171	0.2222041942202564	0.24365287845324626	0.24624118510915477	0.23762315238207007	0.2617342556221442	0.23731895211297963	0.21994766266193036	0.2413476838654785	0.24184846541800684	0.26521467609494637	0.3031884165790082
KEGG_P53_SIGNALING_PATHWAY	0.2540379198921041	0.099997847815872	0.15658093994853742	0.15596358113225128	0.16376918038280067	0.1505701174071182	0.18798925333277722	0.18057617144551993	0.14377207718058643	0.1640216497698906	0.14585525818675216	0.15550441502025483	0.19257281147895747	0.13301677517979607	0.16230542605639647	0.16276615252394147	0.15026201888049429	0.18946327246823466	0.15390668092042356	0.14822684045069873	0.10572856162619704
KEGG_PANCREATIC_CANCER	0.3032131206459508	0.2611486309575784	0.23549226895014316	0.2578963616378747	0.259006253088426	0.26624154132545874	0.25961955416284965	0.24874421488761173	0.23188480074817336	0.25411903023413374	0.2527319352894204	0.2531198239089267	0.2668139774846656	0.2448046340057062	0.2459583255537662	0.2439277499212042	0.2577367017573307	0.29303599555385224	0.26140745567776086	0.25445589777489447	0.23643675641031428
KEGG_PANTOTHENATE_AND_COA_BIOSYNTHESIS	0.07104422690612609	-0.022582343261048753	0.004723358273941571	0.016467179843137482	0.04502426245190845	0.011817946616849342	0.022938890062403784	0.05727779802785283	0.004932079885853703	0.020863222773407013	0.017530919004973423	0.02827065561894359	0.03533657925131444	0.026044246263110044	0.01343743141648306	0.01190581875509871	0.0030557646640878753	0.031070042453600087	-6.161670829139717e-4	0.020663755539294164	0.022641243657985116
KEGG_PARKINSONS_DISEASE	0.27097410878760214	0.25917943305246655	0.27151830259598286	0.29541937193980805	0.2800574312964472	0.253760286813553	0.262071332431486	0.26164369475709665	0.252627366383931	0.2877594353443825	0.24831307872302535	0.27383615122322363	0.2810326159386514	0.25664231546798044	0.29330933103364	0.262622353868808	0.24459416524397373	0.2712617186927172	0.2671485900628086	0.2860346340973059	0.3149021276975179
KEGG_PATHOGENIC_ESCHERICHIA_COLI_INFECTION	0.3157101971697092	0.29233280277185303	0.2781874379531697	0.28281227039862156	0.26883097259174893	0.2831260136830535	0.290175215426612	0.26465312483216596	0.2588389115661285	0.2855182091300184	0.28039465623454385	0.2790170845050257	0.2835939851023513	0.28638359802840035	0.28309500540092564	0.28981352636115176	0.26892127148655914	0.3068224244710819	0.2872590542898185	0.2802022349221712	0.28933898243897704
KEGG_PATHWAYS_IN_CANCER	0.21460089922774966	0.19352047201684222	0.1706229035988654	0.18729652899789231	0.19612842194175686	0.20215207879634794	0.19007853712858183	0.19417790983957278	0.17419272247462445	0.18384920495728532	0.18445950432465238	0.18425947147396518	0.2008579015651611	0.1825362845013692	0.1697439109615138	0.1909141322318125	0.18767074498761388	0.21878555849426254	0.19841602256036986	0.19769059932399508	0.1527878192991784
KEGG_PENTOSE_AND_GLUCURONATE_INTERCONVERSIONS	-0.16505694278058786	-0.20930270749546137	-0.2330837128924777	-0.21766855933884977	-0.20062545259971634	-0.19550776651780594	-0.18038668951592438	-0.167006121431635	-0.20394347076253622	-0.19748968231174094	-0.20357996303529613	-0.22472991880272308	-0.17997880902538255	-0.21716049191305542	-0.23045067162461094	-0.20592971920291558	-0.20923566059963647	-0.18520599014202146	-0.1881252515090286	-0.18258677679767263	-0.2259913778246115
KEGG_PENTOSE_PHOSPHATE_PATHWAY	0.15032547132423377	0.1649020431195572	0.15371869202698316	0.16244512432996644	0.17520266876512894	0.15526577346397363	0.18188592374735096	0.15785471051762381	0.17033082734469	0.18244610590839822	0.12649478606245923	0.13539821833755322	0.15516557877986256	0.1556198361164745	0.14689941024458406	0.1581331933998549	0.1534794909100144	0.15706950230562505	0.16154083963831462	0.19229006306028762	0.15209319436043386
KEGG_PEROXISOME	0.1134900647913167	0.09736279866643247	0.06751290012659501	0.0724171645631387	0.08086076194219305	0.07542054350134826	0.10712630196188823	0.07149590019559238	0.07008056384985063	0.09155237385707857	0.06150354075702549	0.07332501038735853	0.07771791241912965	0.07548533037271768	0.08061450547404952	0.1160789396657098	0.1034291033904902	0.08062259927414266	0.07960813869328323	0.11111746955467539	0.10239744794162844
KEGG_PHENYLALANINE_METABOLISM	0.003954272726526765	7.583926857897053e-4	-0.032251449705290224	-0.04018362455493524	-0.01892343408191772	-0.04150021619777018	-0.019979486486953506	-0.077071750804502	-0.06115394489609829	-0.03675522420208168	-0.06263751579856619	-0.06170814578344653	-0.01646041084829784	-0.060171773225974216	-0.0471845620990807	-0.02933162290578507	-0.04160717697591463	-0.00846000027753302	-0.03474096282137795	0.0026244034544067258	-0.03542437415830725
KEGG_PHOSPHATIDYLINOSITOL_SIGNALING_SYSTEM	0.20835400498657922	0.23336853563378238	0.18004993678771955	0.1881136475657952	0.18109116129760586	0.20249552646443392	0.1743151412916656	0.16239052407557555	0.17527626164028265	0.1606171822849611	0.20929992606287395	0.19258836596555398	0.1688701784082824	0.19568847462502928	0.21336821435584863	0.15775105807736536	0.1705416180777668	0.18787846871169595	0.18649549217412817	0.17530806394041612	0.22360090775834832
KEGG_PORPHYRIN_AND_CHLOROPHYLL_METABOLISM	-0.047910496345412376	-0.10241146180426089	-0.118776106399511	-0.10599497675275521	-0.11898008364314176	-0.12921010299492885	-0.09125990251624413	-0.08003608145586509	-0.1202069358228813	-0.11861661222487034	-0.12444205097730202	-0.11130707784826407	-0.08798672300741876	-0.11340043196995582	-0.10467953682867165	-0.09309083983341046	-0.11435929931207131	-0.070244972354683	-0.11628461293748212	-0.08863388481622109	-0.10641284251944215
KEGG_PPAR_SIGNALING_PATHWAY	0.05092180297834887	0.05290655832002119	-0.02221956458279056	0.022324238115555752	0.01853647177018736	0.005559282552119157	0.004839337838278374	0.0092975321480059	-0.006065012912895385	-0.004043746462810838	0.004381944552102488	0.009872930235592966	0.001300978815037504	0.015495593731134561	0.03238493558059864	0.0055399136491249825	0.030627824528700442	0.03351565679626129	0.01063268571367175	0.010163153974077735	0.028833491922561898
KEGG_PRIMARY_BILE_ACID_BIOSYNTHESIS	-0.06706022662489983	-0.08335804602681911	-0.16695375368218313	-0.12666274371015399	-0.10145658667207202	-0.11435887806214579	-0.08101163394161374	-0.14898746282808448	-0.12135051112423033	-0.112462038301937	-0.14316657087457418	-0.12090904632911646	-0.09598356875755133	-0.11563414660147908	-0.14993775728467473	-0.05820981506172829	-0.07896985774904176	-0.09913298483041126	-0.10212591015159611	-0.0668748381760365	-0.13659641728162128
KEGG_PRIMARY_IMMUNODEFICIENCY	-0.040699133394565906	-0.18833869373590503	-0.20674342501812656	-0.18110364496387912	-0.17844804291628308	-0.16528663604185245	-0.09666223701682274	-0.18916261744302915	-0.20759864746511567	-0.169349068173984	-0.164903679302942	-0.18335558693981877	-0.1502011456571584	-0.14443311730837463	-0.20641393846322686	-0.1526875497072102	-0.1909219357190744	-0.08296774889435682	-0.15696257216572174	-0.1727118568399336	-0.18538414664566888
KEGG_PRION_DISEASES	0.241101425738108	0.22781114249950038	0.16127575076132092	0.2304777440231158	0.22615906862878613	0.19758458217341793	0.21872002093546208	0.158351253658496	0.1395063391906399	0.18520798484493464	0.21804394859516843	0.20792417557165238	0.2136263001499737	0.21436553264728161	0.18684244252063584	0.22858383245942065	0.2556076363646451	0.2375584826156427	0.230369016068415	0.255439837168649	0.207952740486159
KEGG_PROGESTERONE_MEDIATED_OOCYTE_MATURATION	0.22337895843269734	0.2002886621292822	0.23335655123587032	0.21640125911893662	0.21945469580593555	0.22944960349677454	0.2231381655717092	0.2388482833918719	0.20433952377207626	0.23791736527320645	0.2105567891942551	0.22391178358754374	0.22782956647677227	0.21120887575457117	0.21207087892300375	0.22955836431033141	0.2354109777485248	0.222046971408036	0.22540957067980863	0.19675411930300946	0.21459698297391586
KEGG_PROPANOATE_METABOLISM	0.22074776752725875	0.20833020689741563	0.1451552610103735	0.14750458609810488	0.18660637810572384	0.16733578431578758	0.20219961984942708	0.22121352110072487	0.20232404931082462	0.1761492046221945	0.14728727305281936	0.14482937083565509	0.19881205408431385	0.1502297661029176	0.15454775006733124	0.24562781864078087	0.18347782796248857	0.19877818234293826	0.17973280716815593	0.23739208763538794	0.18301180657752764
KEGG_PROSTATE_CANCER	0.3011990560963186	0.26351734069040134	0.23012565454784725	0.25378539680104933	0.2653404118096648	0.2706891403248755	0.2505029203256815	0.24624831410133494	0.24140419299979146	0.2462344844614637	0.2442106752357786	0.25423983654631527	0.2727385693173905	0.24950834390130153	0.2249999391962149	0.25849173508995316	0.25265495998820625	0.27395382607066027	0.2718611600389472	0.27042500722019364	0.22831297742826084
KEGG_PROTEASOME	0.3044549289629384	0.1848054786235219	0.24414237341217515	0.261977423163585	0.22886771650428528	0.24777204619917165	0.2941435101467974	0.28739288756385434	0.21765802719419908	0.2677233407937648	0.22664166876836578	0.23979587100778119	0.2666656430396899	0.2289879534181697	0.248561449518722	0.23545681501633287	0.20577959841596405	0.2648281044602711	0.26613063444473434	0.2685334468224795	0.25097884264187564
KEGG_PROTEIN_EXPORT	0.3147138562234312	0.23319754342120616	0.24415588773339877	0.2530456981942026	0.2443696844266635	0.23868906402964657	0.25801865737733265	0.2696218589988362	0.24254961197168087	0.2953532133156451	0.2529718343849489	0.24639093959005542	0.2708496305837083	0.1901687975596457	0.2428455566001765	0.2647108582602499	0.26823226243576564	0.26389256802634675	0.2414152026388395	0.2617879736628403	0.24808728938268204
KEGG_PROXIMAL_TUBULE_BICARBONATE_RECLAMATION	0.06775397740143026	0.19838728629513275	0.07966253800416706	0.08166466481866476	0.14897782199508908	0.08403432830614338	0.09282584906334955	0.13326545392816955	0.024413982633938455	0.051380691377511466	0.06615200267044297	0.06049056398441392	0.08571889880272503	0.07420500134138688	0.10766966729052842	0.06359477341908441	0.07830426175734463	0.10153964058115492	0.09428307753193525	0.09751547361240862	0.15116250312419738
KEGG_PURINE_METABOLISM	0.1340537993195048	0.09095324912355915	0.11879967827329806	0.10542919219626508	0.10906743439500874	0.09859208052527714	0.10642579348004874	0.12101584932630739	0.1007501366489881	0.1199034370362086	0.10040144678807454	0.10550197229721134	0.11580848711427438	0.10276629006930513	0.10303522646376817	0.11398748460768096	0.09658716823160599	0.1123154154161566	0.10272415751522154	0.11934180565890226	0.10655243790661997
KEGG_PYRIMIDINE_METABOLISM	0.16082828152531317	0.09500039227577857	0.14897536223688448	0.1416725699112399	0.13515479724918605	0.12418224014995077	0.14531275821289508	0.17991706957747966	0.14030611098001297	0.16599976135845346	0.12351724769393299	0.132177118726197	0.1498790881743078	0.1298421984878454	0.12701218140472975	0.15298125587786846	0.1374292031920201	0.16340186059239936	0.13351345589781613	0.15674473950171497	0.10589233505525565
KEGG_PYRUVATE_METABOLISM	0.175726106037923	0.16465405089414123	0.13330007792939103	0.14383433836027712	0.16504209100913655	0.14612461933236576	0.1790340538426219	0.16939507288396294	0.15655320792186228	0.16682312425662485	0.1404889412465707	0.13114678422095122	0.15956025260228915	0.1482094452690463	0.14519033510914725	0.1750551617948423	0.14684633661236696	0.16089536542178468	0.15232047307072835	0.18845481970380598	0.17503374738731928
KEGG_REGULATION_OF_ACTIN_CYTOSKELETON	0.23345173042284026	0.2030032744237643	0.17403542965845942	0.19359215589741732	0.18239641892917788	0.19176931707517153	0.185551493255497	0.18799777583364027	0.16769955898236072	0.1908630376776389	0.19818085316025058	0.1852393650315449	0.18861611817901938	0.18130880429462445	0.1892790081248778	0.1770609562155071	0.18312810936919038	0.21712198511947103	0.19339588779608588	0.18380079617493478	0.17651529763207102
KEGG_REGULATION_OF_AUTOPHAGY	-0.01772799908251261	-0.010397992697744251	-0.025666834563137363	-0.007904640986550544	-0.011798997717241619	-0.013705784586900149	0.011889146545704473	-0.015297229014796214	-0.015711436403500267	-0.04420845574737133	-0.023467330440562335	-0.023097147326397855	-0.006976225233754994	-0.024082526217949575	-0.01360163509336157	0.006572008490391842	-0.020812119815916505	-0.022939617153231753	-0.015369543581375985	-0.022675483541351394	0.003013265117524283
KEGG_RENAL_CELL_CARCINOMA	0.32005229277480696	0.30220599226599765	0.29854465747934905	0.30692704632975737	0.30347157981469514	0.30568920219109125	0.3077920139168407	0.2526344712620907	0.28059365086443816	0.29392243606592044	0.3061551369734064	0.3039595110575662	0.30560408997489447	0.2763606309044454	0.3073424627471459	0.2813792416277615	0.28751182773916617	0.3136619997286424	0.3083927962540212	0.2919914665055148	0.30310603175871115
KEGG_RENIN_ANGIOTENSIN_SYSTEM	0.04975132227356594	-0.06520024746230374	-0.08078386946127449	-0.06984802387791195	-0.09841514564699043	-0.04777478170679321	-0.0766556161701797	-0.11112983598316202	-0.07013315484518653	-0.0753746147584026	-0.06417287532744609	-0.06634667772401791	-0.05731738643901827	-0.04904760782480421	-0.029425223483259287	-0.09995340879262714	-0.10320705646586247	-0.01904344343101959	-0.023853208686975495	-0.07072472786329469	-0.03753943328552481
KEGG_RETINOL_METABOLISM	-0.245659236923999	-0.26651202159702625	-0.3183080091224947	-0.2854517348503928	-0.2735319221541333	-0.2875606104104139	-0.2508147317607048	-0.2804945031321784	-0.30919066155887276	-0.29522152850996125	-0.29544548358026734	-0.29354984317112115	-0.2853398029721618	-0.2809020268313836	-0.29638319646672046	-0.25923939519462413	-0.27232085012779694	-0.28072350524025624	-0.2774336814355098	-0.26369463339797317	-0.2891331418167205
KEGG_RIBOFLAVIN_METABOLISM	0.13524349673904576	0.04428956038563252	0.06349905203632944	0.06592349944583802	0.059328725976895494	0.03694022495142326	0.110289752628684	0.10119286863696292	0.04244198329708815	0.09386818638979606	0.061518139764221214	0.06250062688033355	0.08144104646527824	0.032992756336442074	0.08965789539925371	0.09754514499563138	0.054427109046274125	0.09712568498304133	0.03971613010851055	0.06845245244513186	0.06223478097764942
KEGG_RIBOSOME	0.5296111444458184	0.512966837253021	0.5138332804002579	0.5233803181603321	0.5191392686330403	0.5042489670284435	0.5246264714013276	0.5238119068120645	0.531599668401941	0.5272804576059108	0.5205588459679278	0.5227020601306208	0.5273778072963711	0.5200845476718883	0.49170731555238145	0.5310328650705077	0.5125592281075062	0.5142315690910131	0.5215775993264218	0.5295461399933633	0.5096418165007295
KEGG_RIG_I_LIKE_RECEPTOR_SIGNALING_PATHWAY	0.03993662088680393	-0.007362924369586384	-0.020960558657241998	-0.03318327488738029	-0.006740650931674601	-0.014441976960385027	0.017498637940868568	-0.022945819080819285	-0.006180954598447356	-0.0026675881112496335	-0.010679905651037313	-0.01616699516866678	-0.012116261959423575	0.010361602661294253	-0.015337985119024292	0.01438227666147375	0.004275143529421878	0.005739798007195211	-0.0022926365893327777	-0.012141519229367126	8.551946323054788e-4
KEGG_RNA_DEGRADATION	0.23937283983359256	0.21767794642379448	0.27244393340746553	0.2579477421264588	0.24578267629882292	0.25083014146348337	0.27227416382441977	0.26881612029397306	0.27596843686611655	0.26608952284678516	0.2576071216171067	0.26017594587837467	0.28147350079912353	0.22001644003159038	0.23820317283534514	0.2838040280836291	0.25678985323842307	0.27123036400923733	0.2534416674798899	0.2678529373006023	0.2366440128148792
KEGG_RNA_POLYMERASE	0.20448969035208325	0.17816384280323086	0.22141852102449625	0.22641496263173158	0.22192076795778085	0.18039108690314504	0.20671793957341988	0.23305980371571855	0.23004212252498268	0.23669461752928034	0.20127285615878862	0.21117246613369917	0.2105295108842933	0.2058515446612668	0.2007881896184695	0.2305250055567594	0.2135522060897889	0.2055545994073792	0.20321882145575565	0.24885435518349108	0.20418114378190935
KEGG_SELENOAMINO_ACID_METABOLISM	0.166744717178127	0.1406452660757875	0.1457920559921391	0.16272994498806967	0.14217277561509906	0.1336162155218911	0.13846825134673177	0.19034716413757152	0.16289757830045706	0.1420540952324698	0.17636994833305789	0.1429652328471247	0.1507006489184141	0.14507165378094733	0.13816148242741785	0.15329291404818768	0.12316154348619836	0.15802871183359204	0.13853263867793839	0.17331512707528543	0.14782835596488986
KEGG_SMALL_CELL_LUNG_CANCER	0.2706839751799947	0.21008185047638808	0.19933656794406443	0.21908300317136933	0.2350477332142349	0.2545366515968959	0.2438590098330546	0.21760367245092835	0.20332074511601947	0.2326484922571621	0.22087653340185726	0.21991555242082436	0.23804111069737377	0.23011508304984066	0.20425322343690985	0.2386291107964044	0.23222913234676346	0.25809659402436236	0.24503613036439648	0.23746087897556512	0.19033779458449113
KEGG_SNARE_INTERACTIONS_IN_VESICULAR_TRANSPORT	0.1519046099595397	0.1459782357552434	0.11450693581250568	0.15577261118345137	0.13443395323264434	0.14611454152094638	0.1214567084852417	0.09587077812982386	0.13452345243425012	0.13135717788729906	0.1531962087101599	0.15939967068289423	0.11315500596792336	0.15305266679268895	0.15126999077851283	0.13300040689001363	0.1540468394689336	0.1319402873359075	0.14027283082791125	0.13135848087320073	0.1581767315205362
KEGG_SPHINGOLIPID_METABOLISM	0.13074058938679092	0.10011367232772149	0.059768785443464686	0.07155397705880817	0.060582128900301874	0.06168940508267861	0.08719036534791336	0.06190637162342718	0.040358475146770496	0.07130525866472573	0.04923584667622398	0.06351496785417717	0.05677653148803463	0.06425994426673381	0.06382343397987987	0.050296866402067694	0.09594323227231527	0.07429144929439503	0.06897875474472591	0.06447763180266283	0.08130957628606802
KEGG_SPLICEOSOME	0.3056693204027065	0.2981248350954061	0.33988579362444266	0.34087805738522875	0.3330551918724261	0.33526031500833287	0.342081446423742	0.3586714949067288	0.3358005591662604	0.3568840282100036	0.32300896289200337	0.32914469779448435	0.3472228034114897	0.3146514430094428	0.3155659014469558	0.33233249705074014	0.3298391373661098	0.3256111953233498	0.3398168749642757	0.3484497677111379	0.3073441220875109
KEGG_STARCH_AND_SUCROSE_METABOLISM	-0.07011383419594486	-0.09495662317073277	-0.11073175194086911	-0.1089721930318508	-0.1105494087848869	-0.08460962181977724	-0.07977189313726098	-0.09432190457141279	-0.09358790227542212	-0.08914006403070612	-0.08760956907791563	-0.10519544663069007	-0.0627124383578261	-0.10343482686307841	-0.10330011360109018	-0.08408979568762036	-0.10842804400783504	-0.07625523555205527	-0.0782787019914067	-0.07448280591440987	-0.09904835893778363
KEGG_STEROID_BIOSYNTHESIS	0.10383109174171772	0.08245708474933204	0.16658950298114425	0.13222323671509295	0.1101390223206693	0.1443397078254493	0.1805470068740139	0.17499463093040662	0.12778747785782338	0.193897050541899	0.0835032392268342	0.11498527625676233	0.15241247091922888	0.08936686699763867	0.14811831573122552	0.11179607456660369	0.09451178768627423	0.1617640577828002	0.14125167285512122	0.09837259219765522	0.1480382815034413
KEGG_STEROID_HORMONE_BIOSYNTHESIS	-0.221179604409785	-0.24235244565464478	-0.2880172116471869	-0.27472867553226055	-0.23494325591403248	-0.26076207019441694	-0.21480016594855084	-0.2736569923977943	-0.2769015586640186	-0.26247395970785403	-0.2842490114210173	-0.2621559392585822	-0.24724006732023449	-0.2568046776732809	-0.2727960628931658	-0.22360652957829438	-0.24874766648691635	-0.2569015608383337	-0.24341574890032922	-0.2479944997668667	-0.2641031394971712
KEGG_SULFUR_METABOLISM	0.12324795586791587	-0.011509207128780546	-0.08493692096463885	-0.04401347705205091	-0.03821681424066727	-0.03944096315266189	-0.02180836773642039	-0.06454423680189561	-0.013081971638926526	-0.03226820884787072	-0.04779071825779961	-0.027807789539444617	-0.04628049163218437	0.001306429805686317	-0.025640843877521136	-0.02961636408271583	-0.04836978809103908	-0.007151446780370502	-0.0470472696368093	-0.032402967989264744	-0.03581998625628539
KEGG_SYSTEMIC_LUPUS_ERYTHEMATOSUS	0.16055559185382817	0.05219144290832027	-0.0713113363854261	0.06486547186203653	-0.009611495969976673	-0.007050981233609337	0.09261856013840598	-0.03734871857224478	-0.05747885939442794	0.00571324120773652	0.09379886985169418	0.025243978291862326	0.08824038764413371	0.03617010766137359	-0.09493813737273497	0.07899143130781153	0.048135806169814846	0.14827536165943242	0.04205595736502128	0.0766464231397492	-0.015136848748868724
KEGG_T_CELL_RECEPTOR_SIGNALING_PATHWAY	0.1741553675945033	0.13968894896707548	0.13065416911941607	0.13961004094466264	0.14560349567101588	0.14297901075739813	0.15586681672561867	0.11516931510405522	0.12910725262897255	0.14908929955568642	0.1468816928212298	0.14364068128804963	0.14604467197977827	0.13736630395086386	0.1330502083352976	0.14189334362884032	0.14201421567356284	0.1537542393695955	0.14577243595904513	0.1337881605709003	0.13182582674580456
KEGG_TASTE_TRANSDUCTION	-0.13723111586319245	-0.057929739031728864	-0.07522527419421976	-0.08363242721784422	-0.08122844308924809	-0.07743728157187513	-0.10480382627287686	-0.14454368145749302	-0.0755787122110131	-0.08561080487143184	-0.07509009205522325	-0.07095506750009291	-0.10538703040263003	-0.05879039732777142	-0.04290088433368494	-0.09780809207995202	-0.07688177736199549	-0.13086146856724581	-0.09935860718270244	-0.08011270295949276	-0.029927207539820228
KEGG_TAURINE_AND_HYPOTAURINE_METABOLISM	-0.07212779643661918	0.07078110069611986	-0.08105832557067749	0.0022006363406896086	0.05291489394486514	-0.049710868097625205	-0.010096898300787237	-0.018529233197734078	-0.05678244089292582	-0.03536908661046916	-0.012075030848125818	-0.034598233655904705	-0.04757069730761949	-0.013925049538545528	-0.043295459999171414	-0.0423437879947181	0.03366057473605973	-0.06876867596894948	-0.07198824589674027	-0.0057030547054903865	0.012767987413242275
KEGG_TERPENOID_BACKBONE_BIOSYNTHESIS	0.12374484910501238	0.042865179915535616	0.12708656182208755	0.12122326701237544	0.08049403669395146	0.10860741895782067	0.08857541696970454	0.14727885050408743	0.09384763324951555	0.16003099345232394	0.04128166372499375	0.09299203877288313	0.0917163313284484	0.09090623113043433	0.14940068096154777	0.09032429362684993	0.07084477487580293	0.09877567482691774	0.10494528911924464	0.08043573333267043	0.13514582185965462
KEGG_TGF_BETA_SIGNALING_PATHWAY	0.23005267907825908	0.167979239499056	0.10514124150080356	0.1401177454777032	0.16566779481145055	0.15365282925311044	0.16381474370190782	0.15630917095604074	0.11804486578476447	0.14378496338601066	0.15440216641776125	0.13974387449627773	0.16820731067994948	0.1316487550986247	0.10959784056030102	0.15197121178999196	0.15953704283656678	0.1797891029338251	0.14148422955546058	0.1377071192753055	0.12714282020935308
KEGG_THYROID_CANCER	0.2997191380285079	0.24512185753139626	0.19479231074050823	0.2139892466193896	0.21654780024959397	0.2099263089991879	0.1978473826246082	0.2536380334766165	0.20257109134408463	0.21017464704587663	0.19704044800721462	0.22452849277658268	0.22633620893449305	0.20317042006711483	0.20405189947957392	0.20692301595254917	0.22283821445556898	0.230687211730269	0.20743646738911617	0.22716685238960146	0.1868118769695834
KEGG_TIGHT_JUNCTION	0.1812279985196436	0.19745158867823617	0.1613505267181237	0.17094041702203272	0.17410308950294826	0.17503519109208127	0.16890361141770993	0.1644846303807046	0.1594880286013977	0.16193625338618442	0.16835077523910263	0.1624708719710239	0.1575703860519606	0.16432482485294175	0.16011655052442708	0.1611131246503624	0.1717453721919777	0.17508189840387048	0.17545903292410212	0.1729340890154738	0.15797670749219242
KEGG_TOLL_LIKE_RECEPTOR_SIGNALING_PATHWAY	0.10264237976092323	0.04249743873969303	0.017689226352442716	0.03813512618592593	0.03521997868247487	0.041454625901712304	0.051153520175239046	0.017312149518310952	0.010198597579819281	0.042772486916342535	0.03899536005950947	0.03165757691220354	0.04233000422405283	0.04454517028674594	0.034540304724747506	0.051804215560295186	0.04520262012936813	0.06950619522285062	0.042803340047455646	0.03260628468359502	0.03377627280361498
KEGG_TRYPTOPHAN_METABOLISM	0.04280099954324166	0.012880257235167107	-0.052867892440367846	-0.020706869514752247	0.01872046545761355	-0.025784403127809028	0.0176739351080253	-0.01930611094697601	-0.01955936568386839	-0.0026019934554506446	-0.04453056069099222	-0.033839229479276235	0.0020231990697371937	-0.014075554920227818	-0.05085475570349414	0.019568367966326057	0.004332162062778086	0.002920007874657359	-0.005911668150379505	0.035895978221451	-0.03403108726485273
KEGG_TYPE_I_DIABETES_MELLITUS	0.07948253943695457	0.02380066088947588	-0.10879296130188883	0.006016286883652423	-0.027418237657743007	-0.04851586815910139	0.044165305930743456	-0.0678467994887989	-0.11237996734447078	-0.021133865869178984	0.03849490387528104	-0.050273085913549	-0.012833296456668721	0.0030348607794106574	-0.1031127644298821	0.01808442103577335	-0.01517105009852241	0.03474846209520386	-0.007023947668657483	-0.020980992199793855	-0.018736590826210327
KEGG_TYPE_II_DIABETES_MELLITUS	0.10965038052169475	0.17130178132737967	0.17358015587587558	0.16085299991613558	0.1265307118757869	0.15034091709446323	0.12004579693799937	0.1010640517675256	0.16125897100199552	0.1419479678538702	0.1745841789714029	0.1712828856460468	0.12016118270808583	0.16362916940687172	0.1990823540742699	0.09495658827785267	0.13367810760356513	0.1367454104550188	0.1577908223211148	0.13238309793518363	0.20086987226371525
KEGG_TYROSINE_METABOLISM	-0.06812715733270454	-0.06373615162786772	-0.07267539756685493	-0.08276514588488211	-0.0681302344406583	-0.09514689951525938	-0.067269243462866	-0.08277095360673896	-0.06204829593907961	-0.0903069816429843	-0.08836887631560217	-0.09401076472927972	-0.06798267685929422	-0.0928089546978214	-0.09455809211103602	-0.0721134586840093	-0.0873005506796035	-0.07604957771274257	-0.08731749111824488	-0.05894115421243399	-0.09506129771552749
KEGG_UBIQUITIN_MEDIATED_PROTEOLYSIS	0.2943549571605689	0.26349087959253004	0.2906208441870205	0.286582293842208	0.27707611088001083	0.28992505732627144	0.2907751483691015	0.2814775034847655	0.2911406263970372	0.28792940851055143	0.2857951543935771	0.2948540782120099	0.29660119240988275	0.25754404057701213	0.286441379408543	0.2985461453206324	0.2899187801662602	0.29422533184425337	0.28749761508652055	0.2809448756715738	0.28649892549026484
KEGG_VALINE_LEUCINE_AND_ISOLEUCINE_BIOSYNTHESIS	0.24794146972690995	0.14739061999501055	0.22629465794590845	0.19446817631032345	0.19905910893885975	0.21650363071074566	0.2621375892736414	0.2925213189306038	0.20443661386000328	0.16778511949157193	0.1822152287747622	0.2276394092825251	0.2451942623871576	0.21361897085747927	0.22653392757649146	0.20256805743351958	0.16044251147852473	0.23021388142995114	0.22609047961581555	0.2604032572854529	0.21000283462015934
KEGG_VALINE_LEUCINE_AND_ISOLEUCINE_DEGRADATION	0.18483456329613174	0.17504335615844754	0.14671548399079945	0.14096177952766398	0.18643282428444527	0.15110533993289546	0.19845474112510106	0.17278100410060201	0.18314789304208826	0.18161033204414273	0.12472346796618966	0.14007987043459247	0.17701960699125677	0.13824763049789274	0.1389740945397775	0.20857540336353111	0.17228394418368628	0.1741007999062495	0.16749164889546492	0.22655893501251845	0.15627257138635375
KEGG_VASCULAR_SMOOTH_MUSCLE_CONTRACTION	0.15819268699528619	0.1415619647248587	0.10586509623865203	0.11366749957812065	0.1193673726767951	0.1189149910505846	0.09729276771653686	0.0833129968231598	0.09043917382557731	0.10673903994192449	0.1173413054651671	0.10455586709039727	0.08714869195367125	0.12861125193651854	0.12021453356357366	0.08561886619056733	0.1097816934231768	0.10749377578245789	0.10822652593829178	0.11031970948511491	0.12023584926154503
KEGG_VASOPRESSIN_REGULATED_WATER_REABSORPTION	0.27909147430551307	0.2967378748732036	0.2799229947916224	0.2988727828765795	0.27858782670050214	0.2796146765345959	0.26018175619388784	0.2673035946595557	0.25855951081636014	0.2659533793259471	0.28851727803793586	0.27942857588822745	0.2756192242484121	0.2796805261351903	0.2874910704390762	0.24853152516596905	0.2772787678050383	0.2962397349500025	0.2864960279769858	0.2706917602323313	0.308480952259526
KEGG_VEGF_SIGNALING_PATHWAY	0.18732105302651975	0.1649817277064932	0.14850458939977973	0.1450114195408324	0.1611223557120225	0.15968036524165452	0.14847311797134366	0.12970686730458086	0.1296943138279976	0.15441875485390585	0.14204133615275324	0.1550268584078384	0.13604976316519615	0.16576047125752494	0.16196408823711733	0.1287127022664975	0.15347134584839242	0.15002230336766717	0.15332547415070308	0.1490042582399335	0.15476188487203504
KEGG_VIBRIO_CHOLERAE_INFECTION	0.26240191423993037	0.24992296651402582	0.23983993731234352	0.2519091548074534	0.2265224123898189	0.2341005625223845	0.22993372756551225	0.19810773879614763	0.19916168474491389	0.25785085663561486	0.24115677253696757	0.23737047993006288	0.20172800977180902	0.23461838194926207	0.26040350381408717	0.19978313400445877	0.22661327406728632	0.24220973880919905	0.23962922831672345	0.2224014639804701	0.27218643632059947
KEGG_VIRAL_MYOCARDITIS	0.20980253918148095	0.13401016318567646	0.06189205490106744	0.1377843773176235	0.09925059097508887	0.11046652801648621	0.15645391597939667	0.07172459142860715	0.0690156665840828	0.10480982966350666	0.1523394724937433	0.10618313436460357	0.12548238906901746	0.1356446008508256	0.06210467976621658	0.13393558604269903	0.12049250374973298	0.17138958355262304	0.13069086349451298	0.1239686072885784	0.11557269384934382
KEGG_WNT_SIGNALING_PATHWAY	0.19906993259812636	0.2263789185091889	0.20697415485717297	0.19793598093735157	0.21511123404900462	0.2208729150707667	0.19413076366850385	0.22716763660802045	0.1960393075688496	0.20958189149821035	0.20242101362921472	0.20442890320056137	0.20364664064776308	0.20948327735206423	0.19891068713645008	0.19548650373897858	0.20804095356721802	0.21697087237841445	0.2114608957812525	0.20581189329216143	0.19998506971304747
