pathway_description	BS_FKDQJJB5	BS_E3BAT4C1	BS_1BWP5MCT	BS_V72H4RQS	BS_HE57E1RP	BS_R439VVPK	BS_N4B1SZZH	BS_CHDGRYHJ	BS_9V633J1X	BS_9NJHQE9F	BS_D144EJRQ	BS_TZVFR600	BS_V9HVBBDW	BS_ZV68CES9	BS_YEB88D32	BS_KVNGNETA	BS_AHEFXG7W	BS_1AYRM596	BS_W311713R	BS_SKGJ5SY9	BS_TA9WP4TH	BS_HZRM07TW	BS_HHPA8NJ2	BS_JT82QGXF	BS_S1M423AB
KEGG_ABC_TRANSPORTERS	0.0036069818825598373	0.015585956554816673	0.04575954609371953	0.05190914543080346	0.021643677699185872	0.005242579123791632	0.05857564190233699	0.04428962095092173	0.05904437988456063	0.05964311330694709	0.045885473099211004	0.05424537150108352	0.029673446214732172	0.0038885273182241134	0.007911864801662904	0.06728639653074579	-0.01182708750648402	-0.037823184371018365	0.08517681810375347	0.02801893710587106	0.02946805611953551	-0.012961724105672168	0.055264684089690895	0.024574771737781876	0.05804134264467689
KEGG_ACUTE_MYELOID_LEUKEMIA	0.22549329884625804	0.22357546260733113	0.20343367161575635	0.24041784748034928	0.2321693031802481	0.23371003879443272	0.2603711508167803	0.18342538815053142	0.2169335583170755	0.1967342634063235	0.2550781608779495	0.22631137234295065	0.21286060698446657	0.2390053390052205	0.22669536636132476	0.21364633682128875	0.2151381623584497	0.22617936949879291	0.1978742758028466	0.2559025522360857	0.24600261085627995	0.24409043566967037	0.19388233141279118	0.23572907345453048	0.22686778569846125
KEGG_ADHERENS_JUNCTION	0.29247003591608217	0.28041693477340107	0.27250568761226285	0.31963628715408543	0.2963994852147319	0.2945209022181581	0.31411212201572075	0.27212222905593086	0.276717443224495	0.27651634437405403	0.30233093669507627	0.291600179259375	0.2725294752817958	0.29415591965152993	0.273090489543348	0.28743045779439513	0.296411162323671	0.30369896447696104	0.28701889434763345	0.3088076001547909	0.31869544323710836	0.28135947768327985	0.2950214199988767	0.2914882905857314	0.30173845630479756
KEGG_ADIPOCYTOKINE_SIGNALING_PATHWAY	0.11721382412468986	0.12660280709477081	0.12818713886912508	0.1317467478423447	0.10807746274175857	0.11267854390957087	0.13974926964324352	0.15085478748998352	0.12683926429553005	0.1490596518112605	0.1365043400447963	0.12828836837806326	0.13013001924488043	0.12868087047608323	0.1380678128939405	0.1638161485485193	0.12601187471542874	0.11993154885822609	0.15095446851683167	0.10353277637726527	0.1369638683306494	0.1268244647238834	0.13976060123336673	0.1310142567982711	0.13424651301213764
KEGG_ALANINE_ASPARTATE_AND_GLUTAMATE_METABOLISM	0.10897494885707969	0.05967271724082658	0.019503880566142284	0.043750594401940436	0.08632222811465319	0.0802707053807928	0.04207334559700483	0.06705468185145678	0.041477618676089636	0.07752162385955465	0.07184621925704288	0.08685543549912499	0.05385334710193079	0.06228423362197726	0.05416407774660335	0.066432767186585	0.06715279789601794	0.06760007503505196	0.05126418598719836	0.09636234991270289	0.05993990614192489	0.08143906791009245	0.06453868801233646	0.06492495759125118	0.04993683271542022
KEGG_ALDOSTERONE_REGULATED_SODIUM_REABSORPTION	0.11906148643129509	0.13108128704079822	0.09896547924475844	0.16012102996638836	0.12044056414468454	0.11644186190809999	0.14475005804881572	0.12626626309616945	0.09987750382462869	0.15256455631919796	0.16698475435758164	0.1533485914981492	0.1683625334991245	0.1695209430923147	0.14789162467592568	0.1529654714048915	0.16272094927532166	0.15586733392759233	0.1573397301523362	0.15558558852956636	0.167232612405455	0.1836745163639586	0.17907014008357772	0.16002765182828177	0.15091264170871332
KEGG_ALLOGRAFT_REJECTION	-0.11015183134817876	-0.1457269079667785	-0.23643452930115175	-0.12172761378641722	-0.12508850281169526	-0.07695415330014228	-0.07405666751444395	-0.1347344326791886	-0.1663886134291005	-0.185634202909101	-0.0739079079728053	-0.16368230304392922	-0.19547142112367033	-0.1063674355572146	-0.22041217576682545	-0.1367134474300397	-0.0824539065250265	-0.10126246640424655	-0.12156422795602059	-0.11161702562892112	-0.03705826524867983	-0.06657161567745992	-0.07064075145423272	-0.09252717470549024	-0.11959031063059825
KEGG_ALPHA_LINOLENIC_ACID_METABOLISM	-0.12231665869490232	-0.11470688612972889	-0.13338385874096942	-0.1324911216710352	-0.11585354392585295	-0.13240247647068742	-0.11639554044427497	-0.1118759991424131	-0.11623330936620781	-0.11317225140713791	-0.12292991822976226	-0.11340168490121456	-0.1122875619371819	-0.11015751470419706	-0.11472801315612516	-0.08098614004492105	-0.14788252821827202	-0.11609102861277011	-0.11760471556258267	-0.1365092895131289	-0.10354803314112092	-0.09549790853009679	-0.129764170369275	-0.1023932914491439	-0.10474483503572449
KEGG_ALZHEIMERS_DISEASE	0.23478668798913208	0.22467616512439748	0.18425161132649023	0.23062201358483794	0.2336304478505452	0.2418824423510072	0.23895745834453022	0.2169082310391217	0.18872514602326224	0.22999860341447909	0.2327063018764846	0.22564060868204494	0.23343146795657044	0.23832275130322228	0.20471385605688755	0.22955918901540504	0.22138524420254052	0.2142032033995966	0.2142137266846326	0.24808747624522667	0.22788246755955063	0.24262606292291458	0.218288206183705	0.21494690163649124	0.21408055327762449
KEGG_AMINO_SUGAR_AND_NUCLEOTIDE_SUGAR_METABOLISM	0.14960069633527018	0.11987421140207227	0.1056794463110263	0.11225346850099518	0.12570784673201282	0.12393374820043644	0.09546276602173097	0.12244939115902763	0.1273729352495658	0.13106530055212826	0.1262030875428676	0.12575320666624717	0.10779192976870497	0.11779867097002339	0.1333927298123339	0.11851073739686516	0.11592385363303057	0.11781483604120468	0.11174962829753603	0.10972498547365943	0.09804046173258929	0.09204285649519568	0.11041806182792197	0.1188653728910826	0.09810112577929624
KEGG_AMINOACYL_TRNA_BIOSYNTHESIS	0.19757012900009205	0.13316979370097357	0.1677782003734251	0.12774609327085512	0.1725473542532305	0.1688695212968309	0.06066000137779421	0.14102731730775023	0.1490203630375908	0.12575605965451597	0.1133812263079821	0.1526311004010466	0.12556715712052027	0.1358240186958554	0.1528863424409383	0.14552277741843264	0.10574176678538652	0.0725364969194519	0.08530604044888447	0.11436298158436806	0.05398335924630405	0.13281809926298146	0.06616088586980776	0.10008935775577375	0.08207003070516516
KEGG_AMYOTROPHIC_LATERAL_SCLEROSIS_ALS	0.17111826964162963	0.16025070921996035	0.16672209913766908	0.162229892164826	0.16280689749179034	0.18027263792908832	0.19778353509330435	0.13979193455624891	0.11985637582872517	0.1655031523558829	0.1684901816416789	0.1630876637567639	0.17534401648547665	0.14613068894063597	0.18930538688379409	0.18186401573786815	0.17896199305444413	0.14903557855285904	0.14770822808328524	0.1546565876958669	0.17257894681595923	0.18567604050791925	0.13521566269884938	0.16344291358642404	0.17092508800716363
KEGG_ANTIGEN_PROCESSING_AND_PRESENTATION	0.05815359393916775	0.042685411479495325	-0.012481574419713747	0.06452702595662999	0.0703247866310847	0.08336048465883632	0.08687568787372184	0.04865181061119412	0.046255660680351966	0.028272666971384232	0.08550223349507734	0.03905655753530673	0.028223635872933542	0.08072430767659677	-0.013667210725965294	0.04747127557348865	0.08623316256597645	0.06282257911481264	0.046197553750224864	0.07271547233154248	0.10114721929870432	0.07689937090092966	0.07855075679658478	0.07598775678360356	0.0627359891007774
KEGG_APOPTOSIS	0.12120915845093592	0.11955887285394172	0.08236383760927395	0.13197019101261367	0.12072533970467789	0.1208512144699286	0.13911118448873996	0.1016128587823184	0.11076097570747265	0.10259875187662991	0.14378141860718285	0.11920206260481407	0.12461918607240649	0.11818420426833509	0.11094241908426876	0.10924035380172552	0.12045748730410473	0.12021640533463251	0.10970268444252032	0.13161280879784157	0.1419572444163377	0.13111875154506658	0.12795708187122384	0.11910979217926164	0.12199511995788873
KEGG_ARACHIDONIC_ACID_METABOLISM	-0.15513214077701298	-0.15449349425048864	-0.18426091341950673	-0.17423247010272908	-0.18116321900977445	-0.14020237212906855	-0.12241408306955079	-0.1570743088932966	-0.18961589172683554	-0.1833728039053117	-0.16799983685888323	-0.17653788328208636	-0.18344890298887176	-0.1487249537308689	-0.18837772340180875	-0.15145020902438658	-0.1757092888395176	-0.15961469556815455	-0.17202400683966235	-0.15706797452263713	-0.12264635394241971	-0.13299603093457557	-0.15511962600625054	-0.13914443868242984	-0.1612976452095838
KEGG_ARGININE_AND_PROLINE_METABOLISM	0.11239602503552693	0.07788545053624445	0.06814610705425864	0.0808190837481448	0.09926759370418461	0.10332578092044203	0.10644332067447039	0.08823416530494188	0.05355941682541143	0.10208757499744751	0.09062653266351456	0.0877613762286694	0.06231083160033531	0.07031888784213708	0.059882626818419556	0.0920507710334049	0.08772296882341156	0.09519859263592603	0.06167004734644509	0.07783206367733779	0.10664262217832972	0.10670079901247888	0.08359988293295012	0.08253610428794637	0.08056575796262494
KEGG_ARRHYTHMOGENIC_RIGHT_VENTRICULAR_CARDIOMYOPATHY_ARVC	0.0802514093970592	0.09163780751973509	0.09266092588791387	0.13274897792960064	0.09156375415574099	0.12318158304529449	0.21431701993888977	0.10896662800917076	0.05911349206466987	0.10956455443979538	0.13850274359291556	0.09617680435903472	0.11254070411292919	0.13817242295749013	0.10364647203692888	0.09193914089847131	0.14982785780491273	0.1496514853115669	0.13879975483470958	0.13580492319108126	0.18120301898289862	0.10768786935664657	0.14403740587007025	0.14890258096155284	0.1417418100390918
KEGG_ASCORBATE_AND_ALDARATE_METABOLISM	-0.2164017643133629	-0.1927212721298852	-0.16523228887111474	-0.19870972427074834	-0.23168401570157976	-0.1909424703628999	-0.23233161284782955	-0.21050723776836228	-0.19885528755753873	-0.22543843157705754	-0.2089765175968671	-0.21369748016152268	-0.1899264334693271	-0.2131397776242593	-0.23984796846886797	-0.17574436421128986	-0.1931174122171309	-0.1663657739320619	-0.21928492555984444	-0.19800086248414234	-0.20082820224043177	-0.1619877631983618	-0.21606938517464083	-0.21051362191994072	-0.20312864452585744
KEGG_ASTHMA	-0.2146014855995474	-0.24873978803244745	-0.317407451862545	-0.2532497526781842	-0.2607995341951234	-0.16546296416014236	-0.19915132415250822	-0.23505372535541297	-0.2694547988073963	-0.30837328143157894	-0.18815893380784274	-0.288728099998099	-0.3290340984539526	-0.21221927484295303	-0.2946222393264801	-0.24248176756025605	-0.17861687931931744	-0.1988605073321852	-0.22849115882121188	-0.22274251140642917	-0.1524164129066423	-0.17194635442174167	-0.17293859199819972	-0.21811965804952607	-0.24771453148447725
KEGG_AUTOIMMUNE_THYROID_DISEASE	-0.1924352402453533	-0.22309361565876615	-0.29571396025693775	-0.21242763350359464	-0.21050761674459081	-0.16987515142745713	-0.17308070018683538	-0.21236527196824515	-0.24334443409126222	-0.2584744187276176	-0.1704526003446694	-0.24058979973588296	-0.2632237794771426	-0.18709582939965652	-0.26507456591563894	-0.21872314966398537	-0.16232365088751582	-0.18891829443604014	-0.20767782021403589	-0.19918060211409397	-0.13688993578287653	-0.14906435156962838	-0.1623902393026661	-0.18515462322132067	-0.2036012844202474
KEGG_AXON_GUIDANCE	0.17848093093156794	0.1909362936238364	0.16683106563857913	0.19600175260976554	0.1822403423560617	0.20721209274301614	0.20730718084044752	0.1943924867826886	0.16827087155560477	0.1939567866567259	0.20140817036260097	0.20051526184486615	0.19913620563717044	0.1905017436166081	0.22452875038021392	0.19861755653952884	0.23362666600946425	0.2332776185348081	0.21414550199825524	0.2096210263363939	0.24993636695282773	0.23407229546227867	0.20744481323345987	0.2158924560245007	0.19403588877803962
KEGG_B_CELL_RECEPTOR_SIGNALING_PATHWAY	0.13313851250033573	0.11811844927930291	0.1027947877832665	0.15104925141921785	0.1356077848638956	0.13265060195222447	0.16728134130724032	0.11960781721504717	0.13244537903815057	0.1343315097132728	0.1532077393256096	0.12677961731969054	0.13729473066385364	0.13995542250497484	0.10972235535547893	0.12333823951657988	0.15083436231213956	0.15266574080620157	0.14327965066220374	0.13884949843712444	0.1760518936271317	0.15885496557390036	0.1469740335749309	0.14759526290099773	0.1469893176600939
KEGG_BASAL_CELL_CARCINOMA	0.026996820861552716	0.0185506110607401	0.05643413467048537	0.04309223602918937	0.026620190657677074	0.042361200438594884	0.0797985509132694	0.011087249501006403	0.043045369981949105	0.012936531592202642	0.026151793555828026	0.03697529183807196	0.0314943134976764	0.006436110485128643	0.03987471854781007	0.01516485396000318	-0.0018273594930545542	0.015650803644679297	0.0038203145208306373	0.04231396781014751	0.06621857610767636	0.036273096414998186	0.0025073088783158087	0.0252412490679397	0.019073368509504994
KEGG_BASAL_TRANSCRIPTION_FACTORS	0.16587682084190886	0.13336174360800918	0.16130251976456725	0.15276090185229377	0.15886473624831424	0.13771058035385744	0.09635816041664205	0.1596661713122783	0.1458913954699855	0.13652170239506967	0.14120720228156275	0.12698128484077986	0.13497797736855208	0.15228070585337408	0.14218811508025478	0.13210784003301426	0.13355990783302618	0.13638700080379806	0.118872133309637	0.14387898336645152	0.07125973119335881	0.11454832200677434	0.11929490205540337	0.09484061931059791	0.12557064144915275
KEGG_BASE_EXCISION_REPAIR	0.25162623818582314	0.22681989599551625	0.2288180546898375	0.23463569110311525	0.2352878693583106	0.24713682020253128	0.23133066834038954	0.21265747190112597	0.23491548158256279	0.17524069766991401	0.17451856502299626	0.22331389773259566	0.2076429783206739	0.2082496186498098	0.22188814761141665	0.18138376126803687	0.18364460628122564	0.18588332309374828	0.16850195416763603	0.22035856049747196	0.2036399677146025	0.1897666829297499	0.17086713442658372	0.23328873285500415	0.17411728135316626
KEGG_BETA_ALANINE_METABOLISM	0.11152468554917634	0.070620647849687	0.10440276064665625	0.10054375151065839	0.07949307035018716	0.1122863765800062	0.09013247016768666	0.06651972738293027	0.0950638966222455	0.09598378517690226	0.0810062105082913	0.10497990396105698	0.09133561379913994	0.07295073807662372	0.10078060271880458	0.06307855389905428	0.10755412693912522	0.11652675510621821	0.07081657631927196	0.11529016957642697	0.12081965356518118	0.10507714836926117	0.08146765993763895	0.08217778692706476	0.07833161693485284
KEGG_BIOSYNTHESIS_OF_UNSATURATED_FATTY_ACIDS	0.22618840687012953	0.20126422484962256	0.1511550391097737	0.22637181649355428	0.2250393574685669	0.22308111614388118	0.18634035309554772	0.1759018698731292	0.17237518906890856	0.18339185710386247	0.19775685233057716	0.2173285581828723	0.17870259660023408	0.16848019573617135	0.16491622225280964	0.20151872382912125	0.19848681998477152	0.2194020261313124	0.16093595866819646	0.17655986798653725	0.18857764102086744	0.2137005122766868	0.20564766531789597	0.1498100163461821	0.17254102323704215
KEGG_BLADDER_CANCER	0.1727802278965693	0.1683755546363803	0.16353622911933074	0.1933549196104052	0.1876800855513519	0.19366106592366789	0.2153267444581299	0.11909306586616825	0.15572651213071315	0.11439701902679879	0.19357349411750932	0.1638108515696685	0.1384229154570533	0.172056022298734	0.15636348147569654	0.13801652727837246	0.1731036224417034	0.19794552554137793	0.12901524311162024	0.19800236865647028	0.21373955707628106	0.21586780962220425	0.13046426806375958	0.22214508737287111	0.1883802145449493
KEGG_BUTANOATE_METABOLISM	0.07440588390258725	0.05671436780742148	0.015186102645971023	0.06346337548610093	0.05205877758409346	0.0744286708968427	0.052521483777936195	0.04040223349048269	0.047168423341055074	0.053881367205517214	0.0449178705959501	0.07398424417273293	0.03983235019635571	0.04454647856783446	0.059930670225827015	0.020002054792978043	0.038974590223990024	0.0597623613508011	0.024891600403968837	0.07597847440396505	0.04210186923305361	0.054777830130762956	0.018261429491646247	0.03837065050248103	0.0414255544845129
KEGG_CALCIUM_SIGNALING_PATHWAY	-0.0013877274891742157	0.024514224760342603	0.0027760067233223735	0.00966834491799648	-0.02278012501919892	0.0019788670102784496	0.032611680122459984	0.004182685646616053	-0.033462944692739624	0.017532039751186067	0.014660798424670128	-0.006870056823122947	0.010892065695636659	0.026285484101701753	0.02380886535384129	0.0011782044403912564	0.03703562805475369	0.02961646362237279	0.039909619575326225	0.045020354972445616	0.05505373829353073	0.033044502091260024	0.030134564563667383	0.04374043911699996	0.03765614462387846
KEGG_CARDIAC_MUSCLE_CONTRACTION	0.14292683212594062	0.16150942368551402	0.16082530051104404	0.1597743804751411	0.16400761440581033	0.1764316286769426	0.15859268131669882	0.1602763993169586	0.14229946605987348	0.1805044398993789	0.16067101313416088	0.17072623326647424	0.17417634597730802	0.18729807932685832	0.1709353409395949	0.1771216999199155	0.17893456650648762	0.16104236067929145	0.16296075521371667	0.18087721791052988	0.16764200206143867	0.174541776769958	0.18085516611743407	0.17330047195583448	0.1352820453614241
KEGG_CELL_ADHESION_MOLECULES_CAMS	0.0020702916188176496	-0.008354313732813763	-0.02811862587457089	0.03584860913556882	-4.143404509079918e-4	0.02571940540121156	0.08959005171993484	0.003623699199941689	-0.034539930004720706	0.0024646045835796638	0.04698947712573056	-0.0012741245756252113	-0.010883941401287376	0.03759142728767306	-0.023625051318179987	0.022902788647171952	0.057561550111910637	0.046770408958176274	0.03564618593640807	0.016957990747562757	0.09823255041960006	0.05894315786342941	0.06623262360336993	0.053423316437200864	0.03625787804232137
KEGG_CELL_CYCLE	0.27796285731655623	0.2701073544556779	0.23997399328468985	0.27609321214338395	0.2911573049154897	0.28921150530124146	0.26454487696285983	0.2553458312870708	0.270403719686263	0.2116721577181801	0.22083970288344648	0.26754055025449547	0.21171839009137544	0.2282428246269756	0.22016269243835435	0.20567301792603812	0.24120279552259535	0.25414429244339243	0.20468816365223622	0.25502582108350463	0.2153413355149532	0.22378721864845388	0.22243735974681994	0.2551352058170025	0.21472504609152002
KEGG_CHEMOKINE_SIGNALING_PATHWAY	0.056179906645982144	0.07030609867471856	0.0433678410820877	0.0727359464711203	0.05480249399973142	0.05995372544544487	0.11086523589015945	0.05171209112265967	0.04626849412384359	0.05813820574501953	0.07076653906176325	0.05692101908893929	0.07063126042760905	0.07695168374634541	0.06322730507124692	0.06953257324343601	0.07542802247681851	0.08209339391093706	0.08598517295729727	0.07706544909633678	0.1090489630907063	0.07706693107577835	0.076327915153361	0.08393969458619294	0.08651322479599009
KEGG_CHRONIC_MYELOID_LEUKEMIA	0.3081620617544556	0.301857251933293	0.28969352057737535	0.32631599903412667	0.3154848829777915	0.3005949209497746	0.322511444529687	0.2784937193457748	0.29310823367238975	0.2841420580476598	0.3299163713406613	0.3016782646623793	0.28934691003725177	0.29896798785773143	0.28229454940664134	0.28593323361312445	0.289979535084175	0.3045981736051862	0.2713360393838167	0.31894557535181756	0.3150926457751182	0.3197674987045167	0.2802533092420764	0.30622895762907903	0.30936932033087217
KEGG_CIRCADIAN_RHYTHM_MAMMAL	0.17847769114698073	0.21313996116070538	0.15397589022655273	0.23592931045395998	0.1833355373366375	0.1876361059223122	0.24503451835101714	0.2102042054546244	0.23870156233426396	0.2626589442320292	0.2753967432908773	0.2025653994141039	0.24992885136528833	0.2519460061255884	0.2508681399566452	0.2811070683460924	0.20179876401221192	0.2552718136294181	0.2898797461454868	0.23450939256517433	0.28071549657824335	0.21371388089823584	0.24751407688582797	0.2014814799562695	0.31062764333830817
KEGG_CITRATE_CYCLE_TCA_CYCLE	0.2889821749769943	0.24632098202837596	0.23694930018164848	0.30070270109638514	0.2936833185868215	0.2972942134928454	0.22203327031531447	0.30851516172411825	0.2897369003119816	0.3000195043889432	0.2784268341902838	0.2853770222529931	0.27147536350954243	0.2831308253453634	0.25576326029794044	0.2822643017778576	0.22415740171528897	0.22712341514209358	0.2339480898105638	0.25989767634586686	0.2086393154294806	0.2252907284719487	0.23722537514392533	0.21854209838355063	0.22243275821896252
KEGG_COLORECTAL_CANCER	0.2871712068494255	0.2888851670951296	0.2800995322757658	0.30398615477466673	0.30229540379780123	0.3086944074693203	0.33540289242781185	0.2711595520585829	0.27756209257448317	0.275747540107254	0.3093558515273215	0.29811008063208727	0.2898303392717737	0.28361563488291597	0.2706973673521039	0.26977254544376983	0.3066410238570549	0.31581436827971954	0.28589974196065593	0.30618646920756654	0.31300983686138106	0.30246769900880444	0.29343755898440166	0.30380501379117825	0.3073318536799289
KEGG_COMPLEMENT_AND_COAGULATION_CASCADES	-0.09884364528728344	-0.12294384994094229	-0.17808179687434705	-0.049759746961813386	-0.10145910418585014	-0.04419388625072598	0.005365004951923518	-0.09783922250055235	-0.13503003895913684	-0.1404244137129996	-0.05306699134446795	-0.15443795045084663	-0.14793739147935808	-0.05254899590547858	-0.15158803611116536	-0.11313658940376427	-0.05888077703837759	-0.04160031860805481	-0.07964815839175897	-0.061360190772494556	-0.03419252441560237	-0.044601552231447086	-0.033788909592847714	-0.06873915321066888	-0.06724951648915035
KEGG_CYSTEINE_AND_METHIONINE_METABOLISM	0.1931907708779165	0.12436007985053253	0.1350578483689809	0.16429003100762077	0.17592843271271422	0.15881627489366684	0.13370551131034525	0.13167427623290137	0.16072455058249674	0.14513953320734257	0.13584441248383952	0.15667675294633202	0.11295963397880798	0.1017614620721832	0.14870603310416156	0.14672219179169443	0.14143900107833865	0.1062146612691949	0.08810074103414003	0.13197630247756817	0.09021390028347198	0.14253096469656462	0.12252668794580993	0.08230349286565017	0.10261263136727332
KEGG_CYTOKINE_CYTOKINE_RECEPTOR_INTERACTION	-0.19647635967825677	-0.19794682619722917	-0.2257186854147229	-0.18576071265224978	-0.20507002593124796	-0.1908670453422083	-0.14135594572341822	-0.20775715481348903	-0.2270853434993965	-0.22279556196965555	-0.18304541210875178	-0.21368607779227075	-0.21448815624505327	-0.18516846297492148	-0.22359628629601105	-0.21611623474933855	-0.19297436102966237	-0.17400665317840827	-0.1951768306077678	-0.1716059806694079	-0.1438192744129848	-0.17680139592147592	-0.18079617681046972	-0.17574841843817263	-0.1828344058830389
KEGG_CYTOSOLIC_DNA_SENSING_PATHWAY	-0.058462981814018364	-0.09475394063943973	-0.07222037378035952	-0.093033655154364	-0.07420592885489315	-0.07928937664918656	-0.07446044008098045	-0.10088337995131652	-0.07875648320857366	-0.10097321142003902	-0.08845480806402499	-0.08416306047003133	-0.08109698440937292	-0.08293081271972991	-0.0786044938440477	-0.07734172326608033	-0.10087334392669206	-0.09132370834419688	-0.1124685870785212	-0.08871640969192605	-0.08830497597554202	-0.08130517966914766	-0.11526112809496032	-0.09193654685892094	-0.0980097966867007
KEGG_DILATED_CARDIOMYOPATHY	0.09407756156974674	0.08559728601999411	0.08501303743040743	0.12604331444695668	0.07915319130106695	0.09413562465180461	0.16231817126956805	0.08624752836962402	0.06656109721931933	0.1047951335652449	0.1214318145124465	0.07379091337386273	0.09716574099489568	0.11461230589987652	0.11193204278567163	0.09086832846472254	0.13390231710135878	0.12832838124094986	0.13270298826401894	0.1168843514152297	0.1671372310858071	0.09555584987619513	0.12839236568046916	0.13566168183876012	0.11992109872431977
KEGG_DNA_REPLICATION	0.2566301264838549	0.2563663895176981	0.21772501564691676	0.25132305086034507	0.25078371507800556	0.268941069820849	0.2302729644233065	0.22360457630210392	0.2348742806858544	0.1521398872223783	0.1543098849004481	0.22841802705227318	0.16886795654252063	0.19354133627723266	0.20496623321116755	0.1633959836586681	0.19737546476684717	0.228345888177918	0.16867090218846695	0.2167904609487306	0.19755307339428077	0.16693339110262223	0.174621888585546	0.25053244573032135	0.17450485421740242
KEGG_DORSO_VENTRAL_AXIS_FORMATION	0.20481201996308349	0.23694700924643983	0.1506075283181325	0.2600931723525982	0.2140481769945077	0.20907260449313952	0.2443029956282079	0.1131687386662537	0.20183366068468525	0.16826680477342046	0.2368870091412321	0.221284612437832	0.18870892937949627	0.20365046030411132	0.140494808867122	0.20592210865310162	0.19762534928326392	0.22169192763473194	0.2233779104336816	0.23096910005523755	0.28072846021317693	0.252157435389466	0.19458099105506	0.24578574039573647	0.24496056992715298
KEGG_DRUG_METABOLISM_CYTOCHROME_P450	-0.24755483881059803	-0.2651594676369956	-0.22408025792769226	-0.2523170581853397	-0.24184681314189949	-0.24023404339590176	-0.268461130721917	-0.24427596639840374	-0.24309348479511958	-0.24743463678874084	-0.24674473254682694	-0.2579437264374268	-0.24746277711499107	-0.26459858966604	-0.24298034989336462	-0.23338832171819715	-0.2695320714418872	-0.24829040634000252	-0.26152795288253633	-0.24299979150820686	-0.25307308141045975	-0.2497362950532543	-0.25122132191836527	-0.271705469578194	-0.258149380468761
KEGG_DRUG_METABOLISM_OTHER_ENZYMES	-0.14062661098549528	-0.17585193916118633	-0.09009770659696538	-0.1488426178773023	-0.139703583130382	-0.14180366215512175	-0.15808773334304127	-0.14643925637874053	-0.12712576600658693	-0.15579653080674288	-0.16939747475294775	-0.145677802310605	-0.15513933254395523	-0.18751490953861685	-0.15463948727377103	-0.12918063895747883	-0.1568472119860967	-0.17479310404996298	-0.16859289482191436	-0.1352984972378311	-0.15468190181363042	-0.1575499986067644	-0.16637924698063083	-0.13907995582114044	-0.18695253598241338
KEGG_ECM_RECEPTOR_INTERACTION	0.15279774529346857	0.12332668507308783	0.09249097816716985	0.21429212306447604	0.16682347656549726	0.2046187066467035	0.26950727555072884	0.14594710774232486	0.09724020203603134	0.10643987184391446	0.1966006586997298	0.12057488604113085	0.11988956865935924	0.1577305735948628	0.10366286602010741	0.140437791277478	0.20380853188657547	0.21251467140541042	0.18861354976420927	0.17143686141931477	0.23436530105356818	0.1976170039583027	0.20418747148223068	0.22187887422221292	0.22068073767726124
KEGG_ENDOCYTOSIS	0.20230271983786965	0.22174823208250072	0.20796136632598594	0.2192758399120029	0.20733035890327525	0.20855472020584165	0.24560652788346843	0.20690842419016542	0.19674089013187618	0.21701451493309282	0.22797957854869183	0.21308025492164057	0.22494438205625683	0.221171626723598	0.20111478627623872	0.2167726810232241	0.22677619476653346	0.23281674986883993	0.23052453696768524	0.2407918746376433	0.256065624417097	0.2435141561052708	0.21764413521991466	0.23497436216608797	0.23124578645535065
KEGG_ENDOMETRIAL_CANCER	0.2613019313904946	0.2835627732931043	0.255140789589855	0.28324213754808253	0.2681534808078526	0.2833721356082345	0.3177264341662444	0.2488086885241881	0.2601260333514911	0.25831387390474514	0.293959295190159	0.2729668500218155	0.27739712302094877	0.29216540551501147	0.27264747090794816	0.2583163297683735	0.27251152499499476	0.2894147389484556	0.256811913367263	0.29491478328013787	0.3008796603020752	0.2871807164879403	0.2549077251480674	0.2835190779320517	0.28521980607647823
KEGG_EPITHELIAL_CELL_SIGNALING_IN_HELICOBACTER_PYLORI_INFECTION	0.16181443856257743	0.18548085641679932	0.1635589400052101	0.18755528249135103	0.1793182959621081	0.19324556879846233	0.21894269187185667	0.18842000648848	0.17758143394909964	0.1816046837799567	0.1914527658260008	0.1770234242884728	0.1983040752421923	0.1997218430605429	0.1559208335808921	0.19485357091800257	0.20592773269896153	0.2001469170446745	0.2013790613028426	0.19669083123626538	0.22612298770399458	0.21158178342684206	0.19280391894973734	0.2100442569113297	0.20671841612958694
KEGG_ERBB_SIGNALING_PATHWAY	0.2076386727627887	0.23076900528455283	0.21436148339498773	0.22105080716908831	0.21645550658653243	0.2233109118204685	0.23832865191667685	0.20889971066042157	0.21197263366959088	0.23033520274126074	0.2510510357277801	0.2260914399862769	0.23882773233823892	0.24304822462181716	0.2341836228678011	0.2190212503125793	0.25141950820560155	0.2534833412147018	0.23652566001492745	0.25496126829118476	0.2541407556622914	0.2624647254580865	0.22609184748623684	0.23932283852254788	0.2543642636404565
KEGG_ETHER_LIPID_METABOLISM	-0.05212132560532501	-0.05493551216581803	-0.03717987327882625	-0.02913443049542649	-0.04363607776995402	-0.03307682582156885	-0.021115966303243656	-0.027127005151327578	-0.0641051623390264	-0.05235779659558248	-0.027255277641507963	-0.06099579240982193	-0.05006933397144537	-0.03564718919656452	-0.046062757691165135	-0.026842079002843966	-0.04437103080655391	-0.04886770141529334	-0.06208957307411527	-0.036381348221982766	-0.03583689735741717	-0.0338232956288563	-0.03201104855967404	-0.05985819756155481	-0.056094214634720904
KEGG_FATTY_ACID_METABOLISM	0.11967234616766441	0.13869029003719271	0.11474340299961629	0.1260062630383874	0.11671063777026268	0.1308189188204376	0.10522211219085413	0.1279877482903378	0.12592898700136018	0.1594181296210044	0.11469862351704196	0.15243791518740427	0.13140471194610664	0.14430809353601556	0.10679361693146686	0.1214584604060219	0.1046158430479397	0.13121739126581625	0.12381068653041476	0.1318167388759648	0.1279790594030554	0.1269235530146981	0.1115892040732712	0.10796716104615867	0.12698778874449484
KEGG_FC_EPSILON_RI_SIGNALING_PATHWAY	0.08864218838901163	0.09001455252710411	0.09042315484646936	0.08797050457213695	0.08488933332847275	0.09049490321699105	0.11720334600725096	0.07710959285219691	0.08795546699700768	0.09431513459520881	0.09833230601565496	0.08506423337432918	0.09155580975829307	0.10158423610861474	0.09291858535013128	0.07649385623164834	0.11356329914247616	0.10619148011018371	0.10261702297023208	0.09577524595053136	0.11709428713348036	0.12573180954731325	0.09235746593313665	0.10657406588802924	0.10539853602182866
KEGG_FC_GAMMA_R_MEDIATED_PHAGOCYTOSIS	0.18692231894849062	0.19193418984984642	0.1736974343670622	0.20384236592350835	0.18133578924955582	0.18910226897255183	0.23414118947613083	0.1742786492364882	0.17663924887870183	0.1887115055260141	0.2033100382800152	0.17428046934226749	0.18583493789094174	0.201249282834083	0.18787467901816626	0.18650166355891237	0.21687347615035904	0.2041134471461809	0.20071470166971714	0.19927671413183992	0.2337546275315694	0.21031593757232225	0.19718553328129065	0.2106030519603617	0.19887248893403706
KEGG_FOCAL_ADHESION	0.2078453968532127	0.19601957807192108	0.1550155088528362	0.2534346946733444	0.20795813051814785	0.2247748604267725	0.2755788651671995	0.18591146802793423	0.17088350610009162	0.1780648887601096	0.24902613401354898	0.18267669450870297	0.1906005178722042	0.21216025902246238	0.18068846153736245	0.18382159062716072	0.2368367951628219	0.24835952665730548	0.22738457643251653	0.21328168873071354	0.2740686232794853	0.23341284088160824	0.23257159376204375	0.24518609336880753	0.2575483635421926
KEGG_FOLATE_BIOSYNTHESIS	0.005876521730334568	-0.018160844419462835	-0.038337479635998775	0.0042448923126826455	0.008227304981187532	-0.024962378830778724	0.017987972753759095	-0.06600561646364321	-0.014154003578093637	-0.047080788405014215	-0.04173229972346249	-0.01987404167652261	-0.06265734959276743	-0.0927208549135477	-0.02592058855555845	-0.08988344711035917	-0.022734586788864676	-0.01948042995391717	-0.05321062387019935	-0.009995081099447235	-0.015717689882376984	-0.018881433403283642	-0.06424585463386734	-0.008929872951897807	-0.06340387029996652
KEGG_FRUCTOSE_AND_MANNOSE_METABOLISM	0.13973945482022584	0.1153340865472573	0.09456734089292589	0.11123626489239836	0.13317294704550445	0.149541818874917	0.12894930666489687	0.13136839372641734	0.13059504323613638	0.13627060815532732	0.13905955168749032	0.14660121233593837	0.12908490039923892	0.11482966546379564	0.11383849124441331	0.17282507265486685	0.14162795190856894	0.1086792895005972	0.09787722348895256	0.09858508682843856	0.11984090620908124	0.12001308280470664	0.11902879111864392	0.12703261970845134	0.11987178162393584
KEGG_GALACTOSE_METABOLISM	0.10344818195571244	0.07913225202503167	0.06932324165733271	0.08369395682165258	0.10216640135463978	0.11332366447219512	0.09758377351036199	0.07703895505962748	0.09158461275647338	0.10159909454587387	0.08886400629604214	0.09169388527094857	0.08766934240378607	0.07645569328831131	0.06559271820207302	0.12210775998100354	0.11297791122410175	0.07545930446382537	0.08349670194137132	0.05033529629820683	0.1062529853044375	0.06315924925717195	0.08175909478785685	0.11089854400561533	0.08096486638767345
KEGG_GAP_JUNCTION	0.15299052799235618	0.19343048559056386	0.10796664471486939	0.18141657848174453	0.153018053028557	0.18588498824983915	0.21404604702713817	0.1535581871697778	0.10515254704917806	0.15738232872028202	0.18061300649862957	0.1580803767006297	0.16431035176582512	0.21234631791496647	0.16980235049136705	0.14723577874333268	0.21278025775814124	0.2125402288216304	0.19128654996320243	0.20832708351396154	0.21692454715552179	0.2055296524608535	0.19161863202884602	0.18489656202767973	0.19952561079423842
KEGG_GLIOMA	0.231981949702183	0.24570218998750118	0.20438821032945664	0.2558809979378455	0.24265202552112858	0.23743287849331515	0.2947886050668019	0.2262409686505525	0.21392706021307495	0.2389726931458428	0.2611723735845901	0.22415907768783078	0.22648000759284953	0.25052265853981215	0.2317470496934606	0.21586397208676836	0.25881451945647366	0.2637883022219767	0.23625403935802827	0.26095897036606386	0.2702905102285963	0.2689011273949073	0.25842538987664654	0.26004959247411846	0.25807017205120975
KEGG_GLUTATHIONE_METABOLISM	0.13934931463631495	0.08799859465260869	0.06570940798173082	0.10389037294957848	0.1372082325068718	0.11763879785486296	0.08848739417556405	0.04791423912231711	0.0836919307593116	0.08668146721361153	0.09230120281507602	0.091290678118589	0.09379027070431048	0.09732901862121743	0.08971963649239993	0.09191088384971957	0.08345896945186333	0.0809192452559439	0.05668790322196375	0.10577562185556398	0.09680497471657756	0.09209684243866004	0.08727615661175411	0.09190683132379562	0.07142682239354944
KEGG_GLYCEROLIPID_METABOLISM	0.10049596264046859	0.09492503261399321	0.09140470290411018	0.11787466011182945	0.0776235011216074	0.10746743953168678	0.10144096094056416	0.0962827642527811	0.08733794162394787	0.08727761474814213	0.11519119633130077	0.09401070543375972	0.07965269961332805	0.076428211409043	0.09714339854568851	0.10037187931649405	0.11319176362404783	0.11611993071312786	0.0819219651618269	0.09484326791257784	0.09490343758734242	0.10775681647516933	0.09782459511661754	0.11323088852126895	0.10048505424536931
KEGG_GLYCEROPHOSPHOLIPID_METABOLISM	0.0759818201160828	0.051907262016888105	0.058218753186925785	0.07408671517022808	0.06844394062664083	0.07496718010570104	0.07886385013764526	0.07702438946991891	0.06559991608331575	0.06820400944623585	0.08103072939513513	0.06842832531762402	0.07269925114820963	0.07637997960278074	0.09399822547487753	0.08656350934023195	0.08261188756344343	0.058798699431184535	0.05339731562591226	0.0680263902114458	0.06884199206464689	0.0844874476421686	0.058827256023311514	0.0803303747545963	0.05731302148136227
KEGG_GLYCINE_SERINE_AND_THREONINE_METABOLISM	-0.027579073161436273	-0.0620350437898562	-0.0680774714539739	-0.07129016809078983	-0.0429302770631418	-0.053589012746089876	-0.039980726895821606	-0.03649004699303526	-0.07722297620793345	-0.04352079002438213	-0.07667632200951546	-0.07861083196496062	-0.0835319109942419	-0.05710092888329192	-0.06730353939040921	-0.08323265598453855	-0.03778388137064708	-0.06614145273228149	-0.07864677581765664	-0.0807634492361078	-0.04082619185276044	-0.021142370198215493	-0.07079996999225166	-0.05560651034073238	-0.047271288184137936
KEGG_GLYCOLYSIS_GLUCONEOGENESIS	0.12865039818033916	0.1008686499601379	0.09502680551289863	0.12087137807594113	0.12078048993743684	0.13588424305359897	0.10110197438240051	0.12559855546358858	0.10078010280518106	0.12981266279396703	0.12594675304449432	0.1290406114764849	0.11648562566117325	0.11380062684177351	0.1092719141010698	0.1451398869584599	0.11854420266638088	0.11631554968776327	0.08154142285305001	0.10491790513263216	0.09468955278003653	0.10274812702267694	0.09807573983904638	0.10067554327599706	0.10569092259121307
KEGG_GLYCOSAMINOGLYCAN_BIOSYNTHESIS_CHONDROITIN_SULFATE	0.1193755618358608	0.1269574672823827	0.09048828835378023	0.11267824484594911	0.1013541458944188	0.1349915925006523	0.1148170824921244	0.1012839360788964	0.10966671405959681	0.07267934070196462	0.12834319996830898	0.08726061238952565	0.10445161809684773	0.13899002007611105	0.14128828296596144	0.10169423744313216	0.13132124906397333	0.13778407138499618	0.11980766610578937	0.14112007207731903	0.17966826853935755	0.16174898456098846	0.150885489903506	0.15386937444484097	0.14226477256642495
KEGG_GLYCOSAMINOGLYCAN_BIOSYNTHESIS_HEPARAN_SULFATE	0.07361954210512033	0.11197175052174202	0.08683535236279136	0.06618831834784275	0.0818386756991432	0.08553065523262195	0.07782932040833505	0.10803759248340596	0.05127912645935368	0.08680301637928646	0.09069424153516426	0.08364051097851659	0.09079441649933678	0.11274629700231872	0.1234182240238618	0.13854448163421634	0.13482084887174406	0.09338706634947835	0.08941263441008285	0.12810726177741655	0.08427885915255659	0.16282613211850472	0.08938547728298586	0.08465312580732794	0.08191855727501553
KEGG_GLYCOSAMINOGLYCAN_BIOSYNTHESIS_KERATAN_SULFATE	0.1303797446051919	0.12125091235522308	0.0906994977917101	0.09455916784713415	0.08079182029775119	0.08668252596457084	0.10543230505928643	0.038995702406091716	0.06167598478599897	0.0439388177262557	0.12858361541472224	0.08851564963576822	0.12742461005667413	0.15359387498264174	0.0864015110392804	0.06894329876607479	0.09666279476235731	0.10318728727281781	0.0765567644469273	0.13712634676006785	0.1712586978029267	0.12829873872106215	0.11074236705072155	0.13218893408773616	0.10810149463869216
KEGG_GLYCOSAMINOGLYCAN_DEGRADATION	0.07508496881026684	0.08234282174661187	0.06366077398744524	0.08638963101743864	0.06626925680147011	0.07645070564949652	0.11097468694967516	0.0655595423750939	0.11444326738878208	0.07931281338549977	0.07416127030973893	0.04402697655782645	0.06725892961546381	0.09097117911897547	0.05458707970078488	0.12286798299565893	0.07340433818781962	0.06575062517087345	0.10752172503674319	0.08841200181049076	0.11608474217516143	0.10488150025177365	0.07284851545450785	0.1194978616208158	0.10359713518063007
KEGG_GLYCOSPHINGOLIPID_BIOSYNTHESIS_GANGLIO_SERIES	0.09310832020794159	0.1190137262404519	0.10228057037584252	0.06995696539977875	0.03140690015709083	0.07799503568381339	0.15909810353571022	0.075067025664679	0.05771133340237257	0.12456064990542862	0.09157979374528062	0.0746209119559974	0.07442793292615045	0.13371920690034608	0.1228108873978699	0.11435712780241855	0.1492667096027576	0.11209832612653123	0.10938659194261185	0.09348369728507756	0.1570677969442158	0.12852383830182168	0.1511796269996576	0.17482610835753043	0.0790290572665843
KEGG_GLYCOSPHINGOLIPID_BIOSYNTHESIS_GLOBO_SERIES	0.07640665547657843	0.01658352384275272	0.055259220862349655	0.030685663673635896	-0.0034003097719232066	0.041715397675866364	0.08449585262227746	0.005929511019689326	-0.015199613901198047	0.003638442482197507	0.0416971958008298	0.032100719468110134	-7.003943838568837e-4	0.07289061025436436	0.005479097925913263	-0.0017970617809781432	0.12515692000594653	0.08622339548648245	0.04893173073702714	0.05013940553764625	0.08198192240454812	0.07326796142696937	0.08155334953874024	0.037508893359940156	0.023707123312279352
KEGG_GLYCOSPHINGOLIPID_BIOSYNTHESIS_LACTO_AND_NEOLACTO_SERIES	-0.0061256874869490986	-0.0826063030042878	-0.11005330807200346	-0.06478432823343831	-0.07884453992626746	-0.06260219958679719	-0.04237289815184681	-0.08156188277371137	-0.09657906124237932	-0.06256481249353625	-0.04830110615079084	-0.07073901775648977	-0.06044632785407732	-0.048639860638170704	-0.07843408419194078	-0.0471665712331564	-0.008108655678087854	-0.03973433237910519	-0.09475291539037747	-0.059451826453074653	-0.05135026894317122	-1.4974133080194213e-5	-0.05276864054033015	-0.10159518950978222	-0.10143926176953622
KEGG_GLYCOSYLPHOSPHATIDYLINOSITOL_GPI_ANCHOR_BIOSYNTHESIS	0.11977601003587132	0.11105739935314615	0.10674225283923487	0.11469376522400589	0.13350548366078724	0.13190857955200852	0.07673662481431012	0.1423455985730153	0.16990350306329735	0.16014664461305672	0.11270365704464884	0.11107345425130757	0.12982761341947022	0.16097999671447705	0.11350828693376047	0.14199612219421662	0.08397585744215885	0.11065904131791486	0.09611567486118115	0.1392163292665625	0.07893026734983295	0.11910752006123909	0.12118848388246706	0.08944004220217316	0.09342914064210191
KEGG_GLYOXYLATE_AND_DICARBOXYLATE_METABOLISM	0.26392307911179236	0.1566212611021804	0.2137899065660865	0.21227601666095125	0.2511953166996777	0.24791858626223562	0.204028569132407	0.17930158160436535	0.17550152407514527	0.184130051826548	0.1734398011157495	0.22467317124582112	0.15367600911507037	0.1626190257193438	0.18551162412123878	0.1872870126451195	0.20072812028755926	0.1727419837758152	0.14556173216360987	0.18787741689076426	0.15317446909656948	0.19782267149275992	0.17526885700104922	0.15174289471475505	0.12423092184197929
KEGG_GNRH_SIGNALING_PATHWAY	0.13013958066079115	0.1347296537174192	0.12636552304918028	0.1342490396750769	0.12533647226919328	0.1393500109697795	0.1730274847944693	0.1260173674231919	0.11409315851493435	0.13684663832640961	0.135039892888882	0.12250997558556602	0.1517609469211364	0.1544424386318496	0.16150572397325724	0.12651260424971822	0.15661916090254951	0.15873998772345438	0.16549979231493786	0.1606693365880514	0.1799946918291725	0.15572929716370684	0.14099088048087172	0.16418055641810134	0.16366634595286067
KEGG_GRAFT_VERSUS_HOST_DISEASE	-0.12069927508646329	-0.15347632348567283	-0.24521462822817222	-0.13586559823721284	-0.1252335711822404	-0.07828201391584237	-0.09194581575015429	-0.14591395234848933	-0.16260459376660294	-0.1970736966668118	-0.08838903107406766	-0.16858050091759963	-0.2072682166608272	-0.11610419132536429	-0.22493728359627305	-0.1327880815240141	-0.0834779582881808	-0.09830066746432208	-0.1312618864318956	-0.11642844496933899	-0.045439063468070494	-0.08563550113082506	-0.07118970818893569	-0.10220778682198356	-0.12133159014930432
KEGG_HEDGEHOG_SIGNALING_PATHWAY	-0.0022935660155090735	0.0060325446713613345	-0.0015744265340333526	-0.0020464704409442515	-0.012152464974805648	0.0030892553980974816	0.0068452827912305675	6.452882769826436e-4	0.015719896832227506	-0.003485717368672222	0.0049916973340179225	0.006722451068892535	0.019511158475597607	-0.016228419163604114	0.011071278630103605	-0.003907300573444618	-0.01438697862533707	0.020853415438832627	0.02078351129472724	0.005367172300897402	0.02555224576938565	0.003690821013120092	0.02352660560966084	0.008529896357677593	0.012748631155227935
KEGG_HEMATOPOIETIC_CELL_LINEAGE	-0.17172490336164078	-0.19451774199650163	-0.24270747139970747	-0.14388508535824734	-0.1896892649747208	-0.16348793777786313	-0.0543968598540063	-0.17983627375689568	-0.22373743120256567	-0.2232815482513299	-0.14392532497664481	-0.1991115501573269	-0.20667502483119157	-0.15377677698721426	-0.2226866071535132	-0.1951899407937992	-0.1376075476486025	-0.16878934063380993	-0.1730552962766949	-0.16921778026290138	-0.090635651638071	-0.13776770347033804	-0.13819441811386654	-0.1376951420283209	-0.1594485475018255
KEGG_HISTIDINE_METABOLISM	-0.03587996463602258	-0.028265472117152114	-0.031178824871848396	-0.03465031529303271	-0.03497853675963348	-0.012429099605150953	-0.04566323048467804	0.005220879954651701	-0.018098820534283237	-0.019872004587431616	-0.03251299342548667	-0.008652070210492432	-0.026606008287982073	-0.034369873289448655	-0.025707905194188117	-0.032531942584439595	-0.007980979548046394	-0.009832306212752372	-0.03015487477709502	-0.01629867075173373	-0.02096948632301008	-0.01838680141367213	-0.023001731182357307	-0.031148278209259483	-0.025562209801925577
KEGG_HOMOLOGOUS_RECOMBINATION	0.15997968861709994	0.16055546007297358	0.16211809137199734	0.162718712516038	0.1756264594598121	0.143670130342895	0.13229653278327536	0.12749335369111148	0.17957060085761606	0.09365276194792173	0.0863390654219843	0.1468872780846271	0.09177949726107687	0.10437147065813883	0.12429830479503319	0.10993657380280772	0.12068482299876412	0.12604496198278772	0.08689394982839176	0.1399872631304363	0.08991031948446254	0.06953946435194266	0.10122612420505006	0.16499311596813426	0.11400950513351002
KEGG_HUNTINGTONS_DISEASE	0.26536825014386733	0.25336450055167176	0.22900629401094502	0.2515234107485747	0.2722043388758365	0.2727377199103139	0.2511423180875329	0.24478968304708293	0.22984897556088538	0.25218284926268	0.24839320746579957	0.24930485671469743	0.2539137231432906	0.2519318666533087	0.22338069714205938	0.24743899597428226	0.23897623402202642	0.22889671521051172	0.22672013970118018	0.2557616957780434	0.2356861032839878	0.2650267837009097	0.2286662681646256	0.24130040992515248	0.2312942470100463
KEGG_HYPERTROPHIC_CARDIOMYOPATHY_HCM	0.06660542899281677	0.06044207933872188	0.07042414389147149	0.10752312910814707	0.06214641113674883	0.07176268504424335	0.14537569773389641	0.07844001105227776	0.05148534155847439	0.10168257179071039	0.11413896853900621	0.05971453876087282	0.07284076185599882	0.0957268821051105	0.09052544454547436	0.08143934469863622	0.12106372163506862	0.10697637027802182	0.10625767649329106	0.08768458243513147	0.13180421642976373	0.06905049741913816	0.10909298873254364	0.11066892412565733	0.0937208828339763
KEGG_INOSITOL_PHOSPHATE_METABOLISM	0.14145495802757949	0.19036794117691966	0.14675223793914494	0.17388853269879398	0.14922721698137745	0.15031064657009444	0.171322723822598	0.18046403484526943	0.16541445671938745	0.18318644741916434	0.17042279027839569	0.15370928387840938	0.1894795489269649	0.17868949023508232	0.181318863112431	0.1861141079353213	0.1662999648324	0.1835523695697942	0.18533646981464882	0.18167434271928878	0.20879367797373605	0.17319561811812506	0.1652290072299378	0.18043096906928138	0.19489850264177774
KEGG_INSULIN_SIGNALING_PATHWAY	0.21572929156306372	0.21337086197498278	0.19646624542917496	0.222110058291776	0.21841014779161128	0.2113503917580749	0.21552678540032083	0.20650244443474236	0.20697530630632893	0.22049459420263712	0.23183497732748384	0.21860351653941623	0.216112063963739	0.22499359736991978	0.2235297348071749	0.22017010906191511	0.2304455513649298	0.21411027241224237	0.21209933135514944	0.22339125918385802	0.22543506451756432	0.22110650044717506	0.2159419918040475	0.21263850292118217	0.22111828560075478
KEGG_INTESTINAL_IMMUNE_NETWORK_FOR_IGA_PRODUCTION	-0.16324981696295168	-0.18243167993082898	-0.20338859600012413	-0.18405425505229472	-0.19887544463677448	-0.1481345611730222	-0.12975853637614837	-0.18022777618711608	-0.19866886146571563	-0.2342866982471843	-0.14026751098649937	-0.2183535093048016	-0.24163739994335356	-0.14630635531478056	-0.22165922854647713	-0.1896273386893093	-0.15056043840251693	-0.15918253414773495	-0.17752481213463392	-0.16236156721559747	-0.11770561980566117	-0.12988657862919095	-0.14301526127564057	-0.1583107593956307	-0.18369042978185368
KEGG_JAK_STAT_SIGNALING_PATHWAY	-0.052726381404567715	-0.02174388078522579	-0.06117031137651757	-0.028746721797265555	-0.04638952064846435	-0.04432712864872315	-0.00847140504076486	-0.040036810604674594	-0.03549996428030504	-0.024046008722571267	-0.011117106086692656	-0.04521787086105099	-0.03960931769597953	-0.0249260323949817	-0.04312494107890844	-0.03385064013808208	-0.029505168919868284	-0.014167891307223134	-0.025891474783885902	-0.009778757209766757	-0.011661538382920573	-0.017881311998896008	-0.01880620806059326	-0.031023316097037266	-0.014636322318100683
KEGG_LEISHMANIA_INFECTION	0.0798705270814127	0.03712265872149985	0.02423524503936189	0.07081907731891521	0.05741935586061238	0.09103013174937175	0.11598044409965788	0.054713792430920054	0.043800515405414284	0.019384454509675794	0.10022743220309113	0.028855212560880434	0.041533397393099095	0.09843294723804354	0.031993173279402876	0.05475832366246792	0.10277973162622295	0.09059803958924902	0.08087202897723005	0.06162830307640763	0.12916630162308707	0.10808693496188203	0.08519221326586045	0.10986943333299184	0.07315047183316774
KEGG_LEUKOCYTE_TRANSENDOTHELIAL_MIGRATION	0.0955198835611896	0.08322810091469632	0.06083194948543072	0.1382428326162449	0.09282942048639768	0.10040472578666718	0.1730245961418977	0.08520993021970032	0.06393233997716029	0.0732759929102047	0.13116427218232798	0.07568341347412186	0.08637717520623273	0.10910159269609217	0.07001526784242756	0.07343839174722422	0.11516903495268523	0.11542107057118632	0.10737258057419427	0.10110883044011452	0.16263288219132893	0.11945294133602703	0.11619143480455045	0.13095541845461475	0.12282514720160018
KEGG_LIMONENE_AND_PINENE_DEGRADATION	0.23414393446543602	0.2732849019693539	0.20472369571337554	0.2516336228160928	0.22341600228506425	0.29795915504798975	0.1883255721336283	0.2539384267136763	0.22768402186564965	0.251778944881305	0.2536748922144858	0.267726464162716	0.26142773946304815	0.2392355992575333	0.21253016852589948	0.2295574592134967	0.27449297050037513	0.3306299856470371	0.23489310449304554	0.2543860588035333	0.26749819030534067	0.3279744478547718	0.25693543493645615	0.21708443875558692	0.25772948519847094
KEGG_LINOLEIC_ACID_METABOLISM	-0.32355495926478356	-0.31982631505367404	-0.3068764279475958	-0.3349443509284291	-0.3280925334955375	-0.3286200106585667	-0.31663037978042374	-0.2951911047049865	-0.3305437229431803	-0.3054957366031271	-0.32094063669310485	-0.3282849837084448	-0.32699082039016975	-0.31282965068304913	-0.2993029252198901	-0.28200324497023316	-0.3427117239092614	-0.32661830539870784	-0.31219738656982654	-0.33354811765394393	-0.32355739172519415	-0.3238074602400236	-0.33086522405011193	-0.32502565157688335	-0.32153746261684285
KEGG_LONG_TERM_DEPRESSION	0.09902263821515489	0.10941253862387748	0.06449972240955733	0.11067417463167657	0.09058693229855008	0.10565024412184648	0.13310175569569824	0.10781007251332211	0.07057773051821942	0.11482295417751075	0.12998637772178814	0.10142164036232149	0.11777650207804669	0.13455065998971308	0.13496184362052444	0.11242001744856958	0.1525273651439703	0.1444673717727041	0.13894343239082982	0.1298932964634135	0.1490863052154062	0.1422087414005946	0.12330394202033691	0.12314390141589998	0.13111504771862645
KEGG_LONG_TERM_POTENTIATION	0.1787971451948528	0.20601651767089108	0.14730647866829427	0.20606227622103418	0.18381058509704476	0.18550394363094555	0.22628344781956436	0.1759888486353762	0.1524217007358911	0.2193324756065376	0.2202199035746102	0.19994578474452604	0.216206542180278	0.22352377554835223	0.2277075070120023	0.19216608800571042	0.24511199436233996	0.2285421837989604	0.22672513693899768	0.23353938173339897	0.22731057382052675	0.21632917486024328	0.2163548822291858	0.21182159118568092	0.23141928705075787
KEGG_LYSINE_DEGRADATION	0.2941351801338791	0.27640991516017116	0.27706655783626777	0.2981045446140512	0.2947376687589594	0.30940273662136414	0.25546068142020883	0.2591662364044752	0.2901211913252434	0.2576967096120791	0.27848472968959215	0.29016453065460346	0.2825721436911886	0.29123510386679574	0.26848311893537213	0.24983760273297206	0.26850376531116327	0.2685592613948139	0.255680397481009	0.2904442664758535	0.2530893595807509	0.28539645401172237	0.24768243759775585	0.2739874601706628	0.2820206709227961
KEGG_LYSOSOME	0.18489549601553498	0.1753638441670796	0.15750350394795196	0.18540814237019906	0.17852458874655316	0.20823001476450653	0.19330754923503687	0.1940987480061387	0.2003579929253507	0.17959563936321948	0.19610628958985488	0.1669648019496158	0.1691061033323765	0.20829430067707175	0.15417180296687372	0.19636162051301864	0.20144423919000093	0.1688333742765535	0.17783872254541847	0.1912419422989697	0.18993560320908753	0.210223786957529	0.19673351611960718	0.17410907407124285	0.17534934848534833
KEGG_MAPK_SIGNALING_PATHWAY	0.11834090429626978	0.1335066550875279	0.12947411471606546	0.13628205057454687	0.12789606382206442	0.12161082947588628	0.15351114532711385	0.12791450585898678	0.1101107160228265	0.13082857069287626	0.14523370417445186	0.12782335422976335	0.14541602365168355	0.14409668781903884	0.14249053973060816	0.1261906028903185	0.16465397508447713	0.16094905570935647	0.14923755405985392	0.1443821874172496	0.17388300826777384	0.16227161785990854	0.15150860741950933	0.16874076129281376	0.163266213622604
KEGG_MATURITY_ONSET_DIABETES_OF_THE_YOUNG	-0.21823985053048361	-0.23917462914145987	-0.26456232738058316	-0.254581381245898	-0.26793810813497715	-0.28528322117459826	-0.22002150481549088	-0.2883244124794533	-0.3091643785248991	-0.3191613295193672	-0.2621066771876177	-0.2815154386524505	-0.2356642411375617	-0.23627397859051946	-0.24942029871862145	-0.27826174008147886	-0.2688578030420307	-0.2219685205123375	-0.2570041230954817	-0.18946645825853425	-0.25337602320413366	-0.23427870994002278	-0.26618031864638086	-0.22954873319845318	-0.23330262792633027
KEGG_MELANOGENESIS	0.11323816688343605	0.09683332314254837	0.09839299080899899	0.12476698997248671	0.1072612591825449	0.11730938657316729	0.14717345100899334	0.11148936989756116	0.09460336012812622	0.10474790434781905	0.11219670749491521	0.11421185112970964	0.11762240618573437	0.11281988475979282	0.14136933589920833	0.10147636908195949	0.1194988640130469	0.11440062608268836	0.10937365794991159	0.13919657729844162	0.13821829495619706	0.12626149435667036	0.11080143364864657	0.10622920667585567	0.11359838626910947
KEGG_MELANOMA	0.09869361102756691	0.11483514347942618	0.056147383783225174	0.11737188085667409	0.11991612197719625	0.1126254237826826	0.14932200830948653	0.10875289719777409	0.08631239228836209	0.09935656225751573	0.12667448222623004	0.10154370410230303	0.10147790440147796	0.13802127715613266	0.10752356664294767	0.08941115795774	0.1444733947232466	0.1446882630824728	0.09586008281058093	0.14721673015625783	0.13810408381853148	0.15599461842181384	0.11549966873653307	0.12473984445923031	0.12747778659811562
KEGG_METABOLISM_OF_XENOBIOTICS_BY_CYTOCHROME_P450	-0.2411671474735429	-0.24521954826891348	-0.22061655767637606	-0.2424444896833429	-0.24237488959471407	-0.21421338830041387	-0.24615824969815245	-0.247882064199349	-0.2430548712392399	-0.24775586547881306	-0.2396830986424821	-0.2574077145141726	-0.24088257889336434	-0.25016109380636264	-0.24452605934404925	-0.22792796767759443	-0.253727578220628	-0.2245548667040906	-0.2356942254946574	-0.22081425543607286	-0.23045254680384128	-0.22933290989214672	-0.22385565288202353	-0.2535630187275971	-0.24095332644922043
KEGG_MISMATCH_REPAIR	0.21805134486483402	0.2326682906801215	0.2073495217879151	0.2266095588203786	0.23051821653815888	0.2339172694423664	0.19973139498541362	0.24185966138391513	0.2361216399885057	0.19343320198201852	0.16291692693908294	0.22313625743268362	0.16946098329978398	0.1940464132577774	0.1906015737872844	0.181546904393529	0.2092239028648591	0.2156250639686398	0.171913763185606	0.21521642081044223	0.16418575524292994	0.13878515284786544	0.18130140077632984	0.2318388473825057	0.18854071004127443
KEGG_MTOR_SIGNALING_PATHWAY	0.2824331610885658	0.27056240759461075	0.2517651461724454	0.2921145372260492	0.2851985333995899	0.2614447580965176	0.2677006616558459	0.2713590700542871	0.26436526494072204	0.3034589813641023	0.28965267401857236	0.27749283862744406	0.27798816342748195	0.2870674113902641	0.29434425736676717	0.2836717999196654	0.2981139559947344	0.27159490253781504	0.267946054450896	0.28328836598618196	0.27162388951758026	0.29309497479797125	0.273205254683614	0.28315115798167534	0.2882456955086871
KEGG_N_GLYCAN_BIOSYNTHESIS	0.24088127339531962	0.2138891577014915	0.17550199085164706	0.22069682981276098	0.2217773357325356	0.2472795288364926	0.206764640531007	0.23663861132549063	0.23010241721131597	0.212354041357237	0.23634110803593444	0.21249827713124655	0.21138931846971074	0.24689627420674512	0.19580521878022386	0.24155279830224938	0.20748189102998907	0.21874851948206236	0.20164917006860597	0.2325129629396213	0.2119537876801392	0.24168150061104307	0.2267301009186883	0.19193960353786974	0.1854886291673386
KEGG_NATURAL_KILLER_CELL_MEDIATED_CYTOTOXICITY	-0.019485156081705635	-0.02080542741315696	-0.04936605201015741	-0.0066717777791835105	-0.013593357731362199	-0.01011480947239396	0.02271925285085454	-0.031449184226769095	-0.02238582661660287	-0.021375108762555155	0.007572774975425521	-0.025410131707043	-0.019116642925133473	-0.0022880591065865615	-0.05835030405676764	-0.02240012383256587	0.019519405175663813	5.67462500602956e-4	-0.012716486745053438	-2.1942205273292603e-4	0.0281664567659465	0.024964905125061266	0.005922205543705442	0.004615423109704082	0.001723196893957238
KEGG_NEUROACTIVE_LIGAND_RECEPTOR_INTERACTION	-0.20762013478456148	-0.18611035164627723	-0.17755987696623746	-0.17749465063606035	-0.205561420239062	-0.19535157367307757	-0.17895903247937078	-0.17412311888770768	-0.20970498676113888	-0.16494313236341585	-0.1732911336789336	-0.17719831311675446	-0.17397628998298975	-0.17095391998489554	-0.16212574473658492	-0.1767611914395761	-0.15931226385722744	-0.18354214632533494	-0.18205407136354912	-0.17076361237676857	-0.17962356129359558	-0.1329439840202422	-0.18232176997080607	-0.1696315340228455	-0.18067162838591386
KEGG_NEUROTROPHIN_SIGNALING_PATHWAY	0.25056668210966276	0.2698723953332319	0.2397399862650742	0.26840908342562914	0.258834950999874	0.2532435494966097	0.28087420400566654	0.24637184184300018	0.25267033415734025	0.26001803923882777	0.2802558142132984	0.2576092671761242	0.2680064059160289	0.2659467407996718	0.27167619730955733	0.24804691758659986	0.2760215484302448	0.2750936981930171	0.27371549741214235	0.2655858992645311	0.2856908492176737	0.27714708643175967	0.26978538298713683	0.2845866138546444	0.2867445668181841
KEGG_NICOTINATE_AND_NICOTINAMIDE_METABOLISM	-0.008246597853759256	-0.01738579889133202	-0.0391854368801819	-0.01863270728203184	9.237400942591489e-5	-0.012808566588510163	-0.008377294389643929	0.006351959502233757	-0.017581918772660056	-0.030061253721707332	-0.016583011500228013	-0.02797810695396996	-0.05815655463196306	-0.011723831128909292	-0.014768595936583341	-0.020866607706907618	0.0178668487658794	-0.01326997642045616	-0.04207577616873849	-0.028751313177479223	-0.020808012746832947	-0.015075687934831966	-0.0098947242969872045	-0.004788682660726151	-0.017372742907797112
KEGG_NITROGEN_METABOLISM	-0.06722202628748392	-0.06268592673194771	-0.10285745652641244	-0.05922497508904811	-0.05737640992882245	-0.076375840406533	-0.08764893840985882	-0.08124058273950395	-0.0828243395936342	-0.041972894525501604	-0.08551903970719782	-0.07452464092405663	-0.1021388847266696	-0.06234793358292628	-0.07118764015314055	-0.031186386079107873	-0.04239978402328375	-0.09077519824425492	-0.07025748922478287	-0.0033872467368598687	-0.09053308398728316	-0.11498901571826212	-0.09401790292356985	-0.06658320377788696	-0.06504486386135785
KEGG_NOD_LIKE_RECEPTOR_SIGNALING_PATHWAY	0.04998181407573936	0.04129688460223126	0.06444704148935526	0.051215309515331896	0.04749638361421675	0.03750309135655033	0.07565031125929415	0.03220131806216656	0.05548547054047433	0.02469452280150466	0.04360689679944985	0.03790926149976502	0.048035626961845664	0.05209087040041341	0.0552905060197345	0.03160310889189445	0.04728732565479243	0.057199642336160636	0.04977753261106477	0.03585901195282281	0.06383983740272164	0.0496685421330456	0.0394110197705038	0.05156493533360298	0.06899347025558134
KEGG_NON_HOMOLOGOUS_END_JOINING	0.230697392336506	0.1982706701814614	0.2551320665710093	0.21800118525703113	0.23729778678256883	0.1880387504530835	0.1959251586672812	0.22242480154051986	0.23063945382958292	0.17436084015917472	0.18150239821658998	0.2438908778730435	0.19325540161802104	0.23200181865869313	0.22614464473837484	0.1989375489131981	0.1806478147466406	0.1685154368532128	0.18094713854140296	0.20009155684305296	0.16733629214524515	0.15885780114346235	0.18153311874640027	0.15787876063391976	0.18552759223433019
KEGG_NON_SMALL_CELL_LUNG_CANCER	0.23256805394909758	0.2564527268498246	0.2064245101746625	0.24679858493694135	0.23895119578559915	0.2420774847699051	0.2680426990407706	0.22728894447040787	0.22942717180737968	0.22596021266358807	0.24826119383561457	0.21774992330318924	0.22810034665142956	0.2483417424719087	0.22673507540266463	0.22670776581630486	0.24777070500733692	0.2569243630630318	0.2316893461946734	0.25617160985386034	0.26371727552711016	0.25487745188549904	0.23271681318535029	0.25865380005489547	0.24385566139692663
KEGG_NOTCH_SIGNALING_PATHWAY	0.22268941000100906	0.26171477124236037	0.25929576029801704	0.25571048619910536	0.23449345462681842	0.23998518546826605	0.3043481575438768	0.2046724178263793	0.24561209195297604	0.23326868169385262	0.2579520515290633	0.24338544271752904	0.2331628032430473	0.21160535882764372	0.2030445911042797	0.24119363494912607	0.2376423729928354	0.2555688838777568	0.23828244535637366	0.22333208637177002	0.30239427105863653	0.2855822975248302	0.2345956643491698	0.2847394626786531	0.27426161092959767
KEGG_NUCLEOTIDE_EXCISION_REPAIR	0.2058952710822658	0.2150652557981485	0.22519883149949685	0.2162221811278426	0.21585758650408568	0.21022027147553193	0.1770960280817688	0.2224604766276161	0.23773174967649402	0.19589224538566713	0.1696431831854636	0.21913564861253002	0.1822630947002646	0.21441846542631404	0.19508631695099793	0.17283209752088977	0.18017510516374202	0.18547171438526142	0.17479499659530212	0.21886858145171348	0.14756917944070322	0.14779252779005084	0.16540941979999987	0.19971153799879443	0.17905340489621746
KEGG_O_GLYCAN_BIOSYNTHESIS	-0.04189163953897764	-0.04071137965199543	-0.032263442599545195	0.005851586702950175	-0.009976745393792388	-0.009576340603906372	0.06882073670007237	0.038878455128888836	-0.01055797560514506	0.002475411008808622	0.03350391845122994	0.00992637329272154	-0.009492658017573364	-0.00454948085747039	0.053024590784650896	0.0011385673259395202	0.050518662967606966	-0.008453040911615908	0.00282376248737728	0.04860003348799247	-0.013702466802550299	-0.036001653704172645	0.03878967514699882	0.03529160926080605	-0.016309328570137345
KEGG_OLFACTORY_TRANSDUCTION	-0.4606869337476947	-0.4357905601886051	-0.41684519872276193	-0.45971442828145354	-0.4508091995381628	-0.45401850592483917	-0.4592431552880992	-0.39103035559079585	-0.4417046759257432	-0.42306719392922876	-0.4437668942222713	-0.4437324363759005	-0.4161925014020667	-0.438905832723766	-0.44188387646022953	-0.43199634089431155	-0.4476302261809481	-0.44913054573288164	-0.421880932540032	-0.4582017894330842	-0.45179474346724297	-0.41701579850726705	-0.4329788759538525	-0.43411994254571507	-0.4251770866480875
KEGG_ONE_CARBON_POOL_BY_FOLATE	0.23238500628995287	0.1562559691120547	0.18200621679261628	0.16470756745948845	0.22249205445085435	0.20765795532543257	0.1747055948206114	0.08621693890228523	0.14506448649721254	0.1599695437976553	0.11337349503555287	0.19170857678271	0.10336662965663312	0.1236720923580728	0.15348116546168813	0.11316279511561883	0.16092242628879874	0.13108809708225252	0.09312377124101424	0.14124991304803952	0.07923770854331047	0.14351968708883847	0.11460156477775353	0.12276632455557357	0.09620530094781833
KEGG_OOCYTE_MEIOSIS	0.21814559995946892	0.2071890086596514	0.17144044744433237	0.2157601930912756	0.22006291145773843	0.214881719696769	0.21455802180076897	0.2032120003253594	0.19164622176277119	0.1868998168666517	0.18114094305838954	0.20574405887340586	0.1887430249930384	0.1978678870602091	0.20084527657635035	0.18915309439153286	0.21128592933664142	0.20383268007278116	0.1834263226946069	0.20800889287072888	0.19558619538007824	0.1915121675598295	0.1985879075186493	0.1990534537919907	0.19005802166848462
KEGG_OTHER_GLYCAN_DEGRADATION	0.10260422228497892	0.0931959135724556	0.09640961733467715	0.11481388577216217	0.11426072417038162	0.12179067116772092	0.09313763495259009	0.12185747827534901	0.13543181658380474	0.09518651785982205	0.12100439027643943	0.08821105776945586	0.08497100118266881	0.10999371173160115	0.05105296583684673	0.12603564097655634	0.08552737486488915	0.06618961484616924	0.09357039375769219	0.07900523300203804	0.11811013196887386	0.1053385973543488	0.10281567332482865	0.114634146566165	0.10243264172968894
KEGG_OXIDATIVE_PHOSPHORYLATION	0.2733572648730588	0.2529817627213925	0.2168149790207718	0.2656465905803838	0.2839005613316665	0.2901196309341482	0.25590467753568713	0.25783375808622705	0.2412475920170897	0.26589453035392224	0.2559361142325062	0.26335765324394145	0.2679170034040506	0.2708191191834208	0.22458022162197763	0.2686274311319996	0.24373393069758292	0.2299728527095707	0.23331586428813514	0.2707615756734576	0.23686209022485918	0.2811931114407175	0.25052101736843196	0.24151989303185664	0.23200731263480126
KEGG_P53_SIGNALING_PATHWAY	0.19350301038479378	0.19689102231115113	0.16315021331333956	0.17557539002254774	0.2069017057462241	0.1876367919628326	0.21026659916394738	0.16330684848132898	0.14781744510655226	0.12973630982367243	0.15290069450514318	0.17787238276097408	0.13580299907506255	0.16595834058717254	0.16228011975282017	0.13662075450229078	0.1683665614739898	0.20095950473945354	0.13963499542202829	0.18830262075103676	0.16472335549809916	0.19332305045608852	0.15726030215626066	0.19004227894644868	0.15908280900728689
KEGG_PANCREATIC_CANCER	0.2513910703127351	0.25103414979708794	0.21599074063186402	0.26099438001939346	0.2589080369672061	0.2559028422479831	0.2660118328235519	0.22593004940268813	0.23709570398085358	0.22228471621087997	0.2643113734843863	0.23327168062577522	0.22291569158611568	0.2446800272638096	0.2174873017597653	0.21462315131548051	0.2561282676010762	0.26046235762638537	0.22101262440119313	0.265359618461156	0.2684432444481019	0.2579903381904675	0.23426553157838811	0.26252928198789216	0.25654816555136567
KEGG_PANTOTHENATE_AND_COA_BIOSYNTHESIS	0.02857715049727559	-0.03298499853413916	0.04074785340988526	0.02156685315930779	0.006451956564520655	0.030443243304600045	0.010204597502039035	-3.6056317051324805e-4	0.04270272886587373	0.04333103739735888	0.008814667481164024	0.02603417697306495	-0.004129066636710305	0.010845893257187551	0.006967235827280504	0.025925491341660258	0.04269434737061202	-0.018471742597405184	0.002185437916565062	0.024364791198700532	-0.014790671869757568	6.967021402490726e-4	0.006045752368368237	0.022615773498755567	-0.016295312343112336
KEGG_PARKINSONS_DISEASE	0.2941884044337258	0.2723480157591372	0.23911097719133345	0.28155679675213835	0.3017702827270995	0.3074378179461576	0.2709829453484692	0.2721884736011187	0.2524184639712871	0.28340083241594916	0.2812079382903519	0.281341081446855	0.2849683328062869	0.29015059416208905	0.24425325068409628	0.2795270470762343	0.2801289641435771	0.2658730340555777	0.2577372059869695	0.28837559637633153	0.26999114076955094	0.3067529807964241	0.2710559053981951	0.26767218624982436	0.2525693711037361
KEGG_PATHOGENIC_ESCHERICHIA_COLI_INFECTION	0.261957966074981	0.26111541920410064	0.2150977508084471	0.257588180293899	0.2510080829626396	0.27058328033072143	0.2986817586113442	0.24855072038528148	0.20507766576431968	0.2359629114034098	0.2688505638680976	0.24435212796804273	0.24925060441228797	0.26330048096304637	0.23455765983674584	0.22311324536928456	0.2694777079517924	0.27808990813182904	0.25705696903602837	0.2619401302640826	0.2899964090429842	0.26051730745218915	0.2712890801256642	0.26033046047590036	0.26980240685201473
KEGG_PATHWAYS_IN_CANCER	0.15126514917479908	0.15231622484578122	0.13652149062263086	0.17568662940275293	0.1594968815344989	0.16144562635452323	0.19424060808553842	0.15019184284083323	0.1346995786635332	0.14134829011642056	0.17015864682888132	0.1501896249782876	0.14379900393227846	0.1583142977772793	0.1484005524624803	0.14206601496621493	0.16760491455894957	0.17347038735529707	0.15012728702992864	0.1736728951586416	0.18383336156188157	0.17746699966977317	0.15325386085855688	0.17113307544070303	0.16671252971978373
KEGG_PENTOSE_AND_GLUCURONATE_INTERCONVERSIONS	-0.178918403438331	-0.21621478593235943	-0.15704459133056387	-0.20015118690604297	-0.18742746285741202	-0.1995313321528799	-0.2186489338939389	-0.201567437094504	-0.19024713178968328	-0.2182838656533407	-0.20530083709520788	-0.19779769419356355	-0.21379555606422115	-0.22028917749222574	-0.2202309295001092	-0.17034131015088844	-0.2061125854400348	-0.2118255992317364	-0.23141499596420875	-0.2293403404471705	-0.22006163701503775	-0.20947743576951972	-0.22037292008632628	-0.22204654958948206	-0.2136519382984876
KEGG_PENTOSE_PHOSPHATE_PATHWAY	0.1535656818531959	0.10063783594447075	0.08632881928148683	0.10290142001576	0.12687006040023455	0.14909451031084528	0.12379400248696439	0.07949214023410707	0.09227096782200159	0.10710841114968507	0.11100700597378224	0.1188005208295646	0.1101241613713869	0.09700733101097746	0.09457877271863377	0.13277989525313516	0.12727498197356865	0.10383113139409135	0.07389397756352427	0.08813740355317391	0.11925755326924502	0.12990416347367134	0.10460643809845759	0.09491749273563309	0.10106083209301725
KEGG_PEROXISOME	0.10721687060338038	0.10106258822786918	0.0992224079584229	0.10281474823661371	0.10661774965240461	0.09639523295740206	0.07356227417931935	0.14209300404626005	0.14438016965033396	0.13520172434162414	0.10168557272734893	0.11175641153300822	0.11415783744527686	0.13016287168810517	0.0848937487711097	0.12105213660643888	0.08668939749872509	0.092314013001617	0.09877565276218375	0.10645871525675528	0.08292676038181637	0.09008772709537592	0.10505469202020007	0.08462557797588552	0.09296809611409822
KEGG_PHENYLALANINE_METABOLISM	-0.03594434216888069	-0.07870869949787863	-0.0646885484929732	-0.04887912857484173	-0.03301905480621723	-0.03420347657797955	-0.04296485195828591	0.022400318010241345	-0.05420707848252359	-0.003681494788692608	-0.0382673454155534	-0.017861314686134284	-0.03188520860045962	-0.06001340640273581	-0.07537258760588324	-0.02839273108113845	-0.0564301883487729	-0.049536367637794974	-0.06639888351317716	-0.01914097886608006	-0.021255404658820684	-0.053475966488391716	-0.04698780118127699	-0.07506951248107285	-0.06834316897044362
KEGG_PHOSPHATIDYLINOSITOL_SIGNALING_SYSTEM	0.13768399524566086	0.16532351947466192	0.13012800318589066	0.1719517138299635	0.13401226881709166	0.13908601434067433	0.1939080391250537	0.15826717340464766	0.1439327178542796	0.17688566400070868	0.18089286117871142	0.1460024977534908	0.16571850526364962	0.16277576609008756	0.17257774157610803	0.17526679423937472	0.18427220498021402	0.18056490621419477	0.18776672562491584	0.17717045261995124	0.19935757707744367	0.1679895003224853	0.17219450204813064	0.18850896867484102	0.19134872070832698
KEGG_PORPHYRIN_AND_CHLOROPHYLL_METABOLISM	-0.08533216381198266	-0.09652666015451969	-0.08469321006347186	-0.10975426465860126	-0.08872351265997627	-0.08142247559820512	-0.11147243302773707	-0.08795733052268159	-0.07661623400391925	-0.11034506226682551	-0.11547271077901355	-0.10390017407811747	-0.09027437569997178	-0.08873096805492314	-0.09661152377545523	-0.08099932124907892	-0.11526759151214286	-0.11218441989787713	-0.11891176076338032	-0.08684116657749179	-0.09200739798902015	-0.09272447597972414	-0.11141409970874865	-0.09478319433422863	-0.09744355814301348
KEGG_PPAR_SIGNALING_PATHWAY	0.005784877279785639	0.009999235239638702	0.0027792710848717197	0.02401615234384037	-0.0028711455495499536	0.006853286157768093	0.01597143528253599	0.045335118868678394	0.004034435992846498	0.04242626937164486	0.01860328059280391	0.018003425475933782	0.008221632264696806	0.0213294514987524	3.2157447107215853e-4	0.04202216526797862	0.022870626925966753	0.006566844782672652	0.024576687205494985	-0.02114852248309052	0.01629686624154595	0.015310874475981277	0.03591420926358803	-0.002053477906365005	0.020360214901353032
KEGG_PRIMARY_BILE_ACID_BIOSYNTHESIS	-0.1332895519778334	-0.10032123551664303	-0.10819960755380222	-0.12172295803790675	-0.1309535791826847	-0.13361633509406448	-0.14758878325586666	-0.07504635663384761	-0.09009591382139433	-0.0648555697276141	-0.11595866374589771	-0.11308326159122102	-0.10117490386294913	-0.10981288634111536	-0.12332442481445204	-0.12814090929330094	-0.1365995211286874	-0.12105932425406091	-0.11038684794928987	-0.10864841468705118	-0.13515918887782177	-0.15677563215625634	-0.10017765035243362	-0.154030307949611	-0.09888459207629498
KEGG_PRIMARY_IMMUNODEFICIENCY	-0.14550655994824574	-0.1799264959454056	-0.18239470387175236	-0.16580484929660574	-0.16056921151724945	-0.165704237508254	-0.1406613430853226	-0.1962039053527607	-0.17273923464700605	-0.21270072261140902	-0.16345036720473996	-0.18534071848660938	-0.19861146959637965	-0.16415048603496146	-0.205632814123112	-0.19106505571258145	-0.18095295475242043	-0.18061422054144763	-0.18949171846339716	-0.1615633096520246	-0.13216669113645063	-0.14466306673484644	-0.16523543364886117	-0.15701942955679557	-0.16886593582372014
KEGG_PRION_DISEASES	0.16200679654530034	0.1779978362052114	0.11310241794766833	0.19994811925053488	0.1842780463921374	0.2168807736465529	0.2277193765399348	0.14864667848354116	0.1683942579271622	0.15134139326963836	0.20080992359609984	0.1580502422124739	0.17262179571205497	0.22269118081319592	0.1498172276823068	0.17126084293244204	0.21282293728129245	0.22177636800885875	0.1985643409848518	0.22267869010480615	0.25042763080176894	0.24530179079885261	0.2249302808995328	0.22804833314853598	0.20718361574306296
KEGG_PROGESTERONE_MEDIATED_OOCYTE_MATURATION	0.2266654000663105	0.22009689750353537	0.1811679086775479	0.21630478366628314	0.22048162583612332	0.22721960002069932	0.20761169212620859	0.20013885014204735	0.20898534760708726	0.18722145386018396	0.18904261319486368	0.20608090757497396	0.1892888135407617	0.20618269250905225	0.21258920873121634	0.17809799073220894	0.22254139771375767	0.20973187579059122	0.19166870601419234	0.2111870677612462	0.200470498882032	0.2088602732789449	0.200093080145446	0.22042845498921002	0.19988153304033132
KEGG_PROPANOATE_METABOLISM	0.17577302817903362	0.14573151622076908	0.1337190898943998	0.17051716163416217	0.14762392347179848	0.1748746623029582	0.13421188353782829	0.14614818535211277	0.1445837391548903	0.1453071487671646	0.15243362117044387	0.16263248822203422	0.14254167380401933	0.14924485694606152	0.16546050516860875	0.1353650740971861	0.14541270710557821	0.16013207341549382	0.11291820651301318	0.14912773621869632	0.136205845323355	0.15585217426205017	0.13285075678865885	0.11952019467891713	0.1331926888107205
KEGG_PROSTATE_CANCER	0.2225730076704324	0.23256594940614014	0.19800745614263096	0.24267776621892076	0.2240192065391471	0.2269465404544568	0.2731713498117443	0.19815419860920686	0.2161382692862694	0.20779076783658265	0.22987038615217606	0.21098197869581461	0.20691817327754158	0.23405828403999127	0.21041010007029767	0.2055900201367706	0.2189098563614313	0.23210059834067806	0.20409561739214396	0.2503505523927241	0.24633873290247796	0.23247966374545675	0.21675925852651917	0.23311975999142392	0.23189100808190422
KEGG_PROTEASOME	0.30028544968070986	0.228558477180691	0.22246124625274477	0.29935363330783826	0.30237551238384186	0.3135729220178599	0.27300222096343685	0.2659247242044397	0.2596128546652525	0.2711746180382398	0.2771430716225532	0.2782444762189864	0.25446987187498044	0.2670473716735551	0.22216222035313984	0.26232731653289787	0.26844445657966437	0.24946052710654495	0.21017366239913246	0.27138467465812166	0.22790405669782773	0.25413586581292213	0.23641492351164184	0.22269248788741378	0.2253072992820029
KEGG_PROTEIN_EXPORT	0.317692203923273	0.25954954723694773	0.23658504400553468	0.3041228950207534	0.3153898048438876	0.3124289679634211	0.31304971780479124	0.2973579670541051	0.2852208752040662	0.30236557417213816	0.3107988761343145	0.2968682060459279	0.2619077729476856	0.3013735872409261	0.2808106556360905	0.3086897498341595	0.2700310773508199	0.2765826602574655	0.25263076548789426	0.295304488141083	0.20458863310657696	0.2404043430493847	0.278391412146729	0.20884293774487056	0.24447275735790863
KEGG_PROXIMAL_TUBULE_BICARBONATE_RECLAMATION	0.08852075655042552	0.12358053049879736	0.041000639273107646	0.16669955850852405	0.127876150968996	0.08907926606056554	0.12712455526613867	0.17812212381854475	0.09351551441497484	0.15180124539967668	0.12770876119948033	0.15173086053233986	0.10713756316541695	0.1438127951937976	0.10807448416604797	0.18325304293144404	0.12358617692497555	0.09700543192467825	0.11868230950457975	0.1414412096903782	0.1313846534108871	0.1409290537179756	0.14763988190187008	0.13469725258802356	0.14261062528399054
KEGG_PURINE_METABOLISM	0.1457582893249329	0.10226056821547257	0.0993645901299104	0.10992151319957023	0.1273214847248961	0.1272657344162286	0.10858908584375526	0.1064695763748362	0.0906183430278661	0.10802451514925569	0.0902349943599186	0.11318315564887797	0.08674883316223189	0.08736411988902659	0.11081159326001429	0.12840854718189815	0.10578962908378357	0.09860376918781465	0.09056242269920782	0.10720693933899582	0.08946304279508716	0.11210602285460183	0.08743010028519022	0.106117490742422	0.0795100304401587
KEGG_PYRIMIDINE_METABOLISM	0.1983129913349402	0.15771933693853055	0.1541305837419332	0.15729949898424242	0.20128806553156342	0.18816544539421176	0.14204241793056613	0.14486853018276288	0.16043282534784628	0.136012093277984	0.13887808794124368	0.1650894611549971	0.12567691406064505	0.13937102626326123	0.14473909978431798	0.1461326340406208	0.1473239327483067	0.14495958672916173	0.11117562512109154	0.1583650615071977	0.1343847007636263	0.15823783656712834	0.12629778041183562	0.15995735076252535	0.12214250439151893
KEGG_PYRUVATE_METABOLISM	0.1859910885293053	0.15403857439922858	0.1366578410616212	0.1878316079718926	0.17574197203708586	0.19119993445016706	0.12801069907089666	0.1593311948422502	0.1575664004100892	0.1624802281894955	0.1645556906076371	0.1722266860522823	0.14619188583921564	0.15152486674624857	0.17007063574599154	0.1782634799421893	0.14752661065798775	0.16173612117852057	0.12547695176169035	0.1565210975126181	0.13110278291641664	0.15366230601406455	0.1349825138792372	0.13329840887081312	0.13675928697248932
KEGG_REGULATION_OF_ACTIN_CYTOSKELETON	0.15895936796555618	0.16669800635782867	0.11512409790096866	0.18945287852493506	0.15967006712814963	0.17137141814965604	0.21398962587945	0.14942560353067738	0.1343313254381157	0.1529909246548373	0.19004704833371683	0.14853195365034252	0.15381340034686	0.17519159579944604	0.153257190135873	0.14648458857276062	0.19666133820868872	0.19537182206175938	0.1713212730173702	0.18222629261123302	0.21364442399667552	0.18539092620463954	0.18068184861340458	0.18487017059655342	0.1929956283539531
KEGG_REGULATION_OF_AUTOPHAGY	-0.023756968874920348	-0.0012851870399041647	0.008896826034154034	-0.010785351249369106	-0.006938836385591058	-0.012291285145407636	-0.012328793225727176	0.06202606988677291	0.030155616154599687	0.03188221565339338	0.006974099510891319	-0.011270833998100513	0.0088771407529554	0.019489404055442958	-0.003970440682132073	0.010684573218765906	0.0065184661315724176	-0.005682820857447218	0.01015030413957699	-0.0014356246049641096	-0.028922068737973122	0.0010627531924171155	-0.005834548868097622	-0.011737505027307483	0.006727536553016738
KEGG_RENAL_CELL_CARCINOMA	0.27113888170970507	0.28789936575769387	0.24672800034188824	0.31301023870249967	0.29016500910852255	0.27792547880026447	0.3052731964917643	0.27731751172601504	0.2694802044746234	0.29623866753261147	0.3138498857397097	0.28559126015780356	0.29300678826955195	0.298500652903053	0.27515492265092967	0.2794981202721292	0.3066434538080343	0.29397966042065915	0.287336341908773	0.3009430227477668	0.3036507225020836	0.29607732034170753	0.28583111814020257	0.2953699080010972	0.3124319662709701
KEGG_RENIN_ANGIOTENSIN_SYSTEM	-0.05600132304137072	-0.07250332466200883	-0.09871944014002271	-0.02561549966215475	-0.07012070352017374	-0.07368384316272684	0.04606088553373803	-0.07181207477342713	-0.08544050098334247	-0.05961651046580991	-0.04091711248407764	-0.07421239857383163	-0.07402319905753053	-0.06967864035676267	-0.04827864156749393	-0.021608258713972952	0.012412870339451538	-0.06290369638886269	-0.053017361179216196	-0.06367810190873317	-0.02964402453752161	0.038750100399553365	-0.0700413914904455	-0.0056576107048797	-0.019236085400609615
KEGG_RETINOL_METABOLISM	-0.2947355253956026	-0.303946177461142	-0.26455590967573417	-0.2809095872690645	-0.29126138737674045	-0.2893564301922974	-0.29162281675783314	-0.2644002891834061	-0.267572144573509	-0.2826547205471959	-0.2823510681630642	-0.2734361327064927	-0.2712718119313355	-0.2871872520112743	-0.2877295902260378	-0.2387945113594599	-0.28867122269537304	-0.29464388942822023	-0.2987662115842867	-0.27552882117796806	-0.28142662965834364	-0.27386981031797764	-0.29981553778599523	-0.2980349639559651	-0.316072632681992
KEGG_RIBOFLAVIN_METABOLISM	0.05745464973455904	0.060499467497232215	0.018963865853154915	0.07206477836073523	0.07114113731634523	0.05565421146622307	0.04517962628463514	0.10396384434143445	0.06596104574905327	0.08912578347353156	0.07723650647377181	0.056780525026884625	0.0541633481623146	0.06885391578095454	0.013469263082080614	0.08506581671860104	0.053624557441977055	0.023344102730774516	-0.004050062358156309	0.06899621476491836	-0.015343006609564403	0.03458792592104773	0.029420565493433352	0.006646743602661501	-0.00440695935842426
KEGG_RIBOSOME	0.5393130662523051	0.5107970524873208	0.5216648443370978	0.4979766472722482	0.5312450817647767	0.5291071292490729	0.5119264944840417	0.457764999604459	0.49127957895801605	0.4942755979077961	0.5096855747734805	0.5239138273804849	0.5021678994549047	0.4982885649354318	0.5306144366901224	0.4861367712522545	0.4971008478973345	0.4890740633837304	0.47778075874756765	0.48617232104203606	0.4851084040572412	0.5029074571285161	0.5063150187585774	0.49648584931486184	0.4706371592963035
KEGG_RIG_I_LIKE_RECEPTOR_SIGNALING_PATHWAY	0.01086077623603912	-0.005974646885309126	0.022253328994202907	-5.916424346013847e-5	0.017327787928844436	0.005208253634774527	0.01740280511833016	5.620417551604772e-4	0.01830268499561636	4.7648375564394535e-4	0.0179697282979697	0.004703394865437075	0.012778722202999596	0.005997881354667053	0.018541693166921246	-0.007830324120702174	-0.00254415683971341	-0.0038445893781734494	-0.0026627056047486414	-0.0027136847575644943	0.00866681720667538	-3.476628602592665e-4	-0.011985032752328904	-0.005417935766428832	0.020991823891178457
KEGG_RNA_DEGRADATION	0.29336763121162973	0.265770439815684	0.2824457458946062	0.26244579299189574	0.2887351435602635	0.28169236268257425	0.2380104028059441	0.28007831141976736	0.27974769241534914	0.26646492143088857	0.2631703980362915	0.2745156916836625	0.2544122498227537	0.25622617957813426	0.25670688781561074	0.25962018281837596	0.2583690039887681	0.26044153947224524	0.24541072026548102	0.26603783286901234	0.2046140400929536	0.251447571482159	0.25139042416243945	0.21926420098205401	0.24458864089229249
KEGG_RNA_POLYMERASE	0.2843430165614325	0.2275897750029207	0.25330333341800426	0.21270009167831283	0.29377240089502255	0.2627312038766134	0.190141482353427	0.2165750506464525	0.22889192380236087	0.22860848537719292	0.23622257206338496	0.236239443047231	0.22811017246976062	0.2209728425522654	0.23221554478459633	0.23871086243090306	0.2251144522535129	0.21338432906652408	0.18520201497046812	0.220275862355815	0.19798239501157977	0.26834171311691485	0.18872769922683594	0.21473017033435488	0.2049566846698545
KEGG_SELENOAMINO_ACID_METABOLISM	0.19637181081063423	0.1588079107832071	0.17712040710638088	0.1718451847795956	0.16834490623919687	0.15988584516857754	0.17078149172228926	0.13378387079218254	0.16464030426399018	0.14770041903524364	0.14535450856617227	0.15778577882956052	0.14213109834656257	0.15519071446455757	0.17573612778216488	0.1772401584405779	0.16855040308392777	0.12261870273421958	0.14270350974227136	0.15726727580917366	0.141363212278508	0.17438575045662347	0.16605508682649697	0.1382192112104423	0.1331020406514212
KEGG_SMALL_CELL_LUNG_CANCER	0.2293643589783032	0.22198492617077498	0.20657830654462384	0.25176805025283644	0.22759093890261287	0.23195299198070668	0.25613038538491323	0.21820619408876304	0.19475737710393584	0.20154251384104344	0.23769569366529664	0.2082663410351656	0.20091996819026958	0.2082245339324206	0.20225383766938765	0.19955594097285215	0.21361673046501872	0.2395121217910831	0.21792499514801714	0.22991901908668075	0.2313324856671754	0.22822703678058737	0.21030057966498847	0.24023907544840703	0.23434064700425794
KEGG_SNARE_INTERACTIONS_IN_VESICULAR_TRANSPORT	0.15956122838801637	0.15368246646895087	0.17323754692188498	0.16014051634378723	0.14274544606435025	0.12741525906910922	0.1501862087818002	0.15832039030497963	0.18606012358056018	0.16793265136127455	0.16349704831401848	0.14171023756701814	0.1738361517709389	0.1642019971039081	0.18327549029881443	0.1623276253592587	0.14001724300159213	0.16025482725225185	0.1555797668820423	0.16840974178142004	0.15186557556029787	0.16949875315553636	0.14955954670938404	0.160249886290596	0.16949777757446752
KEGG_SPHINGOLIPID_METABOLISM	0.0520685608207385	0.07283987177493305	0.047495143516149856	0.0862102625457748	0.04940015269515037	0.0743112353192288	0.07593522299482773	0.10402573139331729	0.06211723908027252	0.06707353474825407	0.0873030434456909	0.06622141492768248	0.08045954580214215	0.10707438225255825	0.04464865502525098	0.06552695422087418	0.06697271044592752	0.07619046811844529	0.060748755957327205	0.06913871976147472	0.07927014118441801	0.08898721176498248	0.08515648886034724	0.04638626689844602	0.07166248013590079
KEGG_SPLICEOSOME	0.37040161416336465	0.33979833631817574	0.3513018111009064	0.3474877514393996	0.3665807334622471	0.36524894763203114	0.33107750042112977	0.331286059360346	0.35231108935860694	0.34328909301608285	0.3398706434495242	0.35838791189602553	0.3474728090755996	0.33642439067655855	0.34634459501937637	0.32560046875450704	0.3387352838889316	0.327998591459523	0.3230765210636878	0.3387450203286415	0.3117172062518155	0.30840399558159537	0.3078862999046352	0.3205294874406728	0.3231443176118741
KEGG_STARCH_AND_SUCROSE_METABOLISM	-0.12143308983715238	-0.15288217941291252	-0.1078814976321808	-0.132723196641293	-0.12533783228684076	-0.12261772521661099	-0.0951026931792384	-0.12268363864949118	-0.1301383944146831	-0.09989721939167026	-0.12291133999616402	-0.1383234310472845	-0.12012549249717461	-0.11328473443175255	-0.1204134188242739	-0.09719084262881819	-0.09525159849371019	-0.1284263949739126	-0.12620934321399485	-0.12777243405952277	-0.10862226894978992	-0.1321433338724077	-0.12493266250768063	-0.12807374240425548	-0.12545734527803712
KEGG_STEROID_BIOSYNTHESIS	0.15123323037256392	0.025277258284545797	0.06248037893488158	0.16036396926807997	0.15110265708577358	0.1759279370397574	0.1660232125473363	0.06376092575870333	0.11711272801695075	0.15518528841252446	0.09053685884748851	0.087029123691367	0.06113930257571802	0.13175069663376773	0.05763433937571748	0.15217050292887338	0.11028016792640812	0.07874902431725696	0.012446139024828924	0.09948999533958015	0.05026449137769267	0.10273594677915358	0.07268003090135486	0.016444411242744063	0.04188490495027267
KEGG_STEROID_HORMONE_BIOSYNTHESIS	-0.2919103513958686	-0.28216207311561786	-0.2291129240326013	-0.2901157997716531	-0.29246693397009904	-0.242590544987506	-0.24375761074980648	-0.25976819642921095	-0.27542549964991647	-0.2952533107325504	-0.29019142796045466	-0.30315561697648	-0.2845899950313542	-0.25854966911786753	-0.30780935727524916	-0.2699205775600178	-0.28830917648001764	-0.27702877246668417	-0.27958516144367596	-0.2915234480166951	-0.2793293454311282	-0.2589024839594574	-0.25991921450856265	-0.2967794851015839	-0.2906444623884816
KEGG_SULFUR_METABOLISM	-0.0833878886998598	-0.029091992694864944	-0.09772786951306713	-0.04556023315517907	-0.07226390353341179	-0.032032910412249385	-0.015887207825575872	-0.02729092472383968	-0.07108210262640688	-0.06334468173294505	-0.03386638521055418	-0.05961879219093829	-0.06452262553129631	-0.09596195938765321	-0.052221351868616143	-0.066256223339917375	-0.06608691096339916	-0.08935146811343037	-0.06700700244184297	-0.06777073575708109	-0.050183130726024455	-0.03617654895553876	-0.04622077417250528	-0.04677676269403253	-0.047301420126599575
KEGG_SYSTEMIC_LUPUS_ERYTHEMATOSUS	-0.024356164096293095	-0.036509149741891685	-0.11429094330577	-0.029237851182761475	-0.0434858439984159	0.04915056598549738	0.021186221617798148	-0.04893159670707036	-0.06996174773102587	-0.09480644911193144	0.011876304596721217	-0.09039798939872659	-0.12189373743494016	0.027289909757769577	-0.07292760132873709	-0.05094981678294393	0.0208510537690581	0.011820952360987149	-0.0366501530489812	-0.009920841340263265	0.04010559105222269	0.019969492663209822	0.016406437923271695	-0.006403534423135765	-0.031188566277364525
KEGG_T_CELL_RECEPTOR_SIGNALING_PATHWAY	0.11673519924412774	0.11214972403547542	0.10478470542317679	0.12339088437075277	0.11938002488481658	0.11796788307305109	0.1378805616698826	0.10845821723047422	0.12482093373762138	0.1232291585405106	0.13258811714758556	0.11316637400943846	0.13523326475086062	0.12559357708303184	0.12516363780829562	0.10762960521729406	0.12759027000827602	0.12759411645793525	0.1238686516099055	0.12516272959960703	0.14171296678830442	0.1359598912334963	0.12228851089084064	0.12185924005736537	0.135917599675619
KEGG_TASTE_TRANSDUCTION	-0.1351407334558757	-0.0984817002129888	-0.08075966223257998	-0.1094034893245391	-0.11258983980728132	-0.12089805256987642	-0.06550260463333973	-0.10752227176703227	-0.09231075512810963	-0.0966358228222094	-0.11960895265260275	-0.09471391867004847	-0.09625749236620158	-0.08916199103048641	-0.06273484479072748	-0.11939936165110866	-0.12802302239061342	-0.12036511372368398	-0.07000437004711367	-0.09309164904828174	-0.10362831150496192	-0.12967256590521506	-0.0779350373250043	-0.09181247789737357	-0.07731660299151775
KEGG_TAURINE_AND_HYPOTAURINE_METABOLISM	-0.04458840409500775	-0.027769002314977396	-0.07039085685038794	-0.03122310471297767	-0.0867125468060356	-0.03025074281230756	0.08526049720583023	-0.07802958591179526	-0.034498501961862084	-0.06333954704410588	-0.05298059956832301	-0.05390383002245411	-0.02777434958557002	-0.007027663376785034	-0.008661909923803642	-0.04936998504251232	-0.07162313348428316	-0.05638663691105062	-0.04351127388112332	-0.029293871490430192	-0.014020251748852037	0.02130593449574631	-0.0222002686309442	0.008310375440327391	-0.016966137747055632
KEGG_TERPENOID_BACKBONE_BIOSYNTHESIS	0.1625407465427414	0.08555918878867938	0.11146640502575686	0.17657952515492856	0.17502608661126579	0.19053367320857503	0.13770767569197234	0.13188644548396009	0.15428256249478	0.16013847488163752	0.11172059208164463	0.12672628400999492	0.13878087246979254	0.12264434089149712	0.1088127611623006	0.1442804909657546	0.11060095385378094	0.1100918027706703	0.10919217041248815	0.12005505049090284	0.08982385633439867	0.07136798538075444	0.10387550292964391	0.0758438062617022	0.1022000601843417
KEGG_TGF_BETA_SIGNALING_PATHWAY	0.1869870523116045	0.16086348337327885	0.15224333215313413	0.18883320206423956	0.17954112698593563	0.14916060828236066	0.1652940010203141	0.15132803083847393	0.16056687760885197	0.12825898737217914	0.17672532912025238	0.1691275613361964	0.14446186592872365	0.16120549494847838	0.15204367842586325	0.13508263318534364	0.15165302697715202	0.18172183136804196	0.15799516000715838	0.20402019171340005	0.1770675610800806	0.1591986274583761	0.16204183583530388	0.17248685944122205	0.17896596529088643
KEGG_THYROID_CANCER	0.22598401777470936	0.2016236291738344	0.2245148883734774	0.2403730002391432	0.2200807140332708	0.2184102098742168	0.25812905002010694	0.1908333049810162	0.1978625322649793	0.20154849129724203	0.21501179361433548	0.2182378338009879	0.19541741739202972	0.1989420193512398	0.22346373638634467	0.22622261094396656	0.15638672491832453	0.20098987016994393	0.17423462106766843	0.214815390875582	0.20961110555455195	0.2136502693303296	0.16626248833738455	0.19363491366872437	0.2070183154095231
KEGG_TIGHT_JUNCTION	0.13800461233417485	0.1274982998543622	0.1289984329940656	0.15777197059168674	0.14095828369965333	0.1468954145645391	0.1799254748371129	0.138373218236673	0.1255703345809362	0.14132056230768295	0.15104207080425552	0.1389880055963988	0.13582207611530084	0.15050851743720056	0.14494030298816002	0.13504952081477556	0.1579669660813971	0.1682824773684018	0.1607160078777776	0.15019768384751486	0.17086429320220886	0.14416720100373862	0.14437112827304674	0.15830587224914014	0.15725962230595758
KEGG_TOLL_LIKE_RECEPTOR_SIGNALING_PATHWAY	0.02117001774174167	0.0213941574598729	0.02421046545053169	0.02654699581788438	0.024090606225826598	0.03106153031291323	0.05960798005220643	0.007484926096878058	0.02651603900810484	0.019104092108201316	0.04304637494320994	0.012657379354520285	0.0271544648362807	0.02954550721792372	0.024134309935825906	0.014949163307578965	0.03927162017538451	0.041691351338196826	0.02917006981777167	0.01771000244413571	0.04873996178106856	0.04110606066150207	0.027163244427518773	0.03210228219590501	0.04856469972474171
KEGG_TRYPTOPHAN_METABOLISM	0.0068536461586445555	-0.0044052673220618755	-0.006640497347438438	0.008564906156095408	0.0032527887612122156	0.03942553571855298	0.010407869211206677	0.012152064474494049	-0.006033817312811814	-0.002095390451455646	0.02133274924773486	8.169109354871628e-4	-0.005036359601849663	0.02996119821609616	-0.03730324797759016	-0.021190699601440575	0.004351813472174845	0.005800351277112584	-0.012413224282417966	-0.0158025091847695	-0.0012837483818260071	0.030977104962132015	-0.004659406503247499	-0.03419794390773839	-0.006611577059548828
KEGG_TYPE_I_DIABETES_MELLITUS	-0.056784963383744495	-0.07736057220078595	-0.15558586174828057	-0.06794160472386952	-0.05625997615585434	-0.020023838539393296	-0.009619823397833158	-0.06345810911204243	-0.09985841716440937	-0.11100203778115969	-0.01870020043800986	-0.08146882005910445	-0.10401819066736	-0.048401776021886	-0.12503681422996166	-0.06824267539450217	-0.025450096975064035	-0.034559545461431265	-0.05080097827513269	-0.04222384096837942	0.015460066869441461	-0.022445917608294192	-0.009149992843375084	-0.041595537657439556	-0.05218257164144664
KEGG_TYPE_II_DIABETES_MELLITUS	0.12056594990195912	0.138763918127969	0.1382776410056797	0.10905509225476817	0.0985094486596242	0.10731799187912146	0.15430567158779648	0.1023584301303643	0.11129872434719151	0.11934551232423962	0.13181641397834817	0.13090140290887764	0.14915516903357587	0.13094052467625764	0.19104339565101433	0.1266310705916367	0.1785331599649858	0.14379739221254711	0.1678818120919629	0.15667512287042665	0.16567710633762733	0.11581816330272149	0.1466176206980967	0.17118678572409973	0.15634260130338348
KEGG_TYROSINE_METABOLISM	-0.04298151794940214	-0.09013843542380288	-0.06329416140072976	-0.08907634450094935	-0.06852187761650497	-0.07135378856343867	-0.08399551087577319	-0.047194084704128544	-0.08103548831821518	-0.06410730162013793	-0.09176259746310476	-0.05227077024241965	-0.0671625833351492	-0.06674543403460104	-0.0631326240112785	-0.059285848422422786	-0.07102269893612863	-0.09316195783448666	-0.08331982438456087	-0.04424720845866649	-0.0766655866404448	-0.07294618418221491	-0.08066750387078978	-0.07709728773031972	-0.09477298673772583
KEGG_UBIQUITIN_MEDIATED_PROTEOLYSIS	0.28962335098100844	0.3018475098782839	0.27718060934086663	0.2877050754513105	0.29340882103783594	0.28290759516486846	0.2737091615603828	0.2931446411718589	0.2857057469584094	0.29126706199782665	0.2871617712400524	0.28725756725013546	0.28504600520509815	0.30613574632445656	0.26824552312895933	0.2918549516557066	0.29161518361097494	0.2923307465746009	0.27853005758909966	0.30061437541985103	0.2621388157478617	0.28233674978536455	0.2791323231316658	0.26393423398060184	0.28134024779394146
KEGG_VALINE_LEUCINE_AND_ISOLEUCINE_BIOSYNTHESIS	0.2677611900488472	0.1361254386814408	0.17617302501882953	0.16361204342959518	0.20507854538339854	0.22211598869107244	0.14237666329523382	0.16308766244753367	0.16357769822117899	0.19086880344588153	0.1662173720931879	0.21021668283714726	0.15619585837826863	0.13490583052733568	0.20925119044833665	0.19676724354268257	0.17877527021047593	0.10491392526350798	0.1214335384700544	0.19980311266817502	0.08021900388480488	0.13913672467219	0.10899925022824325	0.12736674731927827	0.13205517044616955
KEGG_VALINE_LEUCINE_AND_ISOLEUCINE_DEGRADATION	0.17683508057752567	0.13134575934668868	0.10291603643567505	0.14614356757781877	0.1542656713790707	0.16818491841630806	0.10720095990986085	0.13498362223533258	0.1619600838449888	0.15186471289112527	0.13171767857008382	0.17626763552789507	0.1296729218496394	0.14492753553517862	0.1480409410364639	0.1183010580728609	0.13049920404755544	0.14507900264952983	0.10866418725017962	0.14261058552804773	0.10819523488834142	0.14333038896898864	0.10511521487279586	0.09646634235047062	0.12472075157856048
KEGG_VASCULAR_SMOOTH_MUSCLE_CONTRACTION	0.1226044542163	0.10309459528209163	0.07778175821148796	0.13241717393039723	0.08993672780667256	0.09324969404432613	0.16002739049646017	0.07385691609366833	0.06511641951626468	0.08498540523605687	0.11826640972869565	0.08462301011993688	0.10126487218610047	0.10099667834748279	0.118535614082638	0.08515706765388543	0.11762258015698338	0.12593653393490253	0.13075485525046504	0.11828024211859574	0.16637211805727437	0.10866358354493898	0.10275271037987783	0.1296669357501874	0.12192303927915596
KEGG_VASOPRESSIN_REGULATED_WATER_REABSORPTION	0.27720059376728107	0.28160817238901276	0.24776619736611294	0.2851714542873497	0.2639312169936374	0.28360195505415625	0.28724030881860696	0.2799112899783283	0.2623092421572302	0.2788167465409118	0.3004020953267587	0.28884802207175087	0.27477677330214034	0.2906231782849292	0.29112265830710626	0.26520570541379834	0.31158544413460854	0.3038443464334113	0.2830548702600878	0.27487514309160527	0.29881869618948426	0.31055921446418794	0.31140838064165705	0.2877891420666122	0.28739897831539063
KEGG_VEGF_SIGNALING_PATHWAY	0.14150809782884496	0.13012413359383063	0.1282544882400565	0.15838683459818617	0.14499954656111325	0.12389537179672355	0.16303872212010917	0.12197567281533632	0.14045161865918462	0.14331365722532005	0.1583836809957534	0.1315897057199432	0.15834331930226372	0.14599973209792258	0.13048297646255225	0.125694353036616	0.1458055359466143	0.1434985937701401	0.13651930433183493	0.14037767828405154	0.17183940499340955	0.16761800961348985	0.12971982192064876	0.1637870048851994	0.15519059079884642
KEGG_VIBRIO_CHOLERAE_INFECTION	0.215844624147167	0.22472856094990973	0.17917117000238855	0.24041680079576327	0.23095462508428796	0.24865175630598793	0.2582262430426949	0.24224075020244715	0.21549078759988488	0.23367168721858325	0.2399810077777072	0.21970034837936925	0.22764844469219103	0.2558818501535461	0.19723806933747892	0.23821528345047893	0.2517118741606231	0.24572032279848494	0.25138472339704776	0.2503385850992998	0.25370337786342756	0.25787011035902613	0.2597234671574689	0.23579537547066975	0.236854297157854
KEGG_VIRAL_MYOCARDITIS	0.10489258509873117	0.058401541361605046	0.008133990742627504	0.10086930735258366	0.08828565072491056	0.11196467442658277	0.1440267688784123	0.0807888109135563	0.04808647087653411	0.055126050715334475	0.12144527696413854	0.06492741181565453	0.05211636615911114	0.10671829790598217	0.03575263305683952	0.06701476597152438	0.13069510629517103	0.11724569390570021	0.10081180168651489	0.1006605764815212	0.15843054236515497	0.11950566511122016	0.11073649793907864	0.1052025304661286	0.09597190632084845
KEGG_WNT_SIGNALING_PATHWAY	0.17545892486203366	0.16708735192338095	0.17276984302722506	0.18054420388839854	0.17540703435323343	0.1823664426792366	0.2096466061847319	0.16867604055349636	0.1583551808471528	0.16337694492905025	0.17856879767498315	0.17486698313934992	0.18169554041032956	0.166448182024235	0.1637340474236422	0.16775712980303772	0.1710899301599869	0.19061779132712853	0.1722975408672237	0.19007936421807609	0.2017129418443898	0.17753043520119238	0.1801167013198563	0.16922644727927674	0.18180976920464229
