pathway_description	BS_8ZP3CBQA	BS_E4F1D721	BS_0QYS36NR	BS_1J2WQ08M	BS_196BBNEJ	BS_6H1C1ME9	BS_4T0HPZDC	BS_WRHDP7WF	BS_XQYHPBFS	BS_KXMYBQ6N	BS_MA2T7ET1	BS_JHGW42S6	BS_RHD7XPNP	BS_RGPSEMHC	BS_PJPGVD62	BS_J8VX4D17	BS_8RHPJ740	BS_CXVJK2FY	BS_T1DVKKJB	BS_V4W81SFC
KEGG_ABC_TRANSPORTERS	0.0452964613843956	-0.01484633008633497	0.048508168889916985	0.03268971546186831	0.051555678751138104	0.03801484615007752	0.04667191466008115	0.05186544018156254	0.0550079176644733	0.013243932780434835	0.014266195824227269	0.052557206517931145	0.05652840608586741	0.06736385912579497	0.03316881844599012	0.043806566077300955	0.018411878400191383	-0.008277294355915068	0.049849595467117765	0.013580764152083587
KEGG_ACUTE_MYELOID_LEUKEMIA	0.2752183867925686	0.2666416461530792	0.31546381430818193	0.3050552871447858	0.2860539169525694	0.28177043395816076	0.30897170378543637	0.2874777441918463	0.2706598910144994	0.29218773519511604	0.26250814340111034	0.27485289029134063	0.27285424605921166	0.28431888780722436	0.3261223525244244	0.2881295840934188	0.2872237053678548	0.2927763969337341	0.30219622131024476	0.28039188172179247
KEGG_ADHERENS_JUNCTION	0.3335602795066264	0.3351134267882629	0.34822346738356147	0.359285872356062	0.339902821327122	0.3376964716426495	0.3462724912878208	0.3441527954879519	0.33788762055903454	0.35038826189045896	0.34220896358921304	0.3303626731993413	0.32048595522217554	0.336552487090382	0.3274645979574932	0.3337032794444269	0.33923631680833605	0.32728983383026755	0.31436044805716334	0.3552633348826948
KEGG_ADIPOCYTOKINE_SIGNALING_PATHWAY	0.17922213250666452	0.19641192815059066	0.19410315893136196	0.17930908910823848	0.18646024732403887	0.1862977692150763	0.2012751558358771	0.19341700051313118	0.1960342378721142	0.18274792650781388	0.17215566690417952	0.18747285810723263	0.1821499841441401	0.19371702029835386	0.21103597865356796	0.1822998613576643	0.1701285098782049	0.1763168615332123	0.1868962844511264	0.15484609044246084
KEGG_ALANINE_ASPARTATE_AND_GLUTAMATE_METABOLISM	0.12485674639868281	0.08469628482332144	0.10396486581062533	0.11466993973095953	0.12543250022558144	0.1478979833965373	0.13715410104797598	0.11308839425593796	0.12406892290561586	0.10851336520516576	0.13952849663853445	0.10448429853275808	0.10345096390369962	0.11940184879768605	0.10928684557200545	0.12122607366868388	0.1667832155906464	0.08194579441005358	0.07501820092297407	0.11916087957927365
KEGG_ALDOSTERONE_REGULATED_SODIUM_REABSORPTION	0.16518075597254617	0.15207411089559372	0.19342784069980087	0.14805473834055993	0.16577723461610816	0.1659072465640248	0.19448314632942784	0.18684880667438394	0.1779941949014216	0.14816924003553358	0.15082471160264319	0.16450162759294934	0.1520404792217677	0.1832651309064304	0.17752313507238238	0.16362663033050065	0.13907287282819497	0.14531651683713828	0.1376686143589794	0.14774540216348148
KEGG_ALLOGRAFT_REJECTION	0.004586233644798137	-0.009635763344349492	0.1525566107540944	0.1067646119800194	-0.010636284176069643	0.06476701572103316	0.15517535097701407	0.10507372260059838	0.10377171453503235	0.13416484111825666	0.021025210883222747	0.1137388176499461	0.04724256565674709	0.1310571643211723	0.1310820785207177	0.10266996174323952	0.03923593663751858	0.009849893988868902	0.08452390217589337	-0.012840966192702976
KEGG_ALPHA_LINOLENIC_ACID_METABOLISM	-0.10544360172257544	-0.06856951342693132	-0.11562853667751008	-0.14228473359971533	-0.08501838936108076	-0.060466786114482494	-0.0994454757134621	-0.10037867625758519	-0.07787026496677424	-0.11353707295821339	-0.08849298753896509	-0.09366897206637505	-0.07101026742919823	-0.05933151746420245	-0.07406952022086773	-0.10439959016166045	-0.10704836906782846	-0.10508857194237187	-0.09588834000278182	-0.12516674105581532
KEGG_ALZHEIMERS_DISEASE	0.25547266695746923	0.25859359565311413	0.2435397231344494	0.22533206190839933	0.23448620464509345	0.2421512072928693	0.2465613845323502	0.24229297566844896	0.22838366589077302	0.24925373698748415	0.2459743489096619	0.23186592920488397	0.24459416244296878	0.22900195047197427	0.23720742841983397	0.24132706129391757	0.26774677706341926	0.21245037006927237	0.2356194281772767	0.24571007974658984
KEGG_AMINO_SUGAR_AND_NUCLEOTIDE_SUGAR_METABOLISM	0.148518490589212	0.11722068023478423	0.19591322454587903	0.18823827123005754	0.12745238301796194	0.19449300196545502	0.19884676882234095	0.15566543598731897	0.16930830903620392	0.17585984586605985	0.17714563117992116	0.13389054846072232	0.13508625012631362	0.150498010212774	0.2335263591421948	0.1433656056095774	0.20529561845631003	0.12899091103202615	0.13578203895046137	0.1545470962605354
KEGG_AMINOACYL_TRNA_BIOSYNTHESIS	0.07105800905578223	0.06875718378152211	0.03967772146368902	0.0685868910533779	0.06140700800476461	0.06897205841161118	0.04914571244342208	0.03300376266044262	0.03889130483858864	0.07064983177960432	0.10429560940354429	0.059210430828490215	0.07873023921507857	0.042988601109941196	0.039458539036024365	0.07246744169611707	0.08716201286873662	0.1004535239801525	0.08592917302291278	0.08341184542044842
KEGG_AMYOTROPHIC_LATERAL_SCLEROSIS_ALS	0.16015385347464606	0.17081255551792984	0.18073110557013045	0.16969043013222687	0.17143309246414515	0.15180694245152213	0.2041252561212178	0.1703114675728605	0.17257717240188494	0.19965904450080324	0.18878045274074995	0.1365682957761885	0.12279963061196343	0.16983977696267485	0.1774702242887903	0.16274409805974588	0.1648942950334231	0.13350569026954714	0.1705322972276581	0.17059604714450052
KEGG_ANTIGEN_PROCESSING_AND_PRESENTATION	0.1437203519526149	0.1152176254716929	0.21835790762860618	0.1850742799098441	0.13565421681630188	0.17665874374375173	0.22036886321640844	0.19267724016316437	0.18630310916546988	0.20215566886494574	0.13133536063899495	0.20368266333435622	0.16370801384772804	0.20814330236427875	0.2130224855611499	0.19551794714055906	0.15459765073799997	0.14782738007804744	0.1802303906011491	0.1307625688164432
KEGG_APOPTOSIS	0.1545764799044903	0.1706824542486416	0.2040516570858606	0.17952138982469085	0.1458526511984559	0.16839900623437293	0.19822204848096986	0.19816285640977685	0.17400543200775576	0.19547667343556055	0.1615377769148294	0.1499304453174167	0.14696153526993164	0.1890164541928322	0.23629275403964803	0.15701024590642887	0.1643793792915544	0.15637832269078691	0.17328329231117529	0.17306968822427016
KEGG_ARACHIDONIC_ACID_METABOLISM	-0.0928593102433378	-0.05828052734072463	-0.04639699445053119	-0.09548979780337788	-0.08036403730881271	-0.09577347307341769	-0.05943243557403778	-0.0848646104749714	-0.07818834084142919	-0.08186626283749426	-0.09101928537575582	-0.09482914189144116	-0.07820356258061263	-0.06823410070806825	-0.036132769012885646	-0.08982393935533974	-0.09619588948539806	-0.10040436158036176	-0.12359931689709788	-0.12707283275232978
KEGG_ARGININE_AND_PROLINE_METABOLISM	0.16533809879557085	0.13377074811653	0.15995904128788382	0.14729520446286387	0.16290937835287633	0.15155633862493093	0.15968120984496545	0.14825518055627798	0.1338963944155766	0.1445768637747932	0.1862726363768055	0.15735957534360195	0.13794424212629103	0.15603287899624702	0.1581712420076769	0.15486197541927377	0.1762522203694506	0.1331797684248547	0.13606516869808313	0.14455190211535932
KEGG_ARRHYTHMOGENIC_RIGHT_VENTRICULAR_CARDIOMYOPATHY_ARVC	0.19967941138631173	0.18249936529292946	0.20196450272520042	0.22014229981379047	0.17929855065723138	0.1900434445446527	0.182840219791812	0.19001373446669426	0.17820263042185852	0.17190749263864832	0.16792580912151486	0.20442122911944718	0.1735662715670096	0.1791767403795843	0.16723781288226144	0.1699571532552913	0.19658668039600719	0.10979944692390275	0.14277490598842543	0.19485955031177415
KEGG_ASCORBATE_AND_ALDARATE_METABOLISM	-0.17166001241592935	-0.18630261158771758	-0.1764456010050283	-0.17984278471752885	-0.17386709294748767	-0.17305707981474125	-0.17638890056663098	-0.15974960064604285	-0.16738065347334846	-0.17844150017909652	-0.17684405267338268	-0.17669878212047502	-0.17651488924658038	-0.17915485507660703	-0.18717931711120486	-0.1809824151328881	-0.17101315435220812	-0.1783412961120617	-0.21047070613512942	-0.18611982058387225
KEGG_ASTHMA	-0.11966127210816639	-0.13113494144402285	0.07564964859313585	0.025333519817103755	-0.12543322424330752	-0.032776730100382984	0.07439569237194976	-8.499414310298968e-5	0.01455415519383967	0.04926877735814475	-0.07551566365488599	0.009234702042442528	-0.059052753643126094	0.04619714409008079	0.04697947203304415	0.014824261008509847	-0.0817438583562858	-0.09104757191391426	-0.02748557566922035	-0.12647538273867015
KEGG_AUTOIMMUNE_THYROID_DISEASE	-0.10730482922697562	-0.11461607042383591	0.012790996785782771	-0.01946204193533668	-0.12140210648338332	-0.05723832647129367	0.014371401959240129	-0.024801099746071125	-0.0257443547594565	0.0017616012473026144	-0.08232861228027584	-0.011694809958722591	-0.07081966439838289	-0.0042460634841136775	0.006142611067975373	-0.030164700574283266	-0.08018894490652394	-0.10071397453249802	-0.025913766813980874	-0.12930040701843584
KEGG_AXON_GUIDANCE	0.21294629975021181	0.18945577851223958	0.2458646286860713	0.2507980900834914	0.2297104522339323	0.20975144505785237	0.23914741139913956	0.22449283412662743	0.21949098597897868	0.2179468055034267	0.20970059068043678	0.22223771442255288	0.2058470519137478	0.20991319606795147	0.21428293358554865	0.2194587310021155	0.22317646911410138	0.24527547666047453	0.2477374019871277	0.23234475024915457
KEGG_B_CELL_RECEPTOR_SIGNALING_PATHWAY	0.18080587356276626	0.18100280937959126	0.25228129817328504	0.2357514103012501	0.183751901111455	0.20357479336739573	0.24388038121176311	0.21405046145170986	0.20042768981037926	0.22170750104055553	0.17058711085874184	0.18622324204838356	0.16610006598486482	0.23142227063602505	0.2932316325477642	0.18747259682593304	0.17744161120347945	0.19918155043804342	0.19297637227853284	0.20803460063758075
KEGG_BASAL_CELL_CARCINOMA	0.13229015106452902	0.09366112657090012	0.1356358729668985	0.16704179690902454	0.1739885265713909	0.09319397197380633	0.1266418838182694	0.12850053732935302	0.11794987976747849	0.11629899501664125	0.11294347024606623	0.10195091197582223	0.14167219592200556	0.08964908353093937	0.051129772517922834	0.13924716005077603	0.13296590296604419	0.15034423597513435	0.16100693624048823	0.10880337354195627
KEGG_BASAL_TRANSCRIPTION_FACTORS	0.07711652214104167	0.10832155730556889	0.0540001399536223	0.07964252892126616	0.06802501826744616	0.08592843614910675	0.06314352987063057	0.07454046575902114	0.08118800779177551	0.0717051095957643	0.0852806894443902	0.07219114737214909	0.07076796288194995	0.06046529283038673	0.05414346116194325	0.0801361458688327	0.10015262334683399	0.11876523732106803	0.09639212719531526	0.10222906652880713
KEGG_BASE_EXCISION_REPAIR	0.14262506165163602	0.12202571951262763	0.15658531983915425	0.1664390304600034	0.15620588743713884	0.12151917051357872	0.14788402779671517	0.10716731807841762	0.1099481165765754	0.16639564043435073	0.15856129316124748	0.11038991117179504	0.13037373248680223	0.11277424205119156	0.13889716817497122	0.1615672411470731	0.15603263552563157	0.13634704996306815	0.1387918721511484	0.16369961337251487
KEGG_BETA_ALANINE_METABOLISM	0.1532489419790227	0.1399955463554399	0.135859466937531	0.15483357191487115	0.12934512899514586	0.1481814818129241	0.15192482383846811	0.1379233340133498	0.16105954847556334	0.12970663670181845	0.16237713212141633	0.12570201028252556	0.13011699005282637	0.15844128955389508	0.14264843078416783	0.1164602268962985	0.13960549829378677	0.116212180258957	0.11623966914615967	0.12291548529489235
KEGG_BIOSYNTHESIS_OF_UNSATURATED_FATTY_ACIDS	0.2081971821602159	0.18543495012467145	0.19251019073897055	0.17745228189245324	0.22075519179071112	0.220319605699083	0.18944988785234954	0.2351489296795412	0.1975289468586318	0.16316332477098291	0.2074983189211344	0.2064786324253715	0.19845248584912975	0.18820642197100193	0.20742556713656785	0.19344564264294148	0.2383748402339838	0.17129500847372564	0.20885627781611174	0.2574143737927627
KEGG_BLADDER_CANCER	0.2457341850404301	0.2330209324610563	0.292500405010848	0.28482748521967405	0.24360291393348135	0.2603273869192036	0.2871063804663979	0.2660900577289398	0.2683615938825709	0.2755567373941644	0.22878888708858777	0.24877387730295342	0.2363489982961429	0.22965448946853015	0.28970251415532416	0.27333865982290495	0.2658093710364981	0.2633071914605307	0.2536054297749853	0.27482601792043354
KEGG_BUTANOATE_METABOLISM	0.09576113817379893	0.12853086932090876	0.053464567943392445	0.05673021602671585	0.1156406297031782	0.06084116945285516	0.06361069145132442	0.08357640941826754	0.08074377039631031	0.07178016248530848	0.12939123831966623	0.09121451479636036	0.09438758748741712	0.07083394301860663	0.044982029878952515	0.0709953439191768	0.0830988684062186	0.045271806520824284	0.08266568123750431	0.09937000274281803
KEGG_CALCIUM_SIGNALING_PATHWAY	0.05917545994417963	0.02624514016133737	0.07056379584967912	0.040156847620657514	0.06544814434178348	0.041754102671019186	0.07145888376830248	0.0669820082753349	0.05734212285406998	0.041649744911476584	0.03478085024631005	0.05438587820256516	0.04511255169232113	0.06836768613320883	0.06559138650071707	0.06169085001821712	0.04752071343341728	0.03768676475161071	0.05470201099885494	0.02173295057714433
KEGG_CARDIAC_MUSCLE_CONTRACTION	0.16237760353978284	0.1430106591776974	0.13720768379578402	0.13433541275425992	0.14002470482431897	0.13945773916571755	0.14195999649706456	0.1296978498460728	0.13115234947462498	0.13358734399332023	0.12096085002815335	0.14598286775168215	0.14445148117292977	0.12715997262295572	0.12654463213381537	0.14556821075186097	0.15305480150893394	0.1132210168467037	0.11337528472640032	0.14911790411345247
KEGG_CELL_ADHESION_MOLECULES_CAMS	0.11056942728968398	0.09502064159596894	0.19589872897484098	0.17624097578188014	0.12618568302954108	0.12845749748767293	0.1723054579252598	0.15589013798593493	0.14157976966783548	0.1703776932338705	0.10770088403845228	0.16465008568955705	0.12861942717420125	0.16552462476002514	0.14815905760816006	0.13820116754638784	0.12084815001321644	0.09425530080046876	0.11207344446727988	0.10883504875280456
KEGG_CELL_CYCLE	0.1538996036010563	0.18296860343181282	0.17582906497163736	0.19593759780537673	0.16588433482845988	0.167171829815882	0.1709888327135022	0.16190109610006315	0.16781468619629547	0.1861849175070896	0.16374679184748644	0.1512175098742426	0.1585636103504767	0.1588673254535484	0.14502340278676104	0.16442439615686977	0.17307317603990216	0.17174336229790876	0.17638566951245804	0.2307701777112479
KEGG_CHEMOKINE_SIGNALING_PATHWAY	0.09261889521826702	0.1033861181204529	0.1760992634793616	0.14170407785712075	0.10737914039797249	0.12338290281356588	0.16909000441889097	0.14673571293286164	0.13193377477760537	0.13932856695214715	0.10002301314182185	0.10275712079552528	0.10187733127294432	0.1418901995283889	0.20669651963202773	0.10960329328186115	0.10661158131403047	0.10413497259540659	0.11435162363081129	0.11132027628581946
KEGG_CHRONIC_MYELOID_LEUKEMIA	0.3121310785561918	0.31165875412071187	0.3419170307344344	0.3430633907029058	0.31558439560410595	0.3305462597236941	0.3500002155689527	0.3305470757419623	0.3316687701052699	0.32878956249097097	0.3177249151085171	0.3041203186420392	0.29913609949941067	0.3326696351321885	0.34761342215172913	0.32505564509902535	0.3251739474025414	0.3241749223527083	0.31417651748822034	0.3435685305101144
KEGG_CIRCADIAN_RHYTHM_MAMMAL	0.35250413671693437	0.35775627665318804	0.34627495574557143	0.28837714413460963	0.3814710889547377	0.39063809846145925	0.37064909334580554	0.3362604413600304	0.31946604581471605	0.3381565957886749	0.34541776558340487	0.4035630633313778	0.41211893130804766	0.3379159290959788	0.37312378331659224	0.3649790776646178	0.38352141908667764	0.31054656159304084	0.38362480006086086	0.32325760309887935
KEGG_CITRATE_CYCLE_TCA_CYCLE	0.27615913684314214	0.31082770403478704	0.24512373124000342	0.24291378805936079	0.24449786792933761	0.2763678572087119	0.25142095584251317	0.25370606408085916	0.23943109410908017	0.2746993056798637	0.2911135547275614	0.26525184811010205	0.2798847689032893	0.24369656843990767	0.23442661273412357	0.22829013960218075	0.29948740940630003	0.1944850877214957	0.2135994822604419	0.2736630427977635
KEGG_COLORECTAL_CANCER	0.3230926637872987	0.3124056258079148	0.32502637004442303	0.3388946210466768	0.3205272634549192	0.31836584090024506	0.32929794222029085	0.3389784129712621	0.3270109211795497	0.31295390476985274	0.3010290425453628	0.3087088987814121	0.31005375055521944	0.32983524896883265	0.3261529616626682	0.3207803268280037	0.3108990149934685	0.3151325598505473	0.2963025873651184	0.3423968932811724
KEGG_COMPLEMENT_AND_COAGULATION_CASCADES	0.06824181048430418	0.08192518026660195	0.18787919276803425	0.1351992792044655	0.03132093753967061	0.06809498931752067	0.13103127812392476	0.10436688015882613	0.09153978302589717	0.10228246550344898	-0.023726446668583114	0.1090620248730762	0.07097964516895042	0.14455416055525638	0.13556890887586384	0.06519472689736984	0.07954013145693893	0.018152282594616712	0.01290897970368264	0.009161818544053317
KEGG_CYSTEINE_AND_METHIONINE_METABOLISM	0.1584754457405824	0.13485839007189568	0.14908310315546686	0.16901235173021198	0.12828391232321013	0.15454481894986866	0.15014810335624548	0.1282213510013053	0.1484480221602633	0.15028915454661906	0.17519732589616185	0.12102537174287008	0.11697106478918727	0.13616792152795854	0.13683375872968168	0.13124746012310345	0.1721478970250086	0.1389845164579586	0.1448157220994624	0.17565764116957344
KEGG_CYTOKINE_CYTOKINE_RECEPTOR_INTERACTION	-0.12344460625165238	-0.08574369844975578	-0.0019890663595490835	-0.05173477179284523	-0.10304680523311519	-0.0968335000359523	-0.024928342871752676	-0.0384237270715664	-0.07418647114509769	-0.042884709753035113	-0.11752057354920328	-0.10059072714176946	-0.09936763520667717	-0.06420768878638547	0.005003970020622278	-0.09011261489213039	-0.09188210262376492	-0.10024811380130648	-0.08439547868097123	-0.10420367593820949
KEGG_CYTOSOLIC_DNA_SENSING_PATHWAY	-0.054846612159731994	-0.01824888043968467	0.022938278050044007	-0.03506408461700285	-0.04266806819689097	-0.03314676980607366	0.00921111969126386	-0.003508494771979964	-0.055391179438233094	0.0038907807036287333	-0.04351974646950588	-0.023233350940720005	-0.03177136873694937	-0.0243966549869643	0.03849537169147044	-0.036861719675284906	-0.045253194654049846	-0.022431605178461198	-0.0250462647143473	-0.04109403825184584
KEGG_DILATED_CARDIOMYOPATHY	0.16307584433969788	0.13633561643915812	0.1692206318081348	0.17542204607499948	0.14176258495649466	0.1443905797229804	0.15015335458165543	0.14894774994268375	0.14381873947985763	0.1330206522469132	0.11565746083645186	0.14790912524487837	0.11593425160832793	0.15016293991284183	0.13232368457883684	0.14103684647329184	0.145266690497527	0.07865661537682504	0.0923602019910989	0.13957665708601782
KEGG_DNA_REPLICATION	0.07832369304350384	0.06871268391021815	0.10374837876065049	0.1464478350295464	0.09703480694435668	0.057625011396051244	0.08469946275414762	0.05725850732281992	0.04924059309516243	0.12224940263911659	0.1006064858913933	0.037173566501304184	0.060536156045299154	0.03931869933241215	0.03818230246256308	0.08417990730539224	0.08960027152245845	0.07031143635899169	0.08573939570825527	0.15040459960781705
KEGG_DORSO_VENTRAL_AXIS_FORMATION	0.24872043705174418	0.2324193300947293	0.25739168822234754	0.24833359068627603	0.25403600244768304	0.2538577233860775	0.28583028478073536	0.279741227607917	0.2723953206479031	0.25164518053008955	0.2447697741714394	0.2624995479342073	0.24628314504568316	0.27036612842144453	0.2648787597440867	0.25291529370596944	0.25934671328161407	0.24184952553308828	0.23827087169750286	0.2539814525711232
KEGG_DRUG_METABOLISM_CYTOCHROME_P450	-0.14769599689959878	-0.1733796332910954	-0.17634425680252802	-0.2024417175976948	-0.15594184817519965	-0.19913187877836708	-0.17793647290838346	-0.18884578813199	-0.17375524759868569	-0.20633028614990914	-0.18515610442866318	-0.14455828143938365	-0.1525162488374547	-0.16985376579013617	-0.18182110764229267	-0.20254186417402859	-0.1851165330889066	-0.1965439327487364	-0.2178637052914951	-0.23041384007663787
KEGG_DRUG_METABOLISM_OTHER_ENZYMES	-0.15355020585142504	-0.16202497898985796	-0.11688866224545165	-0.1275181920504544	-0.17031682459453387	-0.12683935173422975	-0.12246686691674227	-0.15596725926033028	-0.16118077905814615	-0.11485319960862006	-0.15292294773030238	-0.14401133611576195	-0.15698965045694133	-0.15021868545768813	-0.10854228738176959	-0.15202246265495395	-0.14470109465824096	-0.1590917957321441	-0.15881875792611744	-0.15600466209672187
KEGG_ECM_RECEPTOR_INTERACTION	0.25016938795878174	0.2264938035479649	0.3099756888160286	0.31485275828057113	0.23663117606717107	0.24372287775456572	0.25809468675780456	0.259766503645382	0.24637988668238725	0.28154687101083525	0.22152743226305255	0.2760073038652739	0.23864221703785327	0.24738515225373697	0.2573545680670417	0.2542946844500338	0.261480259088347	0.2084603554556412	0.20482472827076187	0.25176271411988826
KEGG_ENDOCYTOSIS	0.2426560536125841	0.23996100454971386	0.26632109632663203	0.2546163377138477	0.2493266206230923	0.2531311408230127	0.2631812445265951	0.25304265728225467	0.25190284857466116	0.2571466565837217	0.2523722935538088	0.23981281157226012	0.23514427279982655	0.24776594969742674	0.272952109965578	0.25270786213843083	0.2558064488196674	0.2415038622343534	0.2509732274945533	0.25326597773258003
KEGG_ENDOMETRIAL_CANCER	0.3351722859381141	0.3125333859594287	0.33039036030522534	0.3289206231848623	0.34464823037476383	0.3341356665844032	0.3313228355191413	0.3361014308473537	0.3242536318288562	0.3216839528902462	0.3216264025574465	0.32561622197852247	0.32754810292634134	0.33000615957489304	0.337139518301155	0.3379571348276246	0.3208217436170001	0.3306551100684386	0.34534869436323057	0.33723767170795166
KEGG_EPITHELIAL_CELL_SIGNALING_IN_HELICOBACTER_PYLORI_INFECTION	0.21838217564070567	0.23396181011393	0.27038462072258695	0.25489189844017734	0.21650301336256275	0.2500840573817671	0.2733941821475776	0.25828820066466274	0.24316337304236063	0.24260907418879293	0.216357175076906	0.21557466624311988	0.2065535206281379	0.23358234425810318	0.318776507361728	0.22741547384151636	0.2403728535534779	0.2217705184526843	0.26094344531602187	0.24654971710078918
KEGG_ERBB_SIGNALING_PATHWAY	0.24700045953232388	0.22877729521671397	0.2537076594773617	0.23836927967974048	0.25847655264844727	0.25460462788451343	0.2659610059483418	0.2531020832071233	0.2576645953422308	0.23335690155067484	0.2488505929697353	0.2424527173149365	0.24332808055216135	0.2399247978356868	0.2645615009769618	0.2535045993429829	0.24812575522334754	0.2492875074351061	0.2775339818613605	0.26344568342930014
KEGG_ETHER_LIPID_METABOLISM	-0.0112606220554752	0.010483913646871578	0.006846654063385125	-0.0036247658129547923	-0.0098042899952862	0.02258780589854609	0.005787186227505971	0.0025780375045157673	0.014843316979193586	-0.008202182897185387	0.02181238820232154	-0.007807433250995819	-0.009922337063416706	0.047104836186883735	0.013589352991879558	-0.02020615394213328	-0.009988998474482275	0.01285158406348048	-0.004787597250472648	0.027189231689334906
KEGG_FATTY_ACID_METABOLISM	0.16578825222287297	0.1555131914435645	0.14203551904661527	0.13622099754708306	0.16600816336434643	0.13023046120727994	0.14196989174117844	0.15882289663263535	0.15007257296705087	0.12083349885522178	0.16395233638055684	0.15174429487104865	0.15293660242610052	0.15601727491297238	0.1300473334329548	0.1357126629756164	0.13731582660742386	0.15336320571922996	0.16071125391500554	0.17138488136104188
KEGG_FC_EPSILON_RI_SIGNALING_PATHWAY	0.0993617846624882	0.11146286026903814	0.15192427020621938	0.14372784914355372	0.11037651938701702	0.12485290883555485	0.1528855364962729	0.12892610008158906	0.12608012974727434	0.1219028630931209	0.09356618436588056	0.10145569218610637	0.09558487359009346	0.15214887524707382	0.19697099604245039	0.09965338863015016	0.08947545198945697	0.11772531179309184	0.11616643109307645	0.12229668364965207
KEGG_FC_GAMMA_R_MEDIATED_PHAGOCYTOSIS	0.23501721022169475	0.22121766279017246	0.29921007879194494	0.29016886263704394	0.24213749313545854	0.2493082113908137	0.29717781261320947	0.26287316840927244	0.25416818989589857	0.26552711400589024	0.2213522492767875	0.24703771847343503	0.2256586415515698	0.2880628199677611	0.3264861354873174	0.24385765163861367	0.22872516894541386	0.22618740540673762	0.2435352407182068	0.26590147066089415
KEGG_FOCAL_ADHESION	0.28721580211999864	0.2618289101360162	0.32165195629383697	0.3238716610484477	0.2778509507373323	0.2827446973882474	0.3039792311012241	0.2964740751017458	0.2910521503878415	0.298244673424288	0.26760742235469087	0.2923275988744076	0.2697740791832428	0.28908358171904813	0.30597077079870283	0.2811925132426073	0.2899863058046317	0.2635366423590871	0.27164152945585063	0.29010420600135495
KEGG_FOLATE_BIOSYNTHESIS	-0.05125807367660564	-0.050646609997707454	0.013371642300679673	-0.018478683635928275	-0.04475985559048849	-0.03772607147071315	-0.03784099563305718	0.029570123045120432	-0.043715822526475566	-0.01264074125204074	9.065297336797669e-4	-0.0691889577174538	-0.0231826188000709	-0.0361930521745067	0.04186878012817716	-0.007692186818131345	-0.015797458109857197	-0.031666247996910264	-0.04863700735954949	-0.006267265298357028
KEGG_FRUCTOSE_AND_MANNOSE_METABOLISM	0.20257217939591327	0.13768133790035036	0.19016633188009865	0.1860301230686342	0.20896072849604555	0.21331459808511097	0.21425464882303213	0.18050879610601192	0.18951307158531744	0.1691361547925191	0.18694643507081546	0.18693408503100775	0.18935956475947097	0.15612187565994567	0.21959773307708444	0.1807574799088474	0.2169372336955936	0.18857799989896856	0.2049298076345923	0.18049457011504644
KEGG_GALACTOSE_METABOLISM	0.1803506044986483	0.14572520556397772	0.2081625583263212	0.20734129706043128	0.16078365398909514	0.15149106849193036	0.18982604141752282	0.15276467658355206	0.15694351714586133	0.16990855376089115	0.16800632617777067	0.13169324723508705	0.14343765024963065	0.14865981575012596	0.2154433037336118	0.17397735248803953	0.18372765596563143	0.10975609124471628	0.1587143443372205	0.18135246243494038
KEGG_GAP_JUNCTION	0.2162799148538393	0.19557691810954791	0.23016163165221265	0.23064083184112147	0.22507223032803236	0.22260457301909897	0.2380767783941442	0.2379793318350992	0.23647024697291605	0.2253897760962361	0.22655480087865362	0.2100094527594311	0.19521347515797402	0.22062237664604742	0.2229119186104569	0.21886928153337237	0.21715172600977095	0.20039206480491384	0.21948902845883972	0.21570434498632254
KEGG_GLIOMA	0.24935285074401511	0.23989334107782376	0.2706037101298508	0.28000267767559783	0.2599621491970792	0.2504097111224985	0.276892497956546	0.25317696708442067	0.26756953742663814	0.26748659827482196	0.2737523625884392	0.24611668373717863	0.24100155540441548	0.26715429998307644	0.2778737628448152	0.25195681239926254	0.24604042422151615	0.26145334879353294	0.28067989870332144	0.27781278291670325
KEGG_GLUTATHIONE_METABOLISM	0.16237645411959759	0.14524557079722036	0.1802337397022962	0.15741244837433493	0.15835213311072732	0.12876596413351407	0.1692702912552189	0.14505024696641441	0.1407045163498083	0.14015932991633656	0.12817740887354173	0.13257485608233502	0.1519378896140395	0.14490354726690763	0.16642039382282456	0.11833108631821392	0.1613259524417696	0.093923811131215	0.09278925900731494	0.13668922521974403
KEGG_GLYCEROLIPID_METABOLISM	0.11502470763761062	0.09437042356116851	0.11424338938145323	0.11369109229553286	0.12012374142997685	0.11250535981107675	0.11612268614597672	0.10203219798561343	0.09672247631810629	0.09200688846563715	0.10733848506617365	0.11446986087274527	0.08142969543300381	0.09899293280069053	0.13356414532430844	0.10813491045666826	0.11379255074188918	0.0703731733787649	0.08972638695904266	0.10684450250784848
KEGG_GLYCEROPHOSPHOLIPID_METABOLISM	0.0956086636203672	0.08207573353849425	0.09619505884363744	0.08376040520558628	0.11212823877298274	0.10305443589214552	0.08839739175781966	0.07966974072795018	0.09022518577808367	0.09835651178267474	0.08244147923135046	0.1103841998987448	0.10215371327840468	0.11015533182256589	0.10487722294007011	0.10772464161325314	0.0905253229248236	0.08717021279958913	0.08401041143272142	0.11258684030711774
KEGG_GLYCINE_SERINE_AND_THREONINE_METABOLISM	0.05556058031713816	-0.01419889539970061	0.030404265374971772	0.04064398387883834	0.08598164430630953	0.003654780485352673	0.014677576442623179	0.004343320940014071	0.008270424476033059	0.0011323873708177397	0.058725695174632234	0.051427227346016326	0.05121928960448307	-0.01332833699133474	0.02821542962073879	0.049019938244255025	0.0655782617131508	0.008156080809285551	-0.00713892149257061	0.08297703655068503
KEGG_GLYCOLYSIS_GLUCONEOGENESIS	0.17106436975456485	0.12481749426764446	0.16811464576107035	0.1648018236345115	0.1602553021166582	0.1547691160237339	0.17166386492732422	0.1543277905240387	0.1640143377142814	0.14014210106662364	0.15907372074300674	0.15496724073914098	0.15797327725144697	0.14132010470235232	0.1655651882889302	0.14840688996950016	0.17201697193071305	0.1534080194724853	0.15265850218372407	0.15717580692696187
KEGG_GLYCOSAMINOGLYCAN_BIOSYNTHESIS_CHONDROITIN_SULFATE	0.20620795204981116	0.22151230609871786	0.2825541530915535	0.2917127330152997	0.26289782426338804	0.2075030015994637	0.29150431376298747	0.2504510543505795	0.22789380170236526	0.2918289653121993	0.2886051140679293	0.20519889814462325	0.17442548833249025	0.24186913866973309	0.23992821201605205	0.24618156526029988	0.24119655288334496	0.26246688066797225	0.2164038613864741	0.2029096714854734
KEGG_GLYCOSAMINOGLYCAN_BIOSYNTHESIS_HEPARAN_SULFATE	0.08964048842972948	0.08272754277968644	0.15796119687414398	0.17069696126412967	0.15798226302526056	0.10713815804269174	0.16849972571936328	0.1334386408903327	0.11777028679673922	0.12295809431277292	0.1347922934765349	0.1144526384222452	0.0822825180815635	0.09790047906293034	0.11029452366305362	0.13438761602746924	0.1276338008126749	0.17640488937933324	0.15476516353224348	0.10389291716917291
KEGG_GLYCOSAMINOGLYCAN_BIOSYNTHESIS_KERATAN_SULFATE	0.17837302002910557	0.2059624563522915	0.2754201112262666	0.22365373787901327	0.2545687964247007	0.22555753381191251	0.236727140065931	0.2258524067928244	0.18167346096307324	0.25557976179701025	0.22608199757802117	0.20677861299067873	0.20718197822306572	0.1719862024566488	0.2293853958559932	0.2512899005855174	0.2339422266608589	0.1995137870311541	0.15926890023526113	0.21071603917309895
KEGG_GLYCOSAMINOGLYCAN_DEGRADATION	0.12995585351565084	0.14373218423564327	0.23336903383681554	0.23507299386766414	0.1344075726893581	0.13344491498021135	0.18641842302336487	0.14214644299925752	0.1222471713024957	0.2042813737511969	0.2100763503087096	0.14334472330886705	0.11844574816057116	0.14524643622110953	0.19196356908786424	0.1812522800084987	0.13136921212152383	0.14757795452911598	0.17942117411113986	0.1480436492052839
KEGG_GLYCOSPHINGOLIPID_BIOSYNTHESIS_GANGLIO_SERIES	0.1729602508196635	0.2079448826814896	0.21936377752777317	0.20500951590976704	0.1804319157528109	0.19052412504347224	0.2321770472402466	0.20978352228628372	0.20928695976372796	0.23078589006984448	0.1825434869858989	0.13501160454095032	0.13072333638382075	0.19505266934079238	0.1766300112869451	0.19055104543781207	0.2009106324453492	0.23955492382897836	0.18448376442985193	0.19362836753137186
KEGG_GLYCOSPHINGOLIPID_BIOSYNTHESIS_GLOBO_SERIES	0.08696580422359247	0.09044720470206864	0.19871182606749055	0.1661259252377572	0.1331159395851769	0.1462517356794958	0.16501877487979233	0.18621770746050773	0.18349642615355094	0.19670821942849126	0.09085778564928117	0.12641013234595744	0.10614314211794995	0.19920080632936185	0.17101850151920822	0.1221769974883603	0.12988237095085928	0.12413032449120331	0.09055973805575215	0.11891828898866912
KEGG_GLYCOSPHINGOLIPID_BIOSYNTHESIS_LACTO_AND_NEOLACTO_SERIES	-0.03194879290098991	-0.009361817544250015	-0.019749781514098758	-0.03331861340037302	-0.008264498407268308	-0.0020205357388333044	-0.020947351965720312	0.00944215196211172	-0.02201844623315634	-0.021669345176295852	-0.01636340669420202	-0.020361063432166635	-0.006520591992175985	-0.023388610628263303	-0.020945360810365417	-0.020292354560322863	0.002331338013343263	-0.017736003988651192	-0.06144560604300468	-0.01843173466205528
KEGG_GLYCOSYLPHOSPHATIDYLINOSITOL_GPI_ANCHOR_BIOSYNTHESIS	0.09653337088392025	0.13370252832665275	0.05525353588463774	0.07766204765236055	0.08720633859398581	0.08356014751035375	0.06400926346020279	0.09935484302749228	0.07645661962286829	0.10049221774474554	0.1110783084856412	0.07923090077886943	0.09023713444531796	0.09164515994049921	0.03385686007048116	0.08643149325165489	0.08575545161222013	0.10022330573539158	0.08764719391800638	0.14205376677365422
KEGG_GLYOXYLATE_AND_DICARBOXYLATE_METABOLISM	0.1529092884794649	0.1793169233298412	0.18144571590695632	0.1991882263470913	0.1684339112780987	0.20491792273181647	0.19220711206781704	0.18595276314907563	0.17567375131820331	0.18219788864446748	0.21755828105746594	0.14638488602287916	0.16059827631520993	0.15244348525056464	0.17146889923306255	0.16178686743965884	0.2232023363072239	0.13361612604380002	0.13261904151138348	0.2122849360888313
KEGG_GNRH_SIGNALING_PATHWAY	0.16822796196758522	0.15842462483425376	0.18663734395784085	0.1751325265269825	0.16734824446979776	0.17521491245443316	0.1845594025900291	0.17184423757087403	0.18154231521674707	0.16679100865298097	0.1669854794398925	0.15977133766137372	0.14855763107621797	0.1723635448744123	0.1835418100097235	0.16908665651531196	0.15571200928403872	0.16469837757666878	0.17227644447713067	0.154712544539221
KEGG_GRAFT_VERSUS_HOST_DISEASE	-0.012370017335572324	0.009697062876021918	0.14811419305146953	0.08316132732539244	-0.018842924911200834	0.05431760976829501	0.16173842423157814	0.12733503379740865	0.08861133806097078	0.12651697605113368	0.006282126117878305	0.09681920984253865	0.03907264707237373	0.11123293199407325	0.13759546335275044	0.08364842776164158	0.023005783390386884	-0.008196626432483931	0.06472362046937621	-0.010284766954219713
KEGG_HEDGEHOG_SIGNALING_PATHWAY	0.07964175911768068	0.04660568292875384	0.07271155155936042	0.11152924721783715	0.11485507305028748	0.0443774811335592	0.06841578930579661	0.0857894714672813	0.08828399850987052	0.05591893220375503	0.05194987448348996	0.05732077220653145	0.09512678984902836	0.046446653558914204	0.008006898999646598	0.07601213447858823	0.0704266815332243	0.09569461255268294	0.08422176179145492	0.029020441269712306
KEGG_HEMATOPOIETIC_CELL_LINEAGE	-0.054881448938929336	-0.014449824954128164	0.08805460027644973	0.04355595592733672	-0.05432223754592894	-0.028776580363566645	0.043834793923517364	0.03456322039842336	-0.009848321983087698	0.04873263033337544	-0.06235945887597491	-0.007141809547385664	-0.03350101471958854	0.016874512643209733	0.06810386157720034	-0.02993229041618046	-0.03877580275646263	-0.10530804590324691	-0.06769953056474583	-0.034843498574845415
KEGG_HISTIDINE_METABOLISM	0.02072165572251784	0.035065974924881435	0.016705158280659053	0.006945198842664629	0.017682637168407372	-0.008189510908222078	0.002325656387544338	-9.805490575404787e-4	0.027691510017085898	0.019369930274383017	0.03843743509837428	0.01730867862284314	0.0152021938288058	0.03136216246315569	-0.008000311498418905	-7.383411267669238e-4	0.0036430423346306947	0.018994681739350247	0.0037251421092687554	0.005083995554861081
KEGG_HOMOLOGOUS_RECOMBINATION	0.03849528125584226	0.013667322552052687	0.022005299660838085	0.0659068893352288	0.014813602488260025	0.031178785876095388	0.018293609835993548	0.011757697999450348	0.02878838960658292	0.039884735834587605	0.05094604731853576	0.016927787917646413	0.023446963649574774	0.025711689145844242	0.008208734529491847	0.019064348970578116	0.03056947667546701	0.03970786939793808	0.03347337386862131	0.07299409503649831
KEGG_HUNTINGTONS_DISEASE	0.26712827222351065	0.2848105471247695	0.24964815186418163	0.24132572889401893	0.23936859277729175	0.25285239736242476	0.23926745742063538	0.23125401259996398	0.232563543754378	0.27020947374542464	0.2628183272637192	0.2482206289857094	0.2723039461507221	0.23929583450108807	0.23875541110588153	0.2513652473475368	0.27570399329293205	0.2396029752386982	0.2358687502688305	0.264341096114466
KEGG_HYPERTROPHIC_CARDIOMYOPATHY_HCM	0.14205782721506915	0.11983051861447629	0.1560993215579216	0.15640471592290248	0.1164522348833252	0.1352733025302241	0.13733082168677854	0.14083684200739405	0.12399251844594007	0.1119998733076529	0.08530341674938101	0.1365876356788014	0.09845963225291605	0.12366726096011915	0.11710835681746999	0.12480682904806935	0.13351558951038198	0.05875552607061434	0.0690485552551092	0.13365542302725994
KEGG_INOSITOL_PHOSPHATE_METABOLISM	0.21690648631477305	0.21185995659266604	0.21860789567880234	0.21579694634517554	0.2094383505286023	0.18624000564659235	0.20817732270770298	0.20515524348982148	0.22324230732301323	0.22514239703489977	0.23665874729356695	0.2056368363872452	0.18727917986818488	0.2143453564552533	0.2143546574383246	0.19923393685250063	0.18461213259289125	0.2502810465958516	0.24693610580506045	0.21885491952943784
KEGG_INSULIN_SIGNALING_PATHWAY	0.25195064770054254	0.24111410317992002	0.24759713199556957	0.24098986402868494	0.24550123903221727	0.2527015989219963	0.26182394557684174	0.2481256410384572	0.25755454986233994	0.23907556528194085	0.2462914351900152	0.24003254056293097	0.24011680984390235	0.2419800354130128	0.2608158682818198	0.24393304802129648	0.25107097803695805	0.23401975819235687	0.24666293580766557	0.2440713978063524
KEGG_INTESTINAL_IMMUNE_NETWORK_FOR_IGA_PRODUCTION	-0.11940562523268697	-0.07300829552517935	0.08752827380448228	0.04630318724912661	-0.10630101147240331	-0.0348596777151734	0.05925106298696878	-0.0018673713897363968	-0.02256783253566267	0.05495369653020007	-0.05945769058867752	0.0012211414383678462	-0.06312112563973174	0.029034239387404594	0.03795307713554927	-0.01719518613448954	-0.08004246086107067	-0.08065716347097412	-0.0245587594525259	-0.08181593115321155
KEGG_JAK_STAT_SIGNALING_PATHWAY	0.011169017884790099	0.036638925031391406	0.07708151919621084	0.051993199756624725	0.005430604101203583	0.025378705470999418	0.07032151293148993	0.05432489663722051	0.03924622296868115	0.05281086970437366	-0.01379970270924214	0.03405445294208419	0.01466030456848167	0.046283864307191176	0.08667211092702694	0.014153918967057411	0.020713353148905208	0.021582475844836874	0.027338804054915383	0.013945952701999473
KEGG_LEISHMANIA_INFECTION	0.1395792360296285	0.17289101860786507	0.31038549290689316	0.26349134879085645	0.15434314076003233	0.20070770749481806	0.3038549594741397	0.25464432132233533	0.2265071375558403	0.2621100707520689	0.16653395468811447	0.19872070621119547	0.16295142928556958	0.26156567087114957	0.3466851049911459	0.20254598944702165	0.17330847128948704	0.14284125119620614	0.1798598269389574	0.16998250862722847
KEGG_LEUKOCYTE_TRANSENDOTHELIAL_MIGRATION	0.16712602156453196	0.16451814820293315	0.24201996535151193	0.244121134726887	0.17409641379457386	0.17362010467161668	0.22200269864416639	0.19373119870266148	0.18271680103974208	0.21056217804375774	0.16032329471415518	0.18832060893381228	0.16522781870714234	0.22127841638003987	0.25255054861863163	0.17828177998280545	0.16434900245299272	0.1515789649608663	0.16899343182271592	0.20764020398582037
KEGG_LIMONENE_AND_PINENE_DEGRADATION	0.32267952430292274	0.29857130947945937	0.28753800761186743	0.2761525330439149	0.32582073947779017	0.3029120903050284	0.28221076914583076	0.3152866580102463	0.3097237605640305	0.2756604597482985	0.3093474513347774	0.3392290377378947	0.3291175922827206	0.31328602354590496	0.28647384887190125	0.2970529267664956	0.3237316748463463	0.28985551851929203	0.24723923946032111	0.3009486960368452
KEGG_LINOLEIC_ACID_METABOLISM	-0.3077118821468393	-0.258803897743119	-0.320017941682626	-0.3456201662339658	-0.29640542289824046	-0.2706746978625814	-0.30083432855599324	-0.3111965100456885	-0.28998184714221437	-0.30551344570299177	-0.2911807185578705	-0.2916158914451685	-0.2726412275091316	-0.2664548401271058	-0.27707591124625375	-0.314651956778898	-0.30983183751532073	-0.30094199057706134	-0.28980526219780806	-0.3373867012497963
KEGG_LONG_TERM_DEPRESSION	0.16404949906754823	0.12647449717316814	0.13770092786575827	0.12031769986092276	0.16315430950658086	0.17317430923364627	0.17476145271316246	0.17664160114336286	0.1769332187712576	0.13501376175055835	0.14267163757941173	0.15499105721398554	0.153544711362203	0.1784342068443697	0.16624322523446786	0.149078857927104	0.15203745682676625	0.13068450684600882	0.17484332690889134	0.13540660058475668
KEGG_LONG_TERM_POTENTIATION	0.23170981802075852	0.19612044093292963	0.20007688514403085	0.2090207287648484	0.23393041507167683	0.223851553945561	0.2299076037423634	0.23303078390115495	0.24254548008319124	0.18922522039431097	0.2123863568321353	0.2110336424287903	0.19346554832142884	0.212415813814831	0.21005189157856968	0.22613970555574286	0.2268241740601082	0.1621613548660488	0.2262348274116621	0.19227219821983124
KEGG_LYSINE_DEGRADATION	0.29234764287467563	0.28328314868662247	0.24165269784831198	0.2607852559654457	0.2784878625541626	0.2674932000782711	0.2410075874025166	0.258725355900119	0.2679260126426758	0.2509268185838834	0.2771394441462497	0.2777333876505713	0.28690523960962544	0.26311101842929174	0.23315257232765896	0.26239267513096015	0.2738468794771859	0.25910611860950095	0.25258260198039983	0.2741867358559799
KEGG_LYSOSOME	0.2362372422910823	0.2501913235333003	0.30099710855745987	0.31374696564883386	0.23553955554165645	0.23934983764247983	0.2641719614772473	0.2511637229303499	0.24387419842454522	0.28826089144540556	0.2548053728620779	0.2515893499547894	0.22141519367814927	0.28160250109438256	0.25877107173669667	0.24853407567968536	0.2449308250489781	0.23703530555368107	0.23194637490224496	0.2602709973320944
KEGG_MAPK_SIGNALING_PATHWAY	0.1523129917075358	0.15605553547904055	0.18997071558153716	0.15892551589047976	0.17260626525381265	0.17075801770510932	0.19199641552912775	0.17767140694432898	0.1809724856350682	0.16273453667802948	0.15586146703893378	0.16320846442972944	0.1533056676956031	0.17265216138432177	0.19949147533549239	0.17496285708802675	0.16589874237414562	0.17425565405977914	0.1803841654761646	0.15103502284221604
KEGG_MATURITY_ONSET_DIABETES_OF_THE_YOUNG	-0.28105644324222345	-0.18256921857985056	-0.2709711359562421	-0.2671701450078469	-0.22806405343636196	-0.2923655505325821	-0.2336404542989573	-0.26754083266196665	-0.2548185151894242	-0.19983690669686652	-0.2059593963823239	-0.2735910653176975	-0.2690110564622279	-0.2492058024892417	-0.2730562376853009	-0.20908355656897087	-0.25210686441664204	-0.26311833035763194	-0.22034636837695723	-0.2508462147582266
KEGG_MELANOGENESIS	0.16464356037325842	0.13599234409867436	0.16206226429565662	0.16989355501935652	0.18213552657676751	0.14813105544173905	0.15814260711093836	0.1608187212730984	0.15833780080226936	0.14203231632564003	0.15542195208309606	0.14335229184198975	0.14837461931394474	0.15002449511190843	0.12006857983156621	0.15946844706272748	0.15977418483441433	0.15164921383321958	0.16951470438450852	0.14867139569391682
KEGG_MELANOMA	0.11752463296744374	0.14024328030694214	0.14946295934395037	0.16874941581339842	0.12810334676628826	0.1294647611028901	0.1555720804149472	0.13750955157355182	0.14361079877642038	0.16273802217304784	0.1677286670615934	0.11336314332167667	0.10871687430572115	0.13602661627042834	0.1447707217702253	0.11887693033731854	0.1230905905920056	0.15692798265605898	0.16003901097668968	0.15864027300076958
KEGG_METABOLISM_OF_XENOBIOTICS_BY_CYTOCHROME_P450	-0.15868094885527034	-0.1486776052184942	-0.17079423805722566	-0.19902187740668328	-0.1753353435290111	-0.21809201780608803	-0.17561864901854587	-0.2008447013073027	-0.18297271159654213	-0.17856833121209253	-0.1671624545628789	-0.17253601315770897	-0.168746589878168	-0.15798749875596363	-0.19200243983331564	-0.20164083030237626	-0.19233245737316773	-0.18287111341860654	-0.24031171714551625	-0.22902002441746022
KEGG_MISMATCH_REPAIR	0.11103918052061704	0.09724220693367851	0.07692229160430775	0.12531509950310102	0.08623038940774641	0.08518415172870113	0.07110036355500061	0.08127786646233202	0.09086630144790502	0.10415029562947187	0.12007097987361953	0.07031631460936547	0.09239876069936485	0.0846962452422077	0.03853114315368174	0.07877342993064534	0.10127022714659897	0.10701724584539317	0.09657001685063778	0.1463152783362658
KEGG_MTOR_SIGNALING_PATHWAY	0.2841166972647087	0.2627327491573131	0.2818134197730754	0.2834111613463628	0.27360536435604965	0.2742750159568733	0.28247376030343146	0.28169895901469144	0.29020409855349627	0.26909248063120295	0.25819921071065993	0.2606999407804736	0.25532848135921354	0.27812124184609394	0.2921576552071826	0.2710701241830919	0.26078663548416614	0.29209716678806286	0.28096785982025274	0.27250427954495976
KEGG_N_GLYCAN_BIOSYNTHESIS	0.21905495852061277	0.22650954109397461	0.24220411161870806	0.2518628148855366	0.23305515551143774	0.24696443371426055	0.23864061286782956	0.24206477472199842	0.22492779154900944	0.25014461675844657	0.2273403803340032	0.216863243967682	0.2229741476494832	0.239200844787044	0.1940915087373109	0.23029318388170505	0.2445417776409741	0.2157679142811714	0.20658112611110632	0.24596703037106574
KEGG_NATURAL_KILLER_CELL_MEDIATED_CYTOTOXICITY	0.03555999200044645	0.03426015924674863	0.09836681114658961	0.08558126441873759	0.03977244500854992	0.05295335254603208	0.09424551578577556	0.06849995762832255	0.0593819711748506	0.0690870022264943	0.029886837916890136	0.0445393169592558	0.027682016963892376	0.08860653684928267	0.1301819229483124	0.03934507999904761	0.039502803368449184	0.03724617648853538	0.05751277446076701	0.058142929557199415
KEGG_NEUROACTIVE_LIGAND_RECEPTOR_INTERACTION	-0.19995273271753822	-0.22955850602784622	-0.18300683937448728	-0.2078363241496969	-0.16447844933119296	-0.19453359540356815	-0.16185375177137928	-0.16711023486145887	-0.1822520873623199	-0.19438040210862484	-0.20496068144278845	-0.17903648192058239	-0.1860717898229732	-0.18330327584990438	-0.17847737528122512	-0.19164542099710152	-0.18778954844410325	-0.20022241641549032	-0.16318943364651556	-0.21030654645208474
KEGG_NEUROTROPHIN_SIGNALING_PATHWAY	0.28083907823834026	0.2625064298346847	0.30222181748422944	0.2928998622066477	0.284145159016987	0.28630926150341857	0.3058783472502356	0.29865023614282077	0.2949478499733291	0.2716484136660637	0.26498164534299234	0.27105483151717846	0.2633757366711482	0.2948297071491258	0.31774683521548946	0.2847294603709047	0.2730376811143348	0.28087777020340976	0.2846130171373616	0.28398558279251795
KEGG_NICOTINATE_AND_NICOTINAMIDE_METABOLISM	0.076636420174917	0.0848627318824221	0.10811021429470723	0.09193308769649289	0.04111552365350688	0.06265110971493447	0.10524523116390351	0.10429151876244354	0.09797095637562724	0.06692334925750056	0.08914817743626914	0.054595420461168165	0.060092101180985444	0.07446757497303211	0.09051069219770332	0.06848643836617792	0.058709004807609835	0.034711920416265876	0.07746984138678938	0.04616562537525033
KEGG_NITROGEN_METABOLISM	0.002074062867511653	-0.030388085276903568	-0.017695615875110447	-0.05663813224488319	-0.01006879335438125	0.03744915235596864	-0.002863179457980877	-0.0013675394958764296	0.025259706648609402	0.011970625081110912	0.07516254579370014	0.010365109589132341	0.005684209113147451	-0.07155209447496819	0.029435840616708526	-0.013814037257131652	0.06653762523064906	-0.028965082192603964	-0.01623112674996316	-0.04979701678657083
KEGG_NOD_LIKE_RECEPTOR_SIGNALING_PATHWAY	0.09036345843443137	0.14836063051847975	0.2000182636615691	0.13951742753537608	0.1117983679597805	0.15358717090357385	0.21212381634940644	0.21031128830083223	0.16735151658951508	0.15093023105837047	0.08180656202745086	0.10481765073103813	0.10462261256463892	0.15283447271918152	0.25320463146485767	0.12121661663974995	0.1337247386882824	0.10669472250744395	0.15568956585872423	0.12212157860015588
KEGG_NON_HOMOLOGOUS_END_JOINING	0.14427556607733077	0.13324827156122804	0.11612352678005773	0.15259651156508383	0.11859138595129094	0.14369373077890574	0.1490217733783693	0.14113291914465906	0.14030199434219626	0.15428220652443134	0.14744644075846067	0.1311125342060176	0.12729414131829608	0.1557969415048492	0.12391959013906176	0.1210413176653337	0.15205104220290516	0.13659725887699725	0.16398104424357454	0.16095068628129233
KEGG_NON_SMALL_CELL_LUNG_CANCER	0.24760849429875478	0.24549761535299566	0.2704196276112419	0.27225822576642283	0.25304202607761384	0.26981311609133185	0.27445423341526576	0.2556842947275022	0.25366309159837214	0.2626015892944891	0.26304107125726855	0.25392856673911074	0.2435110478058239	0.26827297342818773	0.29638455767650496	0.24685294060032026	0.25075975425006714	0.27073103510908053	0.28581916604704816	0.2661348943418341
KEGG_NOTCH_SIGNALING_PATHWAY	0.27924941015619986	0.2969069475273511	0.3103780001955318	0.31703475776929424	0.31015656159919475	0.2667514162915499	0.293852240224057	0.29123380269470617	0.3002874859180906	0.3009307403955294	0.30746267166780133	0.28408105454839855	0.2868290469653912	0.27229231700312584	0.2910157353536142	0.3015919942492962	0.28019572667788173	0.31559114614796585	0.3285314354716612	0.2934458650158554
KEGG_NUCLEOTIDE_EXCISION_REPAIR	0.14725306511537098	0.16428500826905892	0.12218362930954696	0.1530054011789723	0.1306497797789931	0.13972642718465436	0.12646015903510968	0.12942507531515404	0.13738114182357922	0.1512883016172038	0.15156845592845436	0.12302581894803254	0.1297359243786948	0.14289484782293047	0.10945017492415046	0.13466552755687447	0.1569025725847498	0.14520886394282345	0.1478077195518023	0.16690475914807365
KEGG_O_GLYCAN_BIOSYNTHESIS	0.0711562736771353	0.04958589329621922	0.09148962773141794	0.04919950082553025	0.059103847107761065	0.1044996338645775	0.10313601552527475	0.10503398562869842	0.08160273231149748	0.0678086633242702	0.07477527657153468	0.08653659117038356	0.07088270733003912	0.08974200772304193	0.07058751126439466	0.06364607624582551	0.08857047082534858	0.05442318791233516	0.057518676433388635	0.1006058643831407
KEGG_OLFACTORY_TRANSDUCTION	-0.4567951794783642	-0.4688640951738902	-0.4699193748585173	-0.46553313421399634	-0.4648781035778406	-0.456149973661587	-0.4661438826198833	-0.45682087442676966	-0.45576462657820555	-0.4765931691056236	-0.4725865233158223	-0.454627818772827	-0.4539318554422726	-0.4573428157805636	-0.46663550521759234	-0.46375797600440494	-0.4690176657403898	-0.460652278878059	-0.4633453939708366	-0.47319210301425413
KEGG_ONE_CARBON_POOL_BY_FOLATE	0.14046669919351493	0.09464630719779142	0.188240363925112	0.18162092746655176	0.16487430117981627	0.19976575226444324	0.1893239645644593	0.1808478040250763	0.18983620630220754	0.1284735764559952	0.1871734580103704	0.1313773512296316	0.16084823711285517	0.13880861467035968	0.16284249812661103	0.17089612587877148	0.20461580724857217	0.137368798991443	0.15813871669690716	0.19599815768716614
KEGG_OOCYTE_MEIOSIS	0.17570780709893938	0.15815932715087078	0.1629334469380299	0.173074510444114	0.1691637046802844	0.16749686321541782	0.16898540956117378	0.1715483261467226	0.17155439465177205	0.1576267666553529	0.15404105776643018	0.15328511766230635	0.15253227677467146	0.16910069543334577	0.1452670564659714	0.1633315493113583	0.16606308195258795	0.13875974160558244	0.16704388771467304	0.190121554454493
KEGG_OTHER_GLYCAN_DEGRADATION	0.17790747777222282	0.16297677405616656	0.2671225151072673	0.2798492633032324	0.16099806556502277	0.17376715380807942	0.19390254569962673	0.15130403160549405	0.18262353723903996	0.231387402879948	0.19740701740078168	0.19319421966395153	0.138484931060065	0.22248508768339342	0.2054702196482882	0.19644751347612865	0.1727029652193668	0.17892667231921228	0.2149627633648228	0.1843095649242434
KEGG_OXIDATIVE_PHOSPHORYLATION	0.2612370689743395	0.2804330435395369	0.249482313150613	0.23917944330725033	0.2316336353951878	0.25168365489424177	0.23831867765149836	0.22964266663572475	0.22484543880814933	0.2676824059390319	0.26024883200945853	0.248378491341359	0.2656165964220407	0.23435510604460383	0.2482657418333383	0.2450330549309801	0.2840598893421477	0.23737388141245136	0.24797569433518285	0.27764849575006884
KEGG_P53_SIGNALING_PATHWAY	0.15275793798367637	0.18161211289208026	0.18383546233590684	0.18646562499012093	0.1492842173758104	0.1784121700940738	0.17206278617619514	0.1496311307798775	0.16459669471451183	0.18170404439126348	0.17048475117554004	0.16745726406779962	0.1617326818230388	0.17673428925192733	0.1797345051013874	0.15648693699530883	0.19861685283559583	0.1734541721929335	0.19876676791745804	0.17968052278054583
KEGG_PANCREATIC_CANCER	0.27239207393542686	0.26585461686481376	0.29062011115804337	0.2990507884688613	0.26416508284797796	0.2753694825009982	0.29413653651327104	0.2901692108051755	0.2802486842233858	0.2826861605184571	0.2591808257286302	0.26438236420037736	0.25342077862465684	0.28753616209393973	0.3111491195494911	0.27088635926176957	0.2725048136021252	0.27257769160994766	0.2640115977130516	0.30265156472627475
KEGG_PANTOTHENATE_AND_COA_BIOSYNTHESIS	0.0036493812301925306	0.006693874498701625	0.06385991879078769	0.05766993026618492	-0.015127760894164056	0.011781873710139737	0.018456659711338235	0.004360870026981757	0.029733455575166295	0.02071499872782912	0.03285786409248843	-0.024840444447869807	-0.036268979001176455	0.009304344366707512	0.08315111806006738	-0.024023864333748313	-0.009537597677306959	0.060481431489782106	0.005243607930718748	-0.00909845920938898
KEGG_PARKINSONS_DISEASE	0.2871338850762104	0.306769479376574	0.2678819273992271	0.25425672505764485	0.25310382091724204	0.2704979328001684	0.25481080874800216	0.253636949442315	0.2434972196291984	0.29466221792075986	0.28680517657559457	0.27002127495780703	0.28700858650274674	0.25715357047003495	0.25941846300985194	0.2675446130675441	0.2967087153739464	0.2519049058745042	0.26117824297914294	0.2935344718537484
KEGG_PATHOGENIC_ESCHERICHIA_COLI_INFECTION	0.29022804939494584	0.28493207583735325	0.33339462671589803	0.33967697595441365	0.2868062636579494	0.30658553122026516	0.3178923470980114	0.3042946694944833	0.29654219185990544	0.3199957107834692	0.28637716252618234	0.2985567300468224	0.2789860309254934	0.3141948790039587	0.3393955324958121	0.29996618843218587	0.2944971479368152	0.2537366161217358	0.25596312456663356	0.3260684709522634
KEGG_PATHWAYS_IN_CANCER	0.20525198889719082	0.20974729687160218	0.2362331437196674	0.23320586770069623	0.22074279491150398	0.20860247184043182	0.2351790745277835	0.2337385445937589	0.22360527791322118	0.2254192196495838	0.20830295687883987	0.20704134569034072	0.20495248306291097	0.2116765416107642	0.22475904774315916	0.21626826861139428	0.22011835208452582	0.21379843821395794	0.21049344048602908	0.21562396762477373
KEGG_PENTOSE_AND_GLUCURONATE_INTERCONVERSIONS	-0.19573814650096855	-0.21678457384884842	-0.19057107021083997	-0.19902498245602784	-0.20611970947039596	-0.20622782589280733	-0.20368775154397686	-0.21074997979915105	-0.1997300647460409	-0.1985744237327724	-0.2147799549736718	-0.21637069135175954	-0.2208020836565323	-0.21437424566336055	-0.1985479978691212	-0.20411475964212283	-0.19611112017680324	-0.2223476928654124	-0.1970584937453026	-0.18478659333039082
KEGG_PENTOSE_PHOSPHATE_PATHWAY	0.20912525835591123	0.1621583482711246	0.2210933361848586	0.18162932392170275	0.20351584501387893	0.21815862765399777	0.2057317607616934	0.19210475662754098	0.19541034003819496	0.18482723211188176	0.20219961116306606	0.20434989561561603	0.21208758076178075	0.16510477165703136	0.23570168387661905	0.193988043867859	0.22883119722581188	0.18051857319639847	0.1905014327849606	0.195279223136988
KEGG_PEROXISOME	0.13623546051187344	0.12726862277849005	0.0982117030691187	0.09273389128211001	0.1361871747156746	0.10749715463662964	0.10568501816305104	0.12207303868122096	0.10722993410322133	0.109354594563493	0.14541305565877957	0.1346005424281223	0.14056772464770456	0.13053702822076507	0.10321238861107856	0.11647209789362438	0.11987240285717095	0.1134887451237752	0.1327163883790543	0.13993815790960015
KEGG_PHENYLALANINE_METABOLISM	0.03626422719993298	0.0331444482878615	0.06921137624515916	0.053236958555261824	0.02361926752043205	0.044530191925172095	0.087859504287523	0.02232864262978942	0.027428125290420734	0.050122210785140835	0.06420750540233597	0.040230998811200284	0.04006384793764604	0.022339904878207972	0.09648657297555366	0.025825208778920798	0.06302660533746517	0.006589998101685122	-0.0034015986601995556	0.02022056952603438
KEGG_PHOSPHATIDYLINOSITOL_SIGNALING_SYSTEM	0.22139729615624576	0.19837740784530736	0.2314730021665085	0.20913016459033154	0.21308085976456223	0.2106817225716324	0.2284582939717054	0.2071278028406044	0.21802418038046956	0.2154904279942457	0.22103137945938614	0.22637873383485674	0.19916971337616862	0.2273916183409287	0.2295151940685787	0.20838822174709434	0.19289857528948764	0.20765695580775143	0.2256637179601572	0.20007349273572944
KEGG_PORPHYRIN_AND_CHLOROPHYLL_METABOLISM	-0.047807613146866254	-0.06358194896553625	-0.023672101722287918	-0.03780376384586363	-0.05498738771156917	-0.06341732895575326	-0.04794346505759785	-0.06180980226903716	-0.08322512718524967	-0.01047711321327695	-0.030343270247697774	-0.05389620974956877	-0.056319833414279284	-0.07572082099778957	-0.030419708670270645	-0.040335718200152734	-0.04350997113948556	-0.06659191242384056	-0.08072708241782436	-0.05140183641767463
KEGG_PPAR_SIGNALING_PATHWAY	0.0911108093526182	0.1050903273428517	0.10804588537033023	0.11250434562160488	0.11428803871661204	0.08801651217405829	0.1027520751209705	0.10152399214891351	0.09258631703080218	0.08410893699200318	0.07703399368675946	0.09984805930283772	0.10233721429123153	0.10995570108594653	0.09082756290939871	0.09156594285864098	0.09039476011049802	0.054810009841302826	0.09806339234224178	0.0810757636733422
KEGG_PRIMARY_BILE_ACID_BIOSYNTHESIS	-0.033581135700341665	-0.07597608745560692	-0.022442211262062816	-0.06549713435821555	-0.031377750436780455	-0.058698032063293604	-0.03761540970318642	-0.02497349521526445	-0.03486273018814426	-0.06501163801547752	-0.016861575028790116	-0.05240821088998665	-0.029016996608237495	0.018721338641834135	-0.0548985035246124	-0.022385305764593796	-0.044125271035387416	-0.06870110571193634	-0.06439875558040009	-0.0767061541627727
KEGG_PRIMARY_IMMUNODEFICIENCY	-0.1387862281657575	-0.14384402753084397	-0.03133053737033146	-0.06655338855703395	-0.11803648001024299	-0.1321201771972951	-0.0575244856321407	-0.0880464438913397	-0.13140494108268366	-0.026593988216504078	-0.13818260177522138	-0.05407875390883752	-0.11722694328752623	-0.038829564100112395	-0.023956535959965424	-0.10020312080312986	-0.14665127724494498	-0.14375780444749298	-0.10505666272485356	-0.10311716254700258
KEGG_PRION_DISEASES	0.24771399489786528	0.2521091024425143	0.30288542223847653	0.26111735981233475	0.25039468903709877	0.22458625518081435	0.2989619380548631	0.28872850419515705	0.24795350805118607	0.27795181711213074	0.2312690964826736	0.25111104707570325	0.23825436836788622	0.2842716584413564	0.2806006530698171	0.2432443033680175	0.2429767815906783	0.21939492805562386	0.24636213295291015	0.2577927920773179
KEGG_PROGESTERONE_MEDIATED_OOCYTE_MATURATION	0.17258035585149642	0.16860690586222513	0.1785920107396914	0.18460864706131414	0.17210231816835755	0.16976745153261244	0.17778587910111607	0.1773559816893731	0.17678198871075432	0.16597073663399933	0.15298790237863308	0.15074970820209266	0.15067584195358238	0.17762272909670032	0.17395661138214605	0.15790583687911997	0.14597324618747762	0.15495547781928623	0.17084017753837397	0.17774007953013082
KEGG_PROPANOATE_METABOLISM	0.25009204278016667	0.23438463872283788	0.19607633049684214	0.18650130729791511	0.2459285385181255	0.20404564133431302	0.1916360538114539	0.23656953698919023	0.2450216318747938	0.20037681354929468	0.23211232716944968	0.21329143976478085	0.23356267004684622	0.23667901767410804	0.1804269328612134	0.20802293124847837	0.22561322133303002	0.20430474407442623	0.21196970010345376	0.21846705067970085
KEGG_PROSTATE_CANCER	0.26671346135374635	0.2834898458778478	0.29148603989104555	0.29154054871315366	0.2786903183381736	0.26037750039664487	0.2818226465417646	0.27917142948879897	0.27702106190709186	0.2961551973296464	0.2815120353197636	0.2627520104718843	0.2566702893317487	0.27393658071533916	0.2803070199531927	0.27221279294046996	0.26041228060007005	0.28966855211640713	0.27806193061633394	0.28547519966600376
KEGG_PROTEASOME	0.2630580207425964	0.24638733638027902	0.26855823840292964	0.2721212607243106	0.22905527835589032	0.28285212030811996	0.2659318482381865	0.27509625894707085	0.21719280211946396	0.2714084146188579	0.2416610832329987	0.25449824509600216	0.2403387098790339	0.246750211956499	0.24285632699042922	0.2470722045464209	0.2738392715540624	0.21610549129671072	0.24757809890258486	0.30324811349111763
KEGG_PROTEIN_EXPORT	0.2548657251931385	0.28392864706641946	0.22732520793861644	0.24837224788921336	0.21759105422572922	0.3078478936338208	0.26088127850947695	0.2918560441054903	0.2770446103487016	0.23759077490329578	0.23214176321122057	0.2428063762471123	0.22809445355762248	0.26672226354979134	0.2104855471472879	0.22555118897221524	0.2937519135068905	0.24289279686624	0.2321551805426909	0.2983916792372657
KEGG_PROXIMAL_TUBULE_BICARBONATE_RECLAMATION	0.17740284714854482	0.13886431464486165	0.16460848071019826	0.11731595214159436	0.19203881759808264	0.16244902926608615	0.14602171810255238	0.16661837183083542	0.15900370815559983	0.1525531832945929	0.1725643654943691	0.18498359673975237	0.1965556071576703	0.14741577890875712	0.16676601224407614	0.16822921575364902	0.1776236243794601	0.15181899925908793	0.10506242639430956	0.135906273003385
KEGG_PURINE_METABOLISM	0.0967054848265885	0.10695099506931587	0.11330845285521281	0.11515440374207593	0.10237281022651919	0.09758266725094597	0.10531022116978977	0.09648117524179219	0.09148371340848407	0.11507864588231737	0.1158809877860775	0.08776161455635274	0.09462977580731416	0.08818553238944093	0.08767659073157963	0.09774718389183144	0.11503832407938677	0.07699717445991038	0.09285589764511235	0.10363671767815218
KEGG_PYRIMIDINE_METABOLISM	0.11618053802262057	0.11760869589351117	0.1411163217652879	0.1511132938078778	0.11117779447252862	0.11413872605393116	0.12718324887857652	0.10462728626519496	0.10193484434920069	0.14700582850767924	0.12169262400251946	0.10076535037621452	0.10223654998743872	0.10483770659648774	0.10752241872779274	0.11433321345242935	0.138226482317132	0.11162015319494159	0.11328120371377501	0.1572386104744938
KEGG_PYRUVATE_METABOLISM	0.1884969215584909	0.21167380653545584	0.1701084717047128	0.16497419969960936	0.19709513555808392	0.1656673731339325	0.1541041022215931	0.18325534354683848	0.16195342976608657	0.1860738706302129	0.21074862389750512	0.17324331912756524	0.19390532426626744	0.16557268382841459	0.14609652109048196	0.16391928550838894	0.183061862755074	0.12487399933118949	0.15209391141145445	0.18631143355770105
KEGG_REGULATION_OF_ACTIN_CYTOSKELETON	0.22477794134674345	0.21457475339478052	0.25478926678777253	0.25947208014923284	0.22009774581663638	0.2240381129515658	0.2469086368139008	0.23647974438679434	0.22814453479532606	0.239732534242115	0.22305455787844977	0.2222121056432237	0.20628362191958807	0.24253717790766965	0.24631917890328497	0.22295067414797617	0.21623298689813417	0.20081566976787046	0.2094491885106604	0.24498802499788122
KEGG_REGULATION_OF_AUTOPHAGY	-0.021475807742034073	0.010089581688667996	-0.0362759172365289	-0.03411294172035755	-0.03360867901726326	-0.015758453604506943	-0.04354835975873088	-0.014430637134403313	-0.01087372915888339	-0.01614420798399853	-0.017557363159397908	-0.02863167816006095	-0.051799147823985654	-0.025730589119236605	-0.02955392501978978	-0.02115876458437113	-0.04649076119292081	-0.020778427734430754	0.004128006880533708	-0.016283318639095233
KEGG_RENAL_CELL_CARCINOMA	0.3138031030332412	0.2819863003286293	0.31882762014454785	0.31889895846973937	0.3184838709871285	0.324094834167325	0.33259132365109834	0.33623903413409956	0.32898886665531457	0.297541898206781	0.2897766275239567	0.3142674666221815	0.2997625700499975	0.31488407319527884	0.3384802342676963	0.3105919222765469	0.3172635387014786	0.3070516983251561	0.3168154730096689	0.3318495501985372
KEGG_RENIN_ANGIOTENSIN_SYSTEM	-0.006621907350824203	-0.026373413297269815	0.07147848491136755	0.04911971856184754	-0.020807114220428878	0.01596334108618083	0.0360588564821587	0.023952061487649258	0.0016982460792163033	0.045039474507220206	0.027293056158391085	-0.006416502397255045	-0.010256016581492246	0.01429250471296311	0.017377241932532823	0.00476602519770437	5.990941642663258e-4	-0.0945643033364897	-0.06044659888580794	-0.005620633877700683
KEGG_RETINOL_METABOLISM	-0.2692916642106736	-0.24632236111900474	-0.24212548482853793	-0.27925522920023765	-0.28366934734479904	-0.2576198133999264	-0.2626136191149567	-0.2789672253697603	-0.2968941278697824	-0.25890558489096066	-0.23502867419145015	-0.2786386889157987	-0.28128019690428285	-0.2762899466132089	-0.24825949913292883	-0.2750277197253639	-0.25437031273803207	-0.2583262950751879	-0.24800800722742075	-0.28272653626247907
KEGG_RIBOFLAVIN_METABOLISM	0.04563118938337202	0.07020031634714997	0.09817956036608724	0.13440681548925223	0.03213556492488922	0.07195755175108597	0.01932014862369438	0.03372877571245059	0.04489044536912875	0.08060749625699103	0.05981225307811854	0.08028863913143025	0.04015266661868904	0.027559225084674253	0.0302675109412818	0.038367567281278415	0.06663984462244557	0.05950997687141372	0.04082026637117584	0.05484189760734897
KEGG_RIBOSOME	0.5099882938387571	0.48041838919567065	0.5077764466277868	0.5132349505568691	0.47910907066314073	0.5076873578670431	0.49875905269808624	0.49233339749432403	0.5234068308943763	0.5142575839869407	0.445925846147134	0.4773536959908061	0.485602035997539	0.48775677278275453	0.46943658841005964	0.5004060448749116	0.5164971230823727	0.49414106036482547	0.46512384104984783	0.5125717162229483
KEGG_RIG_I_LIKE_RECEPTOR_SIGNALING_PATHWAY	0.017474912528392627	0.029576565879224564	0.0641563207070057	0.03729810752143839	0.02409763992819153	0.058650490047808965	0.0647256729599364	0.06708740932125755	0.04831154028077336	0.06281658991181034	0.03853071709734669	0.04435676129586911	0.019929009495737213	0.05614441157798853	0.08949094575777403	0.03187591090867704	0.028965024396264433	0.02422352555130635	0.06168148344288265	0.026781342515524532
KEGG_RNA_DEGRADATION	0.18820834448086943	0.18753054806022784	0.14616496027688752	0.17294362141059166	0.16683423275878304	0.19278958961630613	0.16440986275994954	0.18713442309888745	0.20533356238123857	0.1711093246189923	0.17501399596195139	0.15779664656678605	0.16468115073713643	0.16720302298070144	0.14881104208805299	0.16484405267759375	0.19895514409165238	0.21993641197711356	0.1875069348738425	0.20904979747824448
KEGG_RNA_POLYMERASE	0.2093164500046945	0.20286128728517444	0.19300084710216017	0.19568220289702512	0.21420142573691212	0.19650905784631875	0.19386399299813703	0.17293995463406064	0.17805981321708136	0.20432107506653097	0.20240406602272348	0.18683959444709033	0.2010481465197378	0.1589513023457217	0.15898165664721586	0.2080028995826214	0.23136469962867573	0.2246987263128051	0.18298165234157135	0.23349865123252234
KEGG_SELENOAMINO_ACID_METABOLISM	0.15779775971485058	0.12946537831638838	0.15192836783994673	0.15900888952258332	0.13688733427554317	0.1320795641192242	0.15341978949183296	0.11639500958518778	0.15338634965158274	0.11147011461829504	0.17633567479076773	0.10487272305614541	0.13661089695131867	0.1282009595736107	0.11732456446461323	0.13622249698381894	0.14993152611742916	0.15859675134828746	0.13710691866823305	0.16089833040801532
KEGG_SMALL_CELL_LUNG_CANCER	0.22102740228454723	0.2458750962320805	0.26362302976392255	0.25447508258038654	0.23305623471979467	0.2414626412206166	0.25167698181090836	0.2603498498470462	0.2468482182519296	0.2696216159207199	0.2286495045526579	0.23234904920970775	0.22820152319567713	0.23421445893268303	0.2751887845241827	0.234715756263093	0.24903369629090383	0.24341182494994718	0.2343424335849567	0.24941709958273614
KEGG_SNARE_INTERACTIONS_IN_VESICULAR_TRANSPORT	0.15404278150023001	0.1624716524474246	0.16117865933761943	0.152389749486057	0.1426030354527085	0.17007155543058622	0.1702309538598386	0.1529840052630616	0.1498620141945795	0.15088112558552663	0.16677052802817213	0.12771907848174494	0.1124521282298557	0.15030251656072652	0.19695867862215222	0.15491178568651345	0.15812798303139156	0.17202645934542846	0.15262270292043634	0.15232657479759404
KEGG_SPHINGOLIPID_METABOLISM	0.11392655075639219	0.12330474408382282	0.13590154339298965	0.13654784546755575	0.11751911651912443	0.1363173908983021	0.14165973442618918	0.14019775529122672	0.11677848746586234	0.1359906068515112	0.14672606035342423	0.11542036704999026	0.10561220971693788	0.15108056864927175	0.10795685983345837	0.12077621192070448	0.1352008396034234	0.09666250499703391	0.1014331838497364	0.14435157540282353
KEGG_SPLICEOSOME	0.30065154949233414	0.29123595023340204	0.2747822320766375	0.2869228813129684	0.27422051166144473	0.3161538752092308	0.2813400028488684	0.28668062374403636	0.2985156808067645	0.28555380562608146	0.2788828553557561	0.28517905782932546	0.2840702673029336	0.27032770297645126	0.2846630582678968	0.2897186406241577	0.30925112109609154	0.3018278167534778	0.2971623691700615	0.2937684971552887
KEGG_STARCH_AND_SUCROSE_METABOLISM	-0.043736654079124096	-0.05736028710037216	-0.03529237969595161	-0.04379222911426987	-0.07583203315213195	-0.03398228184561292	-0.03714891785510145	-0.050668151438132004	-0.04133783735579409	-0.060328433430443126	-0.07384161107336372	-0.06502676915391256	-0.06774633608003176	-0.0702260523858999	-0.01493763699585352	-0.058872195079107036	-0.020710867636405266	-0.0862221793683151	-0.08184626900808423	-0.0752198148153428
KEGG_STEROID_BIOSYNTHESIS	0.08227471959953392	0.1645278963722113	0.10336751321424402	0.1029802431692704	0.2532287292492937	0.11583736476940414	0.11151136398212784	0.24106264925893786	0.1388238186035229	0.1339812827814623	0.12290566644584122	0.0881863674505304	0.14753912660611748	0.08528809061378156	0.11959345359567244	0.10139454153951895	0.16881354754000366	0.12686069475770567	0.13081252098788246	0.21919752084584637
KEGG_STEROID_HORMONE_BIOSYNTHESIS	-0.2716012424737353	-0.23032902532112287	-0.2611434523010656	-0.27072930524247096	-0.2752429270746423	-0.2513875175674842	-0.23737673955459043	-0.2421230715720648	-0.25920820110880555	-0.2526727546822128	-0.22092652848462635	-0.27547748458379817	-0.27253310822101756	-0.2282593870019049	-0.26760520407893235	-0.2649724758375878	-0.2659213565290023	-0.26412331197632477	-0.2666796353827577	-0.29144575209485296
KEGG_SULFUR_METABOLISM	-0.010793580273758692	-0.08334029383861459	0.06607350213062127	0.0019144531766604517	0.001687224548477468	-0.022458124208814483	-0.004444090520157217	0.0024657853613572933	4.4476492830775044e-4	-0.04545837744647116	-0.042530338214661484	0.018651705730496175	0.006269173502228216	-0.003977726576158119	0.023132804829394064	-0.010942019386551904	-0.020728774769950498	0.0024803040396735522	-0.02573069821716299	-0.06815173083070937
KEGG_SYSTEMIC_LUPUS_ERYTHEMATOSUS	0.09768653965304028	0.07869308094847974	0.22854356510776813	0.19493857174887064	0.0847514511005868	0.12282042901183576	0.22147325150180996	0.16458614554811923	0.17329071728887604	0.19281328639131043	0.07119598573483081	0.16252575314935988	0.11533189016220996	0.21550977505257232	0.1972048468186261	0.15213966363834755	0.10671765423389919	0.06890307383204318	0.10871788782320072	0.06285840084321388
KEGG_T_CELL_RECEPTOR_SIGNALING_PATHWAY	0.1317412359241898	0.13424483144961957	0.17886430238624998	0.16421792096695995	0.13721313562339527	0.14555524904785958	0.1648887692021754	0.1532911068831464	0.14467285186064352	0.16222990893413217	0.12479694044111037	0.1417855326370622	0.12374557733729516	0.16084082676315284	0.19468049875932256	0.13773488319117014	0.12535151467329067	0.1394419764117843	0.16006940282206125	0.15066553975862654
KEGG_TASTE_TRANSDUCTION	-0.13238800741002282	-0.183672945497079	-0.15184661592338194	-0.18661261405728763	-0.15181616655407879	-0.1520689620060846	-0.14918183443143765	-0.15103357185755398	-0.1413115799600503	-0.17689729910150004	-0.17059554016227282	-0.14828196898173882	-0.16305511092284977	-0.14537420114315064	-0.16178754381747393	-0.1352342503873748	-0.16217004016942563	-0.14019356393475127	-0.12258867852463896	-0.1814003440760251
KEGG_TAURINE_AND_HYPOTAURINE_METABOLISM	-0.03210376066634709	-0.089253658530168	-0.013018182986730159	-0.02547390248756003	-0.013290239854263376	-0.05357864872637276	0.024142233336839822	-0.03700374831471363	0.02166433698584234	-0.13729875498181968	-0.08032608409063097	-0.06140862458700198	-0.02532509948318611	-0.045308638634398136	0.007771793682226158	-0.012357956571115459	-0.04200266147911037	0.029447812615124344	0.04185206508624223	-0.001342118741140137
KEGG_TERPENOID_BACKBONE_BIOSYNTHESIS	0.046779503308758116	0.17346292723771337	0.0600489710298032	0.032538186455138216	0.2085457814230545	0.080061823883411265	0.06303310523792917	0.17363443544978072	0.0580709811553921	0.09494347327043505	0.13448115613734882	0.06749758775411452	0.12615110073243885	0.02312204485029766	0.08797496548137825	0.06558969366119936	0.11279561001222721	0.06462024485334245	0.033078475751848004	0.12755956399031868
KEGG_TGF_BETA_SIGNALING_PATHWAY	0.19043693066460227	0.22550434785876	0.21325495494383404	0.22788638527035124	0.19425400865681414	0.2023118821972881	0.20148290573590574	0.22429623888876735	0.20973081081406986	0.21179428863279245	0.2009474556344566	0.18723236202157098	0.1879365472075866	0.20208076485956933	0.18406395119062735	0.2018905707262486	0.21205194234629274	0.2063061149567542	0.18229694535485835	0.23895307249956138
KEGG_THYROID_CANCER	0.2751808599671748	0.26656473400478914	0.28506198379132824	0.2749578572319191	0.29506096554304057	0.29447156159438725	0.28016296596069173	0.28446077745368237	0.2783415859167629	0.2889589608196265	0.2580469617949539	0.2752073059027972	0.2760763206313501	0.25896263481667725	0.2736058795083162	0.2828840161585463	0.301635646283758	0.27483726032856987	0.2756640786454932	0.2703193473599032
KEGG_TIGHT_JUNCTION	0.20109430286129212	0.19702950359503738	0.18713506854442713	0.1866174921239273	0.19827378751851235	0.20167772211974444	0.18919649753298948	0.19529372959583913	0.1885274481676802	0.18959188158522838	0.19550883503369934	0.19615323148787212	0.201438512285307	0.1930180766187084	0.19373549922873945	0.19724164229906047	0.19734444359929487	0.1659459149059135	0.17603082710837356	0.18728783129058105
KEGG_TOLL_LIKE_RECEPTOR_SIGNALING_PATHWAY	0.06294986258132451	0.09589194407354822	0.14686138459351344	0.11930596717973953	0.06808405572522626	0.08245584961086887	0.13184366353099167	0.1266810204182951	0.09086519849364758	0.11752515921984	0.062161835272224124	0.0723510200198739	0.06699422216039383	0.12442652942669366	0.16720663981276174	0.07565361144140682	0.06575324745451164	0.08206344321761248	0.09163414352683508	0.09072570870762345
KEGG_TRYPTOPHAN_METABOLISM	0.03550076692720125	0.053425579840921014	0.042476607574516705	0.016515897852208763	0.030608047000181684	0.018491332011584222	0.05554433114438223	0.059270345778594344	0.04391085592237621	0.007127061995666557	0.06231777117829453	0.03045664545341639	0.05040501395208582	0.0470836873042665	0.029796747310176983	0.02509533965666101	0.0334371694957745	0.006493322668714874	0.003000039514127261	-0.0013572495386855487
KEGG_TYPE_I_DIABETES_MELLITUS	0.035333517467500436	0.02166781327274807	0.16280160292381868	0.1169361682753525	0.029219392344213512	0.09896367701812396	0.179471926059565	0.13058785068666445	0.12701947329864155	0.1425688444470608	0.03415006727428811	0.1289518278974692	0.0731172425119108	0.13962778246173213	0.15796326031788976	0.12012934907604268	0.07291609533373615	0.04120029548632116	0.11715634564778975	0.020324177530767186
KEGG_TYPE_II_DIABETES_MELLITUS	0.1513104791522879	0.13290641077839452	0.16287452231336158	0.1412216483194856	0.15696802637664797	0.1485103484031952	0.16148128140511647	0.14814407409516106	0.16055179066265626	0.12793801981687683	0.1065575879030031	0.14964221612162204	0.15406658171450674	0.166612978456363	0.18032482749088433	0.15431142042407395	0.13234555378704818	0.12626641282177264	0.1438260570197789	0.10258733321663681
KEGG_TYROSINE_METABOLISM	-0.04698967403327747	-0.037690913203405715	-0.04190387081842401	-0.06495440122753604	-0.05495973923094437	-0.05199663452911824	-0.024150066468687524	-0.060792605506228906	-0.04781776948043899	-0.062245744874742055	-0.016271924793211823	-0.06415806687590017	-0.04924406499520249	-0.07181434134016433	-0.04721067161472103	-0.07010845697564193	-0.047503354701393274	-0.04345505177563283	-0.07027313832888764	-0.07435542231643971
KEGG_UBIQUITIN_MEDIATED_PROTEOLYSIS	0.2551305667363825	0.2356922194301239	0.22697533565156816	0.2434727189336964	0.23422163249815076	0.2570054421464686	0.23669893313137633	0.2629857422792853	0.26100445507000564	0.2341527024385636	0.2286636461123543	0.23660134904548236	0.2317820783149378	0.25326023921125124	0.21944795722459645	0.23355378386348485	0.24982537415389747	0.2512402090461559	0.2539785630244516	0.27044340676027584
KEGG_VALINE_LEUCINE_AND_ISOLEUCINE_BIOSYNTHESIS	0.21124082477536693	0.16242007449472978	0.1785566424301071	0.2087126184758992	0.16095760608114087	0.1626385068138816	0.1410924145254108	0.16498333742240634	0.1693165576922608	0.17946603035371222	0.18193821349192235	0.16526768965907396	0.17268929571048222	0.13620492368845447	0.14067049619444427	0.15546918278694277	0.16207818113898848	0.1207582742879298	0.1281270268938997	0.18664049201973246
KEGG_VALINE_LEUCINE_AND_ISOLEUCINE_DEGRADATION	0.2033436681262615	0.205718579079392	0.15513635879176005	0.14826577185927467	0.20842046783097687	0.1700989134524232	0.17029184657621374	0.20438691588009056	0.20986516285339668	0.16802355279029635	0.2312506699319015	0.17929021135216633	0.20194227249634972	0.17732580556220445	0.1475337784420838	0.16640627580024517	0.1905578252980502	0.16471738808674127	0.16487262865008206	0.19758587217548054
KEGG_VASCULAR_SMOOTH_MUSCLE_CONTRACTION	0.15835449964080278	0.15547986931646596	0.17681411473401665	0.16522253239479057	0.1412497980938604	0.16672213655012547	0.16524439199827284	0.15117576844046224	0.1459914770420038	0.15498321150236383	0.1562932140466029	0.15546775675778085	0.13736498533503447	0.16732496836601782	0.16274896310831488	0.14413946621123389	0.15100553198175137	0.12240934618250959	0.12459139213180377	0.12171588137477497
KEGG_VASOPRESSIN_REGULATED_WATER_REABSORPTION	0.2961999883223183	0.2716080020994321	0.2826056545203066	0.2880717757551138	0.28036391597529675	0.2928413249125513	0.2823204684534037	0.29803397032570966	0.29913820002558444	0.259101759613841	0.2633111442724333	0.2829979341467601	0.27243527502999026	0.30572316377507175	0.274269083099395	0.2802262821194462	0.2857739636522293	0.2779307665467234	0.2785786248329843	0.30266030208347733
KEGG_VEGF_SIGNALING_PATHWAY	0.18348953733401205	0.170060048895272	0.21682029877860284	0.18632432692342402	0.18228757507401344	0.20372765156142209	0.2138722147905353	0.19630658892039105	0.18255671849957836	0.186928360498498	0.17623134526287973	0.17409592286776612	0.1839444556612244	0.1921737035416608	0.243432897326795	0.18212386998796262	0.17529027736911765	0.1918470269215056	0.21774545537177087	0.18505909021906866
KEGG_VIBRIO_CHOLERAE_INFECTION	0.2453402699079008	0.23229401488545598	0.2637751370465569	0.2557657987547832	0.23994393336569933	0.26814795195630947	0.26957935579819386	0.251008903733362	0.2449232129850166	0.2515977225717158	0.2535845201746346	0.2526701269057975	0.24055901549492756	0.263722045305286	0.28034579155992306	0.23996629957854756	0.27190359015382676	0.23322844580156005	0.25412419383520385	0.26949193620155737
KEGG_VIRAL_MYOCARDITIS	0.1818554359109769	0.17186427728961953	0.25815782229318623	0.2276591469782535	0.1793624886335112	0.22188063440785086	0.2531462442897366	0.23505238736338363	0.220922538065104	0.2277865463061273	0.16457305317479404	0.24212590802815603	0.20622849666387771	0.24289537759948204	0.250213339584223	0.22327088330117154	0.1972151259772508	0.1579124933709409	0.17528846889097663	0.16319178643227167
KEGG_WNT_SIGNALING_PATHWAY	0.22956601883300184	0.21068220646317426	0.2269796239920524	0.22806522126699508	0.2306665583446926	0.21097583505918655	0.22091566953021424	0.22844141278858082	0.22611984718790556	0.2180878419099535	0.2207687282180324	0.20482527448780483	0.2186991031094747	0.2077517767828344	0.1964683257424077	0.2199923257773659	0.22589495965358408	0.22336390527490269	0.23012003137674455	0.21199718953088656
