pathway_description	BS_4KNBXM3C	BS_3ZPJAK9A	BS_2853394H	BS_E7NVYA6G	BS_CZPQ493E	BS_8ZE4Z9G5	BS_KKDTW11T	BS_00FD2KMP	BS_F21R36MM	BS_KRS4EV4X	BS_HRJ9145M
KEGG_ABC_TRANSPORTERS	0.15251622064892725	0.1671354024854285	0.12211436201482251	0.18057246514514746	0.15666670979125036	0.07550677971306803	0.1473168023031851	0.13380425804964188	0.0969528016442958	0.0991966661163695	0.1775939319885231
KEGG_ACUTE_MYELOID_LEUKEMIA	0.2629318980923616	0.2228269867807159	0.18895699400300103	0.25166207354822634	0.23612782434566154	0.2424261738327276	0.1959406344294596	0.20569663290076967	0.23493291564863808	0.22411086947552683	0.27111760505114413
KEGG_ADHERENS_JUNCTION	0.35609203952733626	0.3585595660505384	0.3301355587246758	0.37409689333705043	0.34677239390372355	0.3220141039292084	0.335863926792058	0.3504926760962803	0.347522235947509	0.3149106497309022	0.3568022475711079
KEGG_ADIPOCYTOKINE_SIGNALING_PATHWAY	0.16885465449722895	0.16129204340546932	0.13379737426799457	0.16751687978217922	0.14303980343401104	0.11854320353255125	0.12365297625572641	0.15101350855952664	0.13616672710999445	0.13164568999457898	0.17674950793512442
KEGG_ALANINE_ASPARTATE_AND_GLUTAMATE_METABOLISM	0.19989499125525803	0.21188344289374308	0.15562588827817087	0.1612618684250511	0.19400877629785115	0.20690493878768126	0.0592504556646582	0.20733838651413553	0.16988689656246775	0.16298607888350589	0.18346235936356453
KEGG_ALDOSTERONE_REGULATED_SODIUM_REABSORPTION	0.17366449121091496	0.17906850646733088	0.1474796403594101	0.18367447342687424	0.14098640363226866	0.11626967165828136	0.14677456822984689	0.19028370507712813	0.15382457064533409	0.09924593546537243	0.17572292798323674
KEGG_ALLOGRAFT_REJECTION	0.08924626281535789	-0.056459876620355356	-0.09912800193653076	0.11322502597964823	0.07724596067246471	-0.008157532751838462	-0.014434769520027263	-0.07736083823474206	-0.0210660525381743	-0.0284790569460632	0.13663523519217827
KEGG_ALPHA_LINOLENIC_ACID_METABOLISM	-0.06872186308986274	-0.08459985362946632	-0.07081549410937034	-0.0831492259249831	-0.06387761550165541	-0.09906486503254644	-0.12359705208657745	-0.10942444354609737	-0.09123759774477565	-0.07102959078477386	-0.062009907028847074
KEGG_ALZHEIMERS_DISEASE	0.2725007409863776	0.27335979208605055	0.23917909807306803	0.25856318826232266	0.24587873815066957	0.2414682304427933	0.2276801245338449	0.27938988728906566	0.26215138029376023	0.2528461837515132	0.26006550823335767
KEGG_AMINO_SUGAR_AND_NUCLEOTIDE_SUGAR_METABOLISM	0.20619298632171149	0.1655136623129149	0.15466506465290403	0.18719140531693487	0.17180939124436076	0.1698670279382504	0.1597559627063553	0.16110044707270102	0.21136957979728718	0.19820948640014352	0.2394011547824473
KEGG_AMINOACYL_TRNA_BIOSYNTHESIS	0.17271962509104033	0.16953230324474952	0.1580143880580795	0.1289398058026799	0.14051764870801642	0.1791259840595114	0.0726356710983806	0.14155668388359952	0.15890373267656666	0.24812429596973687	0.13891914463021637
KEGG_AMYOTROPHIC_LATERAL_SCLEROSIS_ALS	0.19440794400041053	0.17153392961517733	0.1337756182997965	0.13698971716213715	0.14991337054219403	0.1181334220296607	0.13561542147493033	0.19722721978674473	0.15805006104534652	0.13267803269543899	0.20039890851142123
KEGG_ANTIGEN_PROCESSING_AND_PRESENTATION	0.216188777972107	0.09744134971534212	0.07046704027908457	0.184075148455875	0.17928374934782718	0.12965670441373892	0.19308327065751524	0.09517178360617656	0.13101156505127856	0.11437664323686544	0.20472516487184347
KEGG_APOPTOSIS	0.17234403103525325	0.13074743380910853	0.1024958597344286	0.18262575286418106	0.1318378404656688	0.1447131115118788	0.12580153383892811	0.10912094668751747	0.141886357408453	0.12279239333203233	0.21290842196285348
KEGG_ARACHIDONIC_ACID_METABOLISM	-0.09708481610092025	-0.14359631439778295	-0.16163680494460028	-0.09928588811570283	-0.10600573639191745	-0.15825462527016354	-0.15882989703806116	-0.131731045784843	-0.1396031911162184	-0.12880091679143815	-0.08103065182699819
KEGG_ARGININE_AND_PROLINE_METABOLISM	0.18195323429868368	0.18087335164899201	0.14030485825892539	0.1500695320853302	0.17883810806349243	0.1474491262912004	0.1202192565424702	0.1766106236832146	0.16080121860415594	0.16921625335594856	0.17974611171665572
KEGG_ARRHYTHMOGENIC_RIGHT_VENTRICULAR_CARDIOMYOPATHY_ARVC	0.2331070186641921	0.2088820671367963	0.22432474500700403	0.23814546372754822	0.2335671102614644	0.16719793169277544	0.18905759797896102	0.2066297676450889	0.22654488756803076	0.1509723867713109	0.22524776507168404
KEGG_ASCORBATE_AND_ALDARATE_METABOLISM	-0.17417652445122495	-0.1899625530279336	-0.17908862045169172	-0.19131949965737052	-0.17904096307502385	-0.17614052561722265	0.005515977126488261	-0.18936796391179317	-0.18771240787818155	-0.15652431017347093	-0.18080219885943544
KEGG_ASTHMA	-0.007332462738640963	-0.18860661147430766	-0.2347125681738756	0.014374867614786443	-0.026736064610586616	-0.13940521109494716	-0.15362264648751928	-0.18714377808081192	-0.15785901414871123	-0.14382467304929245	0.03213513246288296
KEGG_AUTOIMMUNE_THYROID_DISEASE	-0.022392669520640143	-0.14226017237042252	-0.1568841389477251	-0.010223038526595014	-0.047851907247143874	-0.1010225538426327	0.05269938496311984	-0.1410097475400065	-0.11788782064664818	-0.11601907591535246	0.002882797572351942
KEGG_AXON_GUIDANCE	0.20470521181673731	0.19632177486935004	0.19978736687577361	0.18786147258075858	0.21601386324340724	0.20691739982892823	0.15010182230781383	0.23187952552864513	0.20381214100389458	0.15479047643610708	0.1973828977377263
KEGG_B_CELL_RECEPTOR_SIGNALING_PATHWAY	0.24969451945438115	0.18795994050546416	0.11562603053957815	0.2527453927172292	0.18951175246994897	0.19569469150557695	0.15814885231670972	0.17072095388896277	0.17979344032234013	0.15457725286939308	0.27560333249562696
KEGG_BASAL_CELL_CARCINOMA	0.02001110419492883	0.05266995004547017	0.048960328192546726	0.024034823497947305	0.03641357108871916	0.04570441191595615	0.09328502830525595	0.004574491231652079	-0.005976142705043283	0.053306206021769706	0.01857944199679663
KEGG_BASAL_TRANSCRIPTION_FACTORS	0.1055624489664606	0.1332036959298583	0.12778791331310502	0.13373201822831488	0.11440762314308994	0.18194734023106318	0.1496243868723868	0.1311862895888403	0.1558840218378157	0.16046652471786593	0.11522093314872796
KEGG_BASE_EXCISION_REPAIR	0.12227296407853254	0.10747734762868032	0.14278187536185127	0.09932425306786712	0.1165066734846022	0.2129922401523346	0.0857959448637982	0.122167412190654	0.1570006416861544	0.22609556545393383	0.13142983277574552
KEGG_BETA_ALANINE_METABOLISM	0.24832696754000827	0.2732040993220936	0.16309457782621373	0.2176202740358784	0.22737847187726642	0.20597838988965836	0.16271866698868914	0.2473827450129301	0.20340341153937974	0.2040063370327292	0.21076917087200336
KEGG_BIOSYNTHESIS_OF_UNSATURATED_FATTY_ACIDS	0.23475295860391027	0.25442139263013275	0.20628276689000535	0.1909971582434346	0.24931499872656057	0.2604790452968434	0.18209093862743747	0.22979596341049252	0.23454889112966007	0.26337529862097764	0.2438677858257235
KEGG_BLADDER_CANCER	0.17707589277931374	0.14940571357209842	0.15028710205792073	0.2100109112192718	0.17873348296305983	0.21041608943432616	0.12526699996747118	0.14601613023002716	0.20040479383218443	0.1710143545559846	0.22781852707412265
KEGG_BUTANOATE_METABOLISM	0.15626458848317493	0.19626813357573875	0.14032132475040063	0.12368107264618128	0.1667601743148998	0.1836047213283388	0.05457949812291285	0.17214278390879825	0.13705776631779185	0.173942017220632	0.1260611754593791
KEGG_CALCIUM_SIGNALING_PATHWAY	0.09836937595034333	0.10956525841406478	0.08199158852969234	0.07151546336646523	0.10323971613680298	0.014185153451097905	0.07687813606635326	0.13390203042761353	0.07809924254121872	0.01930397796909948	0.07324554413797962
KEGG_CARDIAC_MUSCLE_CONTRACTION	0.1769954861757505	0.1801353704110865	0.17301781956048906	0.1518131773381725	0.16467613748473017	0.1317065665059492	0.14644633091951606	0.22454264136359986	0.1933279472887463	0.12658951226578288	0.13085358128286964
KEGG_CELL_ADHESION_MOLECULES_CAMS	0.17409066899773848	0.1144608526390007	0.0745395756512899	0.16855371591444596	0.13808214078719916	0.06232282106520674	0.08517777010131342	0.0988121979036187	0.10407746491128307	0.05873201657385572	0.16853939537898663
KEGG_CELL_CYCLE	0.19416449172185837	0.1736393174854494	0.19301534209426016	0.19737425673237127	0.19135943673132685	0.2942278469765329	0.14231899744523957	0.18819697890956602	0.23558659671755897	0.23360740640303837	0.18870506967324022
KEGG_CHEMOKINE_SIGNALING_PATHWAY	0.15124515095774563	0.08546388624128848	0.047639139545841376	0.12722948199297004	0.10156749104763896	0.08405614640974803	0.054404431178383436	0.08562985823789968	0.09376674325204987	0.04570985734133416	0.16294982441289135
KEGG_CHRONIC_MYELOID_LEUKEMIA	0.30976274907863227	0.2710974332226797	0.2348568007564018	0.29518434358295736	0.2856114264738083	0.29892363932293187	0.24011664647908398	0.25993954458453866	0.3077239365837953	0.27506974335020906	0.320767347454507
KEGG_CIRCADIAN_RHYTHM_MAMMAL	0.2735279109490217	0.36450247241622635	0.3136447690391649	0.2997007338374833	0.2780591690606402	0.21282519951393475	0.2659192368638665	0.26771133143821024	0.3105118350924431	0.31927568268657713	0.2908465156250416
KEGG_CITRATE_CYCLE_TCA_CYCLE	0.34616682380440905	0.35713559743891443	0.32983405362669027	0.33545728353570686	0.34847067230253176	0.34200290551623796	0.32173112062928416	0.3454795371304838	0.3526736252386406	0.3903973076110897	0.3519018462569073
KEGG_COLORECTAL_CANCER	0.32700433267440693	0.3057187514633669	0.2741876757732262	0.3202750704294701	0.31585663405739817	0.3055007061106047	0.25216502038897826	0.2845874236939272	0.3055869935294664	0.29733506047050173	0.3167151179453523
KEGG_COMPLEMENT_AND_COAGULATION_CASCADES	0.12303616519598225	0.01586478175723457	-0.015228270944167163	0.17387351608586982	0.06474546123980186	-0.002865329084191397	0.10555561606713547	-0.01917793425863299	0.06694476193809208	-0.022551291369692614	0.18067653346992893
KEGG_CYSTEINE_AND_METHIONINE_METABOLISM	0.14363581281231766	0.17018364135530306	0.14665726474282043	0.14101588014889743	0.14478055932319042	0.16344731355479433	0.0975535722267846	0.1654298322034258	0.1327542882221951	0.21016090100759416	0.14520987934840873
KEGG_CYTOKINE_CYTOKINE_RECEPTOR_INTERACTION	-0.08663344996086485	-0.15418560852511232	-0.18517697194015661	-0.06140263302634476	-0.12474688852664068	-0.16510608881948527	-0.08622905655222923	-0.1836090210403329	-0.14411723951864105	-0.17495900867122124	-0.03368069063743804
KEGG_CYTOSOLIC_DNA_SENSING_PATHWAY	0.02116608449087828	-0.04305160404962852	-0.06879499782509213	0.03221274208904736	-0.012022903822580509	-0.0025780858269296683	0.06342365779814699	-0.04357400826018404	-0.026276319788066906	-0.0225190617452391	0.02528437885685828
KEGG_DILATED_CARDIOMYOPATHY	0.19144014321479283	0.1656757315037066	0.17746144078341392	0.17274194645192661	0.1898596493452555	0.12051807199069513	0.14828993271161162	0.17409411502925706	0.19520544414757932	0.09610594866388464	0.18409256436721624
KEGG_DNA_REPLICATION	0.13963149972847133	0.08482223455602293	0.15725844794131208	0.11172618706755875	0.1065388103822294	0.2771768082739216	0.08595492803032007	0.11956978031702291	0.18098773499797488	0.2506195526804955	0.11417362202177529
KEGG_DORSO_VENTRAL_AXIS_FORMATION	0.2575402965614611	0.23371692201669744	0.23556252411356193	0.251151407600294	0.23820853953528126	0.21768667658531163	0.18495322370377473	0.24828937079925856	0.262111680313428	0.22743709038698334	0.255258364116211
KEGG_DRUG_METABOLISM_CYTOCHROME_P450	-0.15913346693156297	-0.15755717506686714	-0.16369687776429778	-0.14150036504550825	-0.13544134015514314	-0.16945572687172483	-0.09240869930935168	-0.16308074888599308	-0.17821885592906092	-0.17449002592879076	-0.15799437400487495
KEGG_DRUG_METABOLISM_OTHER_ENZYMES	-0.11369581775757194	-0.14691218813745993	-0.14789969100651904	-0.1235785242542209	-0.13602116289425153	-0.11693297051128632	-0.008304728988632618	-0.15252199334781552	-0.12987686874941543	-0.1197420679594612	-0.09793526508632486
KEGG_ECM_RECEPTOR_INTERACTION	0.29417626368635424	0.19203964269746918	0.24436188233741363	0.2764240913938672	0.2770097957410462	0.21721030055757387	0.24651677359978524	0.18080483862597702	0.28762672284034235	0.18505901773869474	0.3234004808383616
KEGG_ENDOCYTOSIS	0.2714881475556254	0.24569463067561348	0.23325746702429467	0.24047604347201132	0.24656098681721983	0.24597702183006875	0.20536312808662036	0.26156962555558155	0.24991096942404356	0.21172734208908478	0.26341830853904946
KEGG_ENDOMETRIAL_CANCER	0.32057368826078836	0.3171599162229672	0.29963339796006994	0.30929104361725623	0.3210334609956746	0.3164201550190247	0.24652669713584388	0.31332564884364905	0.30148547586367647	0.31951389139689385	0.3167414180747117
KEGG_EPITHELIAL_CELL_SIGNALING_IN_HELICOBACTER_PYLORI_INFECTION	0.22528067261749116	0.18328834379214234	0.15652486253140294	0.2156137266371012	0.1965344545392532	0.20323162505889328	0.14282902719720522	0.21677595313905892	0.2090002108823186	0.18121100537163942	0.26188426650837593
KEGG_ERBB_SIGNALING_PATHWAY	0.2512840161676918	0.22818430291721373	0.2092323553419649	0.2234908384184171	0.239987856048827	0.24646704959201293	0.1362595124624798	0.2636825000601492	0.2341019411167632	0.19950516572192248	0.2501270805412364
KEGG_ETHER_LIPID_METABOLISM	0.052603459370371954	0.03755163571075188	0.0038972560584439524	0.05222304306855246	0.040478946142110006	-0.009556101702385663	-0.052292992831746335	0.032637251103937344	-0.006453763043128885	1.1087823251511362e-5	0.05235829754805083
KEGG_FATTY_ACID_METABOLISM	0.21864121129119934	0.2244096215641325	0.1839197079229051	0.19932161429136058	0.21826040015363485	0.18741475183008624	0.08585783780092389	0.1970534414260684	0.17011777176345216	0.22584909592435923	0.21552866076965363
KEGG_FC_EPSILON_RI_SIGNALING_PATHWAY	0.17221054004577652	0.11471318112328184	0.07589023240319032	0.150955635242257	0.11623848851239603	0.10707324160944363	0.05271752167725809	0.11428584496047929	0.10266362816501125	0.09047874957499202	0.17405243579097465
KEGG_FC_GAMMA_R_MEDIATED_PHAGOCYTOSIS	0.31575693254432513	0.25231020155202055	0.19872461824814452	0.29189480674341745	0.25762009615213133	0.24000964239297926	0.1739524490464839	0.25626476790829267	0.24054167147173955	0.2016624372781202	0.30823201755025526
KEGG_FOCAL_ADHESION	0.2978171036750769	0.23781862639457874	0.24263463369011015	0.2937503560347246	0.2818110001416926	0.2544258764967244	0.25117561535912186	0.23793034505966074	0.29661422973475204	0.2241876386284585	0.3202512365901286
KEGG_FOLATE_BIOSYNTHESIS	-0.0038712903693313414	-0.030180460336895306	-0.02220899968312806	-0.0017651388197619602	-0.03395373470500651	0.01801216048386088	-0.04840774520000256	-0.0034389015587751484	4.4160085523992874e-4	-0.01702500458386685	-0.020565835607835686
KEGG_FRUCTOSE_AND_MANNOSE_METABOLISM	0.2112647346579661	0.20153487854651383	0.18754415994732465	0.17233782531759673	0.20919165006917093	0.1891590284848449	0.1554255161228485	0.2083843378701701	0.24400067240496046	0.22246695579778145	0.23480022336590248
KEGG_GALACTOSE_METABOLISM	0.23697660564006995	0.16860107155521187	0.16895341342562745	0.19937373893299304	0.1991326994729428	0.1531855822206712	0.2144164790407352	0.17631033404274282	0.20862771869777	0.1987202089775984	0.2727488714904632
KEGG_GAP_JUNCTION	0.24049980270718666	0.23515710050597	0.22456746325246604	0.2301940218581396	0.23580206600274836	0.21491112914441687	0.20395636284814198	0.2613539217116542	0.23724066150242015	0.17261197146900775	0.2342915264593914
KEGG_GLIOMA	0.27479185705863135	0.2581430937089751	0.21747090528491614	0.24997325244546564	0.2623769412264895	0.2646272281129534	0.19365767928012	0.2821823150541635	0.27017779346189	0.22341884977482804	0.284162548117991
KEGG_GLUTATHIONE_METABOLISM	0.18409519510628966	0.13460388380460833	0.09376318811417995	0.1622231138915563	0.1623174685051741	0.17145608650120017	0.08496209791580336	0.14776127128026434	0.14816693156746744	0.17187838275805745	0.2044038572812347
KEGG_GLYCEROLIPID_METABOLISM	0.12239469063133797	0.13493968196072056	0.14766939757227307	0.11340144811415094	0.14655077510353498	0.07412342704447823	0.06023419594617792	0.1273554392690086	0.11247211293394671	0.0995434510432768	0.125230968760747
KEGG_GLYCEROPHOSPHOLIPID_METABOLISM	0.09165155001076788	0.1085910921457648	0.09063103603611913	0.0884266015162271	0.1126532095257967	0.05697304198601145	0.03505567877851163	0.08955979891162687	0.07474158979760476	0.07412118201223994	0.09366363337198863
KEGG_GLYCINE_SERINE_AND_THREONINE_METABOLISM	0.09511448680729352	0.13200798118263668	0.06000252227306821	0.041443728396641906	0.10393456376364722	0.04459389424081131	0.055469689513375366	0.0847485586911794	0.05382921683012612	0.16242377727906973	0.07010689607716715
KEGG_GLYCOLYSIS_GLUCONEOGENESIS	0.17136308414584855	0.15712047898829284	0.14441959885353417	0.1675356111274706	0.16312270928710224	0.17396537447844918	0.16734313575158866	0.16535564957623888	0.17384958372641351	0.189416496778792	0.20368635307422084
KEGG_GLYCOSAMINOGLYCAN_BIOSYNTHESIS_CHONDROITIN_SULFATE	0.13292188215197767	0.11000271515357164	0.11544967578200205	0.08983035458190558	0.1277304989722682	0.06464622543708697	0.06457768789705404	0.06296212179691259	0.12430198508564039	0.09342040054563953	0.17047030639370253
KEGG_GLYCOSAMINOGLYCAN_BIOSYNTHESIS_HEPARAN_SULFATE	0.06308204456371976	0.09376835070061688	0.09253932700336805	0.017082839795277124	0.07489795038745128	0.035965576550081146	0.026077414268299126	0.07924666372573408	0.061616689289928826	0.05375199977968887	0.08381847814922691
KEGG_GLYCOSAMINOGLYCAN_BIOSYNTHESIS_KERATAN_SULFATE	0.021349507266016685	-0.02223389892572815	6.451860292202764e-4	-0.009275606838383927	0.013864509107148093	0.043693500505592196	0.020417129896343547	-0.009580814953898039	0.006473569692768553	0.022873201369265298	0.06097478970295007
KEGG_GLYCOSAMINOGLYCAN_DEGRADATION	0.18368776954093824	0.1253039039985857	0.13016727600033953	0.16905527949680738	0.15137582761383922	0.1380033581928375	0.21490386364814884	0.11136621603621415	0.14273156079415347	0.1493508226645644	0.23709470996158924
KEGG_GLYCOSPHINGOLIPID_BIOSYNTHESIS_GANGLIO_SERIES	0.15059455621783013	0.12984153301447784	0.11580505320998741	0.11104029550786469	0.14929920433338179	0.13095424163418418	0.08094964937810974	0.1538955129016213	0.13989994635287123	0.095411761959204075	0.15062499004176566
KEGG_GLYCOSPHINGOLIPID_BIOSYNTHESIS_GLOBO_SERIES	0.10153464619495411	0.03569292512331108	0.06787421827912184	0.06817558178243815	0.06306541571368253	-0.00944735586732891	0.04033880429571616	0.05174191247819678	0.04793939177527085	0.060204494212318625	0.1104812327744266
KEGG_GLYCOSPHINGOLIPID_BIOSYNTHESIS_LACTO_AND_NEOLACTO_SERIES	-0.07979525562680231	-0.03532932932149819	-0.05915108823945577	-0.07571697735328291	-0.07945649229928986	-0.07165390762871354	0.07612085969788601	-0.05467346191108486	-0.08086618132799052	-0.07325654627730992	-0.04612355074519828
KEGG_GLYCOSYLPHOSPHATIDYLINOSITOL_GPI_ANCHOR_BIOSYNTHESIS	0.0910912797326256	0.13026766080426372	0.11561576504963632	0.10508689021546913	0.11087223072441586	0.09916194126581979	0.09213066261735235	0.10326111990433988	0.1146677829815127	0.13618554793423862	0.13033355508268457
KEGG_GLYOXYLATE_AND_DICARBOXYLATE_METABOLISM	0.2229130540682844	0.23820546317338173	0.18892753542919957	0.18872203580489655	0.22242955854104504	0.18800884645244387	0.18226183788251313	0.20985089640372487	0.2296902085416623	0.2749925401240021	0.1982374617670531
KEGG_GNRH_SIGNALING_PATHWAY	0.1904877445169564	0.17416473380190972	0.149251679192969	0.16048786215072283	0.17120620963597388	0.15444863128657899	0.09637059542524212	0.1886693800248092	0.16037200943742372	0.13249452250336516	0.18605806029588326
KEGG_GRAFT_VERSUS_HOST_DISEASE	0.07375117767146738	-0.0663768681537593	-0.11020243784326068	0.11299864620271094	0.0621121651171917	-0.029437508736318205	-0.0020583007234814144	-0.0911553920690233	-0.031093578925918495	-0.045436391928267206	0.12166584294591835
KEGG_HEDGEHOG_SIGNALING_PATHWAY	0.0037846594130575687	0.042412173855317696	0.015536212259808677	0.008062648261472505	0.024534673627030493	0.01935873116934947	0.05276891006858459	0.018280598455683833	-0.007613821270760902	0.01794232277076668	-0.019422647470175903
KEGG_HEMATOPOIETIC_CELL_LINEAGE	0.04410721823369626	-0.09136417057342588	-0.11033464307898953	0.04306536859225865	-0.03025111591933336	-0.09502942693076878	-0.012635172548702372	-0.12693792674400514	-0.07134269180312588	-0.11533231647727801	0.10027019534275614
KEGG_HISTIDINE_METABOLISM	0.046903612558239424	0.07706857481175923	0.046764611232975276	0.04268521256721359	0.048091686392597574	-0.027552149098836774	0.009455598470537492	0.052635002897900955	0.02011195321410597	0.04355094477666071	0.02683213441543349
KEGG_HOMOLOGOUS_RECOMBINATION	0.11169146454292388	0.1138205592789322	0.1345258637560867	0.13044257067115597	0.11913893807045091	0.19319555130138721	0.12818485272573457	0.10928005414218851	0.15687835198875713	0.20567645061164208	0.1151930876505283
KEGG_HUNTINGTONS_DISEASE	0.26576013820993377	0.2622795939554683	0.24090386865319874	0.2570181092956343	0.24759191456099125	0.24636230811508436	0.22234322868411915	0.26933975601520577	0.25895206974262924	0.271699787008471	0.25467717037742876
KEGG_HYPERTROPHIC_CARDIOMYOPATHY_HCM	0.17683398670455827	0.15183198464491438	0.16242542463188595	0.1735489423894097	0.17327225964623125	0.10563797242482038	0.13635921040360788	0.15354757299793118	0.19045581295913963	0.08556689201795686	0.17695207772906177
KEGG_INOSITOL_PHOSPHATE_METABOLISM	0.26803452366289315	0.2636376500225469	0.22282741477403203	0.2648927728429094	0.26079923480126055	0.2549224338177346	0.19348807404550755	0.2673113505463658	0.22183716858160737	0.22869944431455858	0.253706967577158
KEGG_INSULIN_SIGNALING_PATHWAY	0.23252531426587605	0.23281121558357737	0.2053131739755169	0.22996616726370883	0.21894299793146485	0.22844146209195226	0.20148793028930873	0.22450925250148548	0.2307774656976799	0.22689282113685483	0.25233039096015647
KEGG_INTESTINAL_IMMUNE_NETWORK_FOR_IGA_PRODUCTION	-0.037744808889776056	-0.16803136100263516	-0.19094341176999455	0.0017899176150229044	-0.07316404038662785	-0.1432582335788182	-0.1352821454530504	-0.19369818916204934	-0.14206204029631778	-0.15400506918071344	0.026320545151445652
KEGG_JAK_STAT_SIGNALING_PATHWAY	0.03372636583517706	-0.011926800187054035	-0.0333611562638957	0.057502522008539426	0.004551422686894088	-0.013522183193331384	0.06416200670035885	-0.02485420520950931	-0.0069066896525997274	-0.025321039294693946	0.06426488309037036
KEGG_LEISHMANIA_INFECTION	0.2669827915196414	0.11573126203477763	0.0473732373717339	0.2681142333946539	0.1924669690570311	0.11127638517642328	0.12633192474985283	0.10984478260583258	0.15245854903463887	0.10718607369134359	0.29623460569948906
KEGG_LEUKOCYTE_TRANSENDOTHELIAL_MIGRATION	0.2271296254716967	0.15896978123032635	0.11366439119333112	0.22148548832930343	0.1684932690704849	0.1352693425616116	0.13620637441884598	0.14475646452589744	0.16290994983769977	0.1237653413217346	0.23214501627026643
KEGG_LIMONENE_AND_PINENE_DEGRADATION	0.29840340861251835	0.2956032670344415	0.30155608013183455	0.2772729424664406	0.29775902914719216	0.30964156251687375	0.19220791003256846	0.285905076624619	0.27537462113713257	0.3441197925036787	0.28089802527284835
KEGG_LINOLEIC_ACID_METABOLISM	-0.28534312003807255	-0.28030656296480805	-0.2703909445829694	-0.25129003872080335	-0.2548338426122675	-0.2608813075974627	-0.23347515067432933	-0.2754728610182024	-0.27515994379189923	-0.26283451550898584	-0.2633992454829267
KEGG_LONG_TERM_DEPRESSION	0.20596375666907574	0.2032820521961237	0.19562255364998543	0.17193495163609773	0.21728270242751008	0.12715728000433482	0.11196614435572558	0.22220960090594388	0.19227605806185755	0.11974234627931739	0.17893279352542701
KEGG_LONG_TERM_POTENTIATION	0.2769321200482422	0.2900785825133974	0.2371224045554627	0.23007683595022446	0.27580707160416174	0.20423260914163838	0.19829927618975854	0.32814214783973117	0.24337627343492965	0.1756973301572055	0.2593467740759412
KEGG_LYSINE_DEGRADATION	0.2796022568000967	0.3090728929037539	0.3078343287858864	0.2828144377778256	0.30373268500023104	0.31406815576551633	0.24436513574255794	0.295709976226451	0.2862509300511826	0.3559744347953753	0.28679698741644055
KEGG_LYSOSOME	0.3134517471546842	0.25174499875084816	0.21630739899288626	0.30008139039350124	0.2755066688332848	0.23425307928182404	0.2380190528939246	0.25007080805873855	0.24448430375904726	0.2556398803865804	0.34291818754288866
KEGG_MAPK_SIGNALING_PATHWAY	0.163246644943898	0.14681717436743214	0.11753935285983576	0.15102489846407732	0.15397614844891233	0.13897724386417515	0.09929346539914749	0.1626705760263021	0.14824547400333468	0.10532152483112601	0.1635267937803066
KEGG_MATURITY_ONSET_DIABETES_OF_THE_YOUNG	-0.32270046956408294	-0.3098585200714865	-0.2693346129557925	-0.30885763410736145	-0.29820895811427545	-0.2529369998344115	-0.07494508802271235	-0.28919451572489696	-0.2590967286224946	-0.2511710771435044	-0.3027474375450957
KEGG_MELANOGENESIS	0.12249700409536565	0.12315228520802105	0.1136511396173548	0.1123021694989021	0.1233161539073417	0.10951862859257147	0.11639551246129645	0.13000639458231092	0.09984581186390187	0.08974265047414297	0.11423883267764452
KEGG_MELANOMA	0.12021559055937267	0.11213949926423541	0.07789801386102448	0.14280493363761357	0.12722653824223845	0.1463919477906192	0.08924660898231906	0.12170676896675031	0.14104284239084028	0.08854267803003059	0.1518772538758711
KEGG_METABOLISM_OF_XENOBIOTICS_BY_CYTOCHROME_P450	-0.14271911905330237	-0.15913410668811478	-0.18025095821100703	-0.13507730867738205	-0.12062536771631849	-0.17623052468422	-0.08790697998317011	-0.15605918865420418	-0.17706238750395809	-0.18256317396702676	-0.14044840483262924
KEGG_MISMATCH_REPAIR	0.1966591432218564	0.18293538824890263	0.23706165172078508	0.2099033284137266	0.18319136109671785	0.29416197668159083	0.1834852469484111	0.2089288389790951	0.26296832589092306	0.29855003601701613	0.19739087326562982
KEGG_MTOR_SIGNALING_PATHWAY	0.25840398208366605	0.2474066259119327	0.232750919442322	0.25752106631641486	0.2429640412118301	0.2540501854766572	0.1930673885432099	0.2535929692873725	0.25554857456487223	0.2588540851914181	0.2695649022146851
KEGG_N_GLYCAN_BIOSYNTHESIS	0.30188384902047455	0.28521434835520787	0.23744498913566328	0.2949202571059876	0.2709164512627325	0.2567626896260975	0.26911054239902577	0.2722146677707522	0.28142151158260936	0.29201767792526845	0.31548154374963516
KEGG_NATURAL_KILLER_CELL_MEDIATED_CYTOTOXICITY	0.11942607639890018	0.04757792790375896	-7.271946254194207e-4	0.1114604981338111	0.06822418564610792	0.03770809580464469	0.09433272126468872	0.04263503439638135	0.06410263236734634	0.007921602721815212	0.12329290644125586
KEGG_NEUROACTIVE_LIGAND_RECEPTOR_INTERACTION	-0.1563461330374018	-0.1401057639488867	-0.14885778754461032	-0.17047035873719535	-0.15130805421652913	-0.22330478800381579	-0.04563253890081745	-0.11233207058103123	-0.17187341944069018	-0.2078338916871662	-0.1842452581596787
KEGG_NEUROTROPHIN_SIGNALING_PATHWAY	0.2690677307276091	0.24500966295693688	0.21843876870384862	0.24533790373159803	0.24022726062666527	0.2523242299004342	0.20167729728709716	0.25247232271290576	0.25076675900339296	0.23691719207684714	0.2774668040039543
KEGG_NICOTINATE_AND_NICOTINAMIDE_METABOLISM	0.08918542585543993	0.05020315185204243	0.047074728811892674	0.06623746276571332	0.07433646783910847	0.05192561211093463	-0.0236260894577543	0.036548594849931795	0.07123558148501306	0.03756133933979867	0.0991284450459633
KEGG_NITROGEN_METABOLISM	0.07707574466442008	0.13639099221201192	0.05586010607200081	0.09237025060148644	0.08214397685974878	0.09317398770649336	0.06790505796626772	0.06382779893522599	0.08884857567689346	0.05889643774797222	0.08979565932550596
KEGG_NOD_LIKE_RECEPTOR_SIGNALING_PATHWAY	0.14174422242813353	0.0879657390020816	0.07015996931734059	0.17971503410020936	0.10883707036657778	0.08699510808595451	0.12013683017191225	0.06863539068608247	0.10474845538863527	0.06562632539476841	0.1934635771986985
KEGG_NON_HOMOLOGOUS_END_JOINING	0.21935136534987595	0.22465288148899556	0.2361760863185516	0.2212078513921169	0.20402695401240287	0.2520076151040796	0.2436536871119889	0.22547102878080788	0.22972148808489737	0.25883709877982464	0.22949994988418093
KEGG_NON_SMALL_CELL_LUNG_CANCER	0.2396970551594128	0.23051317116870415	0.19775683244343453	0.22212481717018712	0.22713255528549237	0.24962695452696826	0.1714801800034949	0.24836495526987012	0.23983453774344068	0.22297105240717516	0.25346729556760744
KEGG_NOTCH_SIGNALING_PATHWAY	0.2653484041107529	0.2564110395019975	0.24760747704780378	0.22343297152619712	0.2664595982443337	0.32006087481996237	0.2312714613598001	0.266130514871873	0.2562465132435401	0.3196829902114505	0.26315618143493213
KEGG_NUCLEOTIDE_EXCISION_REPAIR	0.19234110807813273	0.18716183923229573	0.21811701696287936	0.19575916260442794	0.18731524696499904	0.2494254289094551	0.15893217725056966	0.18931172556732268	0.23288817442809237	0.263977172102832	0.1889812871925282
KEGG_O_GLYCAN_BIOSYNTHESIS	-0.0030228627303893795	0.0072577448279929685	2.1651024538476033e-4	0.04521391354327824	0.027626467579620916	-0.019644274996534396	-0.05692534918437052	-0.028610457997162723	0.001323949291947144	-0.04123770667853966	0.040765114946631174
KEGG_OLFACTORY_TRANSDUCTION	-0.40323301028806935	-0.42669466475853307	-0.4256273083390182	-0.4358200400892672	-0.42802486497344966	-0.4640458531368242	-0.13649090272350553	-0.4116125748137347	-0.45340003601004847	-0.47641691538411074	-0.455059656445595
KEGG_ONE_CARBON_POOL_BY_FOLATE	0.2327525350032305	0.2331688921650429	0.20916672713830634	0.1826448452479595	0.21731616527709363	0.20549742520726547	0.1798477231209528	0.20122956069579662	0.25640719386339333	0.2995200409744293	0.23623075448960865
KEGG_OOCYTE_MEIOSIS	0.20318841305076468	0.1990874421197589	0.19292597749685395	0.185318334401472	0.1997536712586243	0.24082088786438566	0.1472231373789323	0.21711491565170393	0.19970341914190623	0.18893505402151373	0.19886405934016474
KEGG_OTHER_GLYCAN_DEGRADATION	0.283034911542234	0.23047007388343432	0.22094233317677225	0.30287711526737987	0.2734526617604672	0.1901599416572842	0.2535263220843348	0.21372907810682248	0.2220892424803429	0.2629954919768929	0.35709147987163387
KEGG_OXIDATIVE_PHOSPHORYLATION	0.24927419259901945	0.2421124432817033	0.21249998459902722	0.2487155468709233	0.20632590508915763	0.2134112849778802	0.20304374278396667	0.2697002501511636	0.24853552773143386	0.2575756366001793	0.23281201854691921
KEGG_P53_SIGNALING_PATHWAY	0.13469995054513378	0.10787851196128677	0.10431747103966471	0.1520252890690563	0.1462967760658916	0.20647923746175767	0.09785998211106525	0.09945761511474731	0.18274530379042392	0.14895936087566125	0.19492099583451095
KEGG_PANCREATIC_CANCER	0.26085911599502665	0.2455948018934624	0.20945367210887342	0.2675544447400493	0.2473013274916134	0.2835102191857577	0.20865553900344538	0.241547970286574	0.26579053417528925	0.2506517953052212	0.28244086384384437
KEGG_PANTOTHENATE_AND_COA_BIOSYNTHESIS	0.0778071494855982	0.0581779350624106	-0.006103484362470991	0.08338138633149925	0.03603799860239506	-0.03184408481753124	0.029220754261339524	0.019281052932457375	0.05294782936329093	0.01852305042073381	0.09702305762539336
KEGG_PARKINSONS_DISEASE	0.28196544382179334	0.28277984867949	0.25749169484555756	0.28122271410597405	0.24130668714457768	0.2577767314570451	0.24455867742682405	0.29914531663077526	0.2853295927108571	0.287937687980623	0.26042616470825253
KEGG_PATHOGENIC_ESCHERICHIA_COLI_INFECTION	0.3568159401686551	0.28855720112404953	0.2603067739490763	0.3560546503689467	0.2881440819980808	0.29086223826092544	0.3164569515161555	0.30350825930961073	0.30896147804496366	0.2654516842360093	0.3479471401216871
KEGG_PATHWAYS_IN_CANCER	0.19686961490612706	0.18002104341287445	0.16493661031867743	0.20181187992967073	0.1852143609087443	0.1956981036802646	0.16765312886931868	0.1697610852934671	0.18622417416005552	0.17222112947064863	0.208769362841207
KEGG_PENTOSE_AND_GLUCURONATE_INTERCONVERSIONS	-0.13396462172760776	-0.1379965216046213	-0.15562668851638134	-0.16163481828669363	-0.13988980707657653	-0.17110098767736556	0.032682405778227765	-0.14547506190254078	-0.14923442515748883	-0.10151128188521182	-0.1220944853771347
KEGG_PENTOSE_PHOSPHATE_PATHWAY	0.21938852184992755	0.1785933686157909	0.19864824469733616	0.18430537798777408	0.19700169775600238	0.22944040731574025	0.15589630843635222	0.19924433312795184	0.21999105549049727	0.26297465347692944	0.2435963832939134
KEGG_PEROXISOME	0.14754020645286095	0.17085775446402518	0.1465768208299552	0.138418874439151	0.1667559386420889	0.14990750035404293	0.0806475385636458	0.149198348374066	0.1360562624112045	0.198277002687267	0.16652000203138684
KEGG_PHENYLALANINE_METABOLISM	-0.023709433271171365	-0.05217396785712927	-0.06989768576835483	0.008560778981035133	-0.042515392203986674	-0.09231551987845014	-0.060291746868078484	-0.06606004125067537	-0.04391450171306961	-0.03198965863744326	0.004755297169957898
KEGG_PHOSPHATIDYLINOSITOL_SIGNALING_SYSTEM	0.26880622850400404	0.26827428455820596	0.23100106743966198	0.2508010873610246	0.2573987913106628	0.2106301110091778	0.17176779388386573	0.2738542798267475	0.229641808871146	0.1937623389430134	0.24723530334745847
KEGG_PORPHYRIN_AND_CHLOROPHYLL_METABOLISM	0.013639557406242089	-0.03740538295358587	-0.05691916200203466	-0.023036917679736025	-0.024332305128927652	-0.033223738618623766	0.042636791514818674	-0.037232764147626066	-0.028066129688715854	-0.012260645472263462	0.01231829498411473
KEGG_PPAR_SIGNALING_PATHWAY	0.13667359074646954	0.11537890977958766	0.10032078069272525	0.11543363653876183	0.1191911099254752	0.06973406105986465	0.0570666540708185	0.08473265670223497	0.07115993047112097	0.08327371405091011	0.13423718622010955
KEGG_PRIMARY_BILE_ACID_BIOSYNTHESIS	-0.03171642862304514	0.001328419698911916	-0.0021696999176620347	0.00786410202878735	5.75327273794637e-4	-0.11018949338607831	-0.017766218118678682	-0.05470967761201707	-0.07004797656604753	-0.021266085834328995	-0.03215478635232118
KEGG_PRIMARY_IMMUNODEFICIENCY	-0.0031084236083294635	-0.08217130757314495	-0.13537743701828647	0.009017116943933147	-0.03221445375523408	-0.06674665659949588	0.01872674140555967	-0.10398668150416229	-0.10650933912706027	-0.0707630876412725	0.05731405076153796
KEGG_PRION_DISEASES	0.2827531231359643	0.2296886712196576	0.1899044221620874	0.2858655868658876	0.24290156435988144	0.22684216051033013	0.20006781043397148	0.2583817577347399	0.24705387409389387	0.22529681901702622	0.29561856629178584
KEGG_PROGESTERONE_MEDIATED_OOCYTE_MATURATION	0.19390691220966152	0.17512605429773198	0.18089944866967145	0.17532989480156194	0.18879896133159668	0.22364871782733603	0.12121158981318705	0.190201644593295	0.17895202425826093	0.17343553336035755	0.1802194360080498
KEGG_PROPANOATE_METABOLISM	0.29414766584707486	0.3212697033104057	0.3201065263029095	0.3037159618264634	0.3158460060672976	0.28455456177568617	0.25249368771903313	0.3045602186946727	0.26400038883240373	0.35518813698570567	0.29972199532743937
KEGG_PROSTATE_CANCER	0.24666391778863944	0.23747241058864516	0.22872829264259895	0.25710514660831135	0.24310965646117128	0.27856991390627367	0.20353388692716695	0.22822554119035424	0.24503784308990625	0.23832266998135998	0.27116432530533324
KEGG_PROTEASOME	0.3314216383631186	0.29212987311819966	0.2737172797540071	0.2799245079518092	0.2858903499252953	0.37376802742146104	0.24947985665626693	0.29407115512096976	0.3349152446838242	0.35018441568740527	0.35001171673517273
KEGG_PROTEIN_EXPORT	0.30636355646342656	0.3115304649914076	0.2923888166989541	0.3336603484045241	0.31005712204608926	0.3166405478274505	0.31336808455295867	0.3039539963930494	0.34600664350763644	0.3338677293871158	0.32061194663469866
KEGG_PROXIMAL_TUBULE_BICARBONATE_RECLAMATION	0.25244492755828873	0.26504613664597976	0.23361682423000898	0.20682190523571953	0.24045814228679813	0.1697473404840058	0.17727989456183257	0.2591936410532701	0.2116138461705629	0.20135405550652763	0.1983676939828782
KEGG_PURINE_METABOLISM	0.13224864218556012	0.12928576159449498	0.12558934953263648	0.10874918192088807	0.13641004355961497	0.1302573206951106	0.09682223267639174	0.13926420922401025	0.14562516055872404	0.1588905369770606	0.126270963739271
KEGG_PYRIMIDINE_METABOLISM	0.14268098268788493	0.11701268696409739	0.1320170975506704	0.11823264545062942	0.12655547133497416	0.1726325294139759	0.06883730256483744	0.12166997041565697	0.1675985076909488	0.2009320602208699	0.14663939132703377
KEGG_PYRUVATE_METABOLISM	0.2109451547415455	0.2251153881909012	0.23175259169667822	0.20279754274134507	0.22405140475103147	0.20860648991146916	0.17086968807507555	0.23834355451510203	0.20533059972788675	0.2574342852836901	0.21369748625284796
KEGG_REGULATION_OF_ACTIN_CYTOSKELETON	0.24479647957136888	0.20218746829814924	0.1873535051482706	0.23250218427275537	0.22481426899734847	0.21808696562555296	0.1815848941882527	0.20393276038622465	0.22066285774378505	0.17992610358906558	0.25001703576375267
KEGG_REGULATION_OF_AUTOPHAGY	0.010250474905320689	0.009525587271979122	-0.015962383696537755	-0.0037764785110213457	-0.004619742348241723	-0.01993398392982454	0.12705452191643826	0.01947065536690267	-0.017649114210469576	-0.02744236042568331	-0.0017854875585454357
KEGG_RENAL_CELL_CARCINOMA	0.2972770766433441	0.2757482016659275	0.2308916051602638	0.2968616335486961	0.28245156392685006	0.30918295277924	0.265263512159557	0.28147663221666663	0.3120464316235507	0.2641336995773336	0.308608623834763
KEGG_RENIN_ANGIOTENSIN_SYSTEM	0.04353765520271576	-0.04487335629759526	-0.04034809594885814	0.051820776121922194	-0.013032629662258145	-7.304453462397788e-4	0.044762187877956675	-0.03716493678913686	0.0096942061369827	0.03509975479989194	0.118198060974814
KEGG_RETINOL_METABOLISM	-0.2713030776672073	-0.25498487456462204	-0.27109427703132716	-0.22586201375062118	-0.23202436212575944	-0.2654637657354197	-0.17028212062766396	-0.28260745283753935	-0.26592583929457125	-0.24410869731337845	-0.24092341131958936
KEGG_RIBOFLAVIN_METABOLISM	0.07776379247661894	0.0650027218393623	0.08793512562908247	0.03416048213203834	0.07448336023489689	0.0743523453317545	0.007202103751680137	0.10360164410043882	0.09086257751990036	0.07508720298111815	0.08856907345709746
KEGG_RIBOSOME	0.49613610410984316	0.4934118450197898	0.4474419255078238	0.48296296922013254	0.4942365502234324	0.4969535263335286	0.4887874750859419	0.501451147794718	0.5006916082589788	0.5235830846158893	0.48275315593197293
KEGG_RIG_I_LIKE_RECEPTOR_SIGNALING_PATHWAY	0.02936843357323096	-0.01238280464393635	-0.024328853173475645	0.020468921441439164	-0.010423359593036615	0.030169655780109127	0.0577008786033835	-0.0041351722945995656	-0.00353988247295706	0.004597033946752133	0.0383186811586368
KEGG_RNA_DEGRADATION	0.2264228348195802	0.24494440071910192	0.249651323069128	0.23468203108700242	0.22465522463282075	0.2771048656498882	0.22585177971190862	0.2431302687873242	0.2624338446560066	0.28411354822398555	0.23061577086219015
KEGG_RNA_POLYMERASE	0.21166009379277095	0.2099651841732945	0.22073249792754124	0.16869862861399174	0.20379331166401796	0.2521408652086179	0.1637593616710389	0.21701452125340634	0.2582046292016406	0.29922033639586665	0.18906576552240156
KEGG_SELENOAMINO_ACID_METABOLISM	0.16622039967272223	0.18124697626054964	0.15687075183658838	0.14468448600466785	0.16817457954725828	0.1682864252494136	0.12165460627499962	0.18208064120669895	0.17392115520805823	0.22284568300992905	0.1650675332881173
KEGG_SMALL_CELL_LUNG_CANCER	0.24542140757400238	0.21200238550076939	0.21170861538550578	0.2527443306479633	0.23131364073932334	0.2676722875828645	0.22928110692474613	0.2016385772732227	0.25655544375912526	0.2265166932401766	0.262582461199236
KEGG_SNARE_INTERACTIONS_IN_VESICULAR_TRANSPORT	0.1001733455496205	0.11220366214259116	0.06903176079844456	0.0955764844270152	0.07014849647825165	0.10416609181661643	0.031944012782619866	0.13517385128088774	0.10334260591778598	0.09865871821422792	0.12965036591050624
KEGG_SPHINGOLIPID_METABOLISM	0.12368830683034455	0.12296913718659819	0.10471650969958157	0.12420035625019628	0.1136266077475508	0.09709440083381835	0.08679959012817436	0.09593419072932373	0.1010261251959038	0.08162867971150974	0.12332004551054034
KEGG_SPLICEOSOME	0.32563908575489237	0.31716697788813575	0.328183915358451	0.30799117847873053	0.31881443015708744	0.38339527342199037	0.3149866540555143	0.32587628784650263	0.3610369413770792	0.3821668529568071	0.31457413721031213
KEGG_STARCH_AND_SUCROSE_METABOLISM	0.02001082649505298	-0.007096185879930688	-0.04485184337461484	-0.0023668196802745928	-0.0043416286611519484	-0.0332568162531808	0.09340762865022632	-0.013872185712979315	0.018609785119876675	-0.009176855051853538	0.045838127460385576
KEGG_STEROID_BIOSYNTHESIS	0.23123733219394632	0.22155232515178255	0.25321093262881045	0.22096809146451968	0.27352035540231384	0.2671357890629726	0.16402375818978404	0.25443018161525593	0.17927935619348673	0.20728301794032092	0.16773431188724963
KEGG_STEROID_HORMONE_BIOSYNTHESIS	-0.23147427245920427	-0.2272058113924498	-0.22576750736014461	-0.2304435959431162	-0.21743709940722708	-0.2739515519725295	-0.03930530962133869	-0.24313060473669101	-0.2323338990763301	-0.25438993271994376	-0.22508985992071756
KEGG_SULFUR_METABOLISM	0.0822320188173712	0.07598098692546543	0.05934122090914165	0.05134191972739691	0.06397674789761248	0.0665219919826289	0.062346541749560745	0.05761732034875968	0.08911324870902071	0.05240071651200504	0.10080958132015956
KEGG_SYSTEMIC_LUPUS_ERYTHEMATOSUS	0.22579852300290595	0.08065597514642614	0.014755430036121318	0.23566603294309574	0.15576168763308712	0.05710283000163167	0.10718229322633736	0.0888227740214837	0.10502001512959411	0.06477733489607714	0.244718659392824
KEGG_T_CELL_RECEPTOR_SIGNALING_PATHWAY	0.16634959474731636	0.1333914556548748	0.0919310700881338	0.1753271375402823	0.14302569002232093	0.15139044664704707	0.13009813192983416	0.1397534264890515	0.1356367666278284	0.11425374414935728	0.19477213320454914
KEGG_TASTE_TRANSDUCTION	-0.07445516639565061	-0.0400974099848269	-0.08304367718812847	-0.10237042283943812	-0.0793225872900883	-0.153088343536785	-0.038545547327264104	-0.06314000558964562	-0.09908629579997831	-0.15976672547721701	-0.10576801818814859
KEGG_TAURINE_AND_HYPOTAURINE_METABOLISM	0.0416860516994009	0.07111342045465781	-0.037531242261924565	-0.02006248095539255	0.07897394934901147	0.048345376983992584	-0.04943487514176831	0.09247547932910527	0.030201190132972195	-0.03869773966332719	-0.009696037842771758
KEGG_TERPENOID_BACKBONE_BIOSYNTHESIS	0.14486892695042042	0.1414502356066587	0.17263945308486123	0.12096007844787494	0.18309020054654412	0.1978373955872453	0.02469492537079271	0.17315191905847593	0.14090760382226447	0.18724582366588188	0.0923432241014923
KEGG_TGF_BETA_SIGNALING_PATHWAY	0.19944234781407016	0.19613253915607018	0.18212051688737785	0.19682436616680987	0.2061813855209852	0.18605596166247695	0.19802940172889197	0.15502841878020143	0.2000483183521485	0.18517586902699926	0.18934760403519396
KEGG_THYROID_CANCER	0.25873298242724524	0.23331296453521216	0.23541325864425344	0.2692410027028031	0.23334531235903797	0.2311259049619262	0.24144314301139513	0.21720673398085616	0.22666215080313823	0.2148727970606636	0.21876833314825106
KEGG_TIGHT_JUNCTION	0.2160391934433536	0.2110685784870493	0.18923142935657442	0.21026204211243757	0.20077100161186262	0.17251664721621016	0.1928178667196819	0.20468801242864237	0.20467388619507088	0.17228912870796467	0.19275691886495033
KEGG_TOLL_LIKE_RECEPTOR_SIGNALING_PATHWAY	0.12861222758361784	0.04855049969625015	0.010158454457770904	0.14144579008011582	0.08184095827422154	0.06310756208809984	0.10623141578756594	0.04947888460545136	0.05582890850513303	0.03570568395824726	0.1597457540679173
KEGG_TRYPTOPHAN_METABOLISM	0.05705045474205941	0.05575126788696552	0.04265927709315732	0.07910470894789647	0.06299217854178232	0.006559706809945151	-0.014995540291794509	0.03084186121498455	0.03528285873188681	0.06899781321767647	0.06995732558049163
KEGG_TYPE_I_DIABETES_MELLITUS	0.129021047810905	0.03156973943959805	-0.04022206917682499	0.13988617831722783	0.11942677529309813	0.05355612051178518	0.0345863179666667	0.03310427391456467	0.053366559783086215	-8.607128098132674e-4	0.1553063763733447
KEGG_TYPE_II_DIABETES_MELLITUS	0.18025292546299626	0.1516324191135586	0.14607616162548373	0.15143445344889223	0.162149709685783	0.09829154192445812	0.16104431923092616	0.1913240814535502	0.14919976997697973	0.09393233532548793	0.1447141929291997
KEGG_TYROSINE_METABOLISM	-0.06953385703904748	-0.07993717455266425	-0.07757063915138335	-0.02188644110397469	-0.07267871758655921	-0.11176321612528754	-0.06885397761561507	-0.08025494121337282	-0.06875299705342226	-0.07017823370351287	-0.056967550813358456
KEGG_UBIQUITIN_MEDIATED_PROTEOLYSIS	0.26760302706801103	0.2685192007186247	0.27032935254708634	0.2682936643330522	0.2662671844699978	0.3021297724711159	0.23863026464603623	0.2776686488386734	0.2926562748842065	0.28308654491791174	0.2688273112799726
KEGG_VALINE_LEUCINE_AND_ISOLEUCINE_BIOSYNTHESIS	0.256155752491989	0.2620898099561027	0.24839698170399682	0.2626720499046712	0.2441544652200282	0.2145750324716864	0.24062234010828876	0.2237512787134176	0.27750476051525624	0.30903688206714885	0.288717103046854
KEGG_VALINE_LEUCINE_AND_ISOLEUCINE_DEGRADATION	0.28014644501839553	0.3023588471906209	0.2840401498497936	0.2750096195623333	0.2859397006430254	0.2591252210270798	0.18492024760118567	0.27367503465540227	0.2691559910892297	0.33329633079370863	0.2789114526565213
KEGG_VASCULAR_SMOOTH_MUSCLE_CONTRACTION	0.17398111353905657	0.14468009869412282	0.138074693938859	0.14701328310737447	0.1698367951614447	0.09732844704184851	0.09806230159884065	0.14939865603981897	0.14610125973055177	0.09845536100243442	0.16093073207737035
KEGG_VASOPRESSIN_REGULATED_WATER_REABSORPTION	0.26751733390116283	0.26389430767044214	0.25036286121699475	0.25206535384150786	0.2635885603503599	0.26964010306832153	0.24490806107504084	0.27813338631352946	0.2542316117271179	0.25030602555168086	0.2676328142051928
KEGG_VEGF_SIGNALING_PATHWAY	0.1738855909263995	0.12975498343781008	0.11580499725200227	0.16847582703887284	0.14000372064882777	0.14663734841365725	0.10406400627165213	0.14009021411543157	0.15051411350123065	0.12306586154423677	0.18561459585114407
KEGG_VIBRIO_CHOLERAE_INFECTION	0.27143801272403717	0.23295255344552113	0.20475997230241855	0.24863241702966113	0.23793647236230733	0.21896999700479505	0.19893121849531414	0.266247233994502	0.24943358263675997	0.21476533186887592	0.27735176094894615
KEGG_VIRAL_MYOCARDITIS	0.23561514220571708	0.13978378389334437	0.1323723377519561	0.24084220625795183	0.21414656148393896	0.149194585541046	0.2123064728803508	0.12675436382968527	0.18487162239013877	0.15185954661615036	0.25150582053717757
KEGG_WNT_SIGNALING_PATHWAY	0.18425382374997204	0.18428671601068028	0.17969520008191797	0.17173285533177066	0.18373832024412415	0.17218430055719375	0.15871537804495592	0.1832141593616517	0.1591249208273124	0.16298120749464798	0.1742802636606147
