pathway_description	BS_EVCAC3NH	BS_74G5K7JF	BS_C05FKR8X	BS_FTKPQ5FZ	BS_G23JJAZY	BS_CZ3NA7KV	BS_CZ3ER8DY	BS_EK5PCKY0	BS_7G42J2SK	BS_4NWHYH53	BS_W80TJC27	BS_XF0ZX2B3	BS_KBT7MQ6H	BS_MT15SGJN	BS_H4NXBD2D	BS_QXKRN6CR	BS_NGHK9RZP	BS_N5DVEJXT
KEGG_ABC_TRANSPORTERS	-0.012460476671152687	-0.024511012787810215	-0.014105897808913923	-0.007075356320595303	-0.029995434403578772	-9.170171832189387e-4	-0.012193824261645106	-8.771877725075919e-4	-0.006123509465078356	-0.016122496282429778	-0.009417092177662708	-0.011626975605303328	-0.01202828728373759	-9.886292541671465e-4	-8.523106032126854e-4	-0.015167691152826528	-0.00843319240496597	-0.011445517356728448
KEGG_ACUTE_MYELOID_LEUKEMIA	0.23153831102085456	0.21198181639072305	0.24965060647057732	0.23463484885227065	0.22467215704276022	0.20157454894126228	0.21932413618175145	0.1978938840183084	0.22965386263405008	0.22857927427758043	0.2139422421277573	0.2237014672260471	0.2640996072193562	0.2190871081838438	0.21625080741340927	0.2147889315672395	0.2523418903963468	0.23927837697428164
KEGG_ADHERENS_JUNCTION	0.30517681006914016	0.26157914563760143	0.2803727600795769	0.2641858277270953	0.25937371637478074	0.2709347926135948	0.2678277314613004	0.2634671636278443	0.2714929656093479	0.2883687438355427	0.2566229996546943	0.2860718803451521	0.2906216676381163	0.2596804892890081	0.2669524488393867	0.24155235611077275	0.24115510136364313	0.2616121317381989
KEGG_ADIPOCYTOKINE_SIGNALING_PATHWAY	0.12006936776390946	0.120147919697917	0.12377187247036153	0.12105341438801416	0.11352250266242483	0.13442849033302093	0.12449810702645042	0.12361344939240869	0.10250756489407642	0.15772096241484385	0.13345206309480087	0.15155681421684125	0.1512226149553634	0.12765087357045946	0.11783534760202007	0.11939596348953083	0.14648470128947488	0.10427922723863552
KEGG_ALANINE_ASPARTATE_AND_GLUTAMATE_METABOLISM	0.11429498498488612	0.08621913041718858	0.07047999891034055	0.04468561385624845	0.11598919788413851	0.06545681564175476	0.09325293099323734	0.08206699960154733	0.08171297634608168	0.04345427707219931	0.07235853307703724	0.0960605137728946	0.06738065866572876	0.07973431453501169	0.07191104616766186	0.06406613143869609	0.06874549354583487	0.067567499734176
KEGG_ALDOSTERONE_REGULATED_SODIUM_REABSORPTION	0.10485056968707518	0.03408549829190823	0.058987567116727015	0.07915433409941278	0.04324203527502695	0.05400133925555613	0.04576868455334997	0.046251979374735956	0.022839352989979984	0.07336894706122922	0.00811233382151325	0.05718657797042134	0.0725485077607267	0.07684851850699553	0.01925000296136146	0.04298688853696672	0.08561340766890323	0.04738400098923928
KEGG_ALLOGRAFT_REJECTION	-0.06448835983673769	0.05025158850623262	-0.0036935226867204924	0.007042872287219254	-0.07681245813498533	0.11561365780286922	0.0683113313800876	0.0393623836515093	-0.0038400353262114744	0.13850557484205278	0.14075316665529064	0.16172904441277544	0.06856885326501941	0.14125801571831895	-0.06167859766458935	-0.015937739885571105	0.09477323591727002	-0.005040807844174589
KEGG_ALPHA_LINOLENIC_ACID_METABOLISM	-0.10803082637638053	-0.09733066219771032	-0.08690869043914985	-0.09975512144438113	-0.09419476776790407	-0.09501212702032166	-0.10139886834743153	-0.09399653753363582	-0.12272477778584923	-0.1072035700420922	-0.08988168396021265	-0.058305822772540004	-0.11063303261886152	-0.08391365408838819	-0.10445262517451512	-0.08178224738383086	-0.10175301149880348	-0.08134616460004628
KEGG_ALZHEIMERS_DISEASE	0.3036160697719241	0.3119971197211598	0.2661690343531261	0.31076556835938257	0.3018976702258554	0.3135408015329972	0.30032273624998423	0.30279488657919457	0.2996116684827017	0.3097348130935907	0.30191768656029244	0.3055189087403642	0.2850692806150793	0.319203598907521	0.29022249265078937	0.31427252917758075	0.300046632932762	0.2838110521481961
KEGG_AMINO_SUGAR_AND_NUCLEOTIDE_SUGAR_METABOLISM	0.1592175696998216	0.17096333657353957	0.14191850872406497	0.1470913301381277	0.15801299537270602	0.16452232476109646	0.14040006736710953	0.11929167717211836	0.124337893974928	0.15367487265276297	0.15323447547308097	0.17168253426621496	0.14992516981157566	0.15234758374434684	0.1627700632815697	0.1429717177719192	0.16803164443889185	0.1103859345665655
KEGG_AMINOACYL_TRNA_BIOSYNTHESIS	0.10247655203272416	0.10903039803768337	0.10622457478287639	0.15663791006005554	0.14046948262091932	0.15927681894530274	0.08972162711818665	0.12930558006238857	0.10734322213880242	0.09921719809831968	0.11790440530779116	0.04771487268810124	0.07395300289370348	0.1256267579653433	0.12721611520584608	0.13135146717266954	0.06701479149576177	0.09431082114562452
KEGG_AMYOTROPHIC_LATERAL_SCLEROSIS_ALS	0.18773261448073583	0.13193882032899323	0.14386944347290603	0.12780937551679533	0.11940468758201916	0.1398446936388709	0.1278262783308562	0.12839881122647204	0.11298175235142412	0.11594107622142004	0.13997896756795464	0.15753976220432064	0.11411496638805835	0.13522949841021092	0.11085588522083585	0.13169093265572698	0.13302038254296594	0.11858795029227641
KEGG_ANTIGEN_PROCESSING_AND_PRESENTATION	0.10961782037754189	0.15881913677212645	0.1254852207087566	0.13526484999690022	0.08751102356753543	0.19027510053313199	0.16396489382904447	0.14868745297754576	0.1273685745208954	0.1963032204191505	0.20104278404667525	0.22095033153166416	0.16612041500903488	0.19999390713476814	0.10979620320784002	0.11880894295095946	0.19758043745180126	0.12469486068980949
KEGG_APOPTOSIS	0.11359394639899179	0.14358948406631453	0.11976483034258222	0.12332480908880604	0.12506453157489805	0.13140931209820464	0.12030881974158923	0.10872704442626421	0.13121462002678536	0.13984651332862316	0.15000743116885837	0.16180502686094203	0.1435074405676617	0.13011069598317418	0.10352318994077138	0.11994114316668644	0.1445789954057893	0.10260593082073309
KEGG_ARACHIDONIC_ACID_METABOLISM	-0.12923037259440792	-0.09026106224113839	-0.10703902881490186	-0.12484676043473943	-0.12857937407532466	-0.10276974855640245	-0.10972372122147009	-0.113010548761515	-0.16160989650134527	-0.09824377115374804	-0.08871753598436942	-0.07157708066359278	-0.1119272891883221	-0.10229662029831962	-0.1291804127964708	-0.11905826832302317	-0.08747534422315145	-0.11614813757249333
KEGG_ARGININE_AND_PROLINE_METABOLISM	0.14898229447080116	0.15921220229056696	0.15315523809995935	0.14632402413756102	0.1576958423506325	0.17717192704363446	0.16002990482707313	0.15339166315956407	0.15542981454876764	0.15669414147215904	0.1704394650109179	0.17368991975886072	0.13395293578798073	0.15599058010491176	0.1379513778481191	0.1627252782650278	0.16781540352195376	0.12504864568161816
KEGG_ARRHYTHMOGENIC_RIGHT_VENTRICULAR_CARDIOMYOPATHY_ARVC	0.09928219647463483	0.06623293249622271	0.07674736737506267	0.08143965088621298	0.08095074383739641	0.09261986154612481	0.07126823950537328	0.0680052304729059	0.057448724992865914	0.06388756938670995	0.041925545140311944	0.08427635458205432	0.1022036543702635	0.05447842299418788	0.0704168108777515	0.047445490408803824	0.06562867815699036	0.08607453055436112
KEGG_ASCORBATE_AND_ALDARATE_METABOLISM	-0.17845749382469667	-0.17339268178555828	-0.1787335916147559	-0.1729574226804431	-0.17137972091874618	-0.18283397167750445	-0.18397866154950035	-0.1788084994471585	-0.17739715603991535	-0.18443516882886826	-0.18334524765214644	-0.18417522052991608	-0.18297090034697933	-0.19366802555019239	-0.18894358973379569	-0.180759268470966	-0.1907994433098049	-0.19139876957409716
KEGG_ASTHMA	-0.16465793651907906	-0.053359911715098275	-0.12127856441735022	-0.0970678094616265	-0.20253959467487404	0.033426113776873524	-0.019749708293788523	-0.05916344720760306	-0.1183358316520649	0.06854798180815137	0.07019656277151297	0.09240730576214018	-0.028605002518448792	0.06992880642135953	-0.19236805047263944	-0.11461124269268715	0.016444082066303947	-0.0907968541401137
KEGG_AUTOIMMUNE_THYROID_DISEASE	-0.16519845448376744	-0.0721263367289751	-0.10019644626551281	-0.09477130935163398	-0.1689122396069077	-0.011118191577862615	-0.045060302512916706	-0.0643422209239843	-0.0950113036928935	0.011226434754060686	0.013030160116178881	0.03468446448855877	-0.046504176416727015	0.013911320740819123	-0.15125110519407747	-0.10653830259306252	-0.018073975630748387	-0.10093727142439533
KEGG_AXON_GUIDANCE	0.2039185877738248	0.18085391018863733	0.1979603462090983	0.18860875567746072	0.1910609300640844	0.16036413494136967	0.17708462311927295	0.14111224909494857	0.19265599618058663	0.17478153910328728	0.14567041798815736	0.15711811826038952	0.20011485470072438	0.19470162853184209	0.16642251847009934	0.16249827816428467	0.16821724530088938	0.19248126974160149
KEGG_B_CELL_RECEPTOR_SIGNALING_PATHWAY	0.15109776057318305	0.1714367287931726	0.16030884925613562	0.1420100166163841	0.17352828805840156	0.15652917642676772	0.17196685022524566	0.15052985777304892	0.16136901349721447	0.19543752716589013	0.16835529905040036	0.19872902696649972	0.18000952658849365	0.17354284213801546	0.15792325961748702	0.13948943473793574	0.16587744530565623	0.14439308436451648
KEGG_BASAL_CELL_CARCINOMA	0.13045097645310083	0.1312665380449877	0.10529043368877858	0.0915347762058897	0.055810675969826765	0.04445781867974494	0.038398723401416195	0.05826208820221787	0.08696751112671912	0.07249490739752609	0.02155318062700322	0.0046481953489645594	0.11209757214184425	0.0617018852629913	0.04686345506544921	0.09139846028662038	0.04962972196854884	0.12948827787362088
KEGG_BASAL_TRANSCRIPTION_FACTORS	0.17525714725908878	0.19055215492640548	0.11986613900266119	0.20056658862700655	0.18782613227020922	0.1956378720041918	0.1813146497175601	0.17602491415107874	0.20397537406255467	0.1909663259129513	0.19396941191648362	0.1720617726650211	0.16933114989441186	0.1861472789534446	0.19446805136120718	0.19507382513662486	0.16281942982814948	0.15185093250004053
KEGG_BASE_EXCISION_REPAIR	0.193324766048264	0.23377986723322317	0.24719275280048023	0.2002319410032432	0.20765064167297437	0.18582495450424294	0.17290753817915885	0.16922716691241588	0.20127637548143326	0.14630846787988738	0.19152324597693718	0.15845553702700887	0.1675924834908962	0.15738426205439984	0.2052696121950075	0.1954123560915702	0.17882981691435834	0.2388645410126649
KEGG_BETA_ALANINE_METABOLISM	0.15488703811883264	0.11464994836803048	0.119226719955811	0.1226406049178893	0.17392012719494307	0.14297652209948572	0.13946244793382653	0.14094593358888033	0.14331390897771643	0.14576214946440208	0.14567374209953057	0.15333822074254896	0.11206196234876754	0.11553025604604443	0.1356853679442132	0.13550381988703883	0.1244004216268578	0.11616963739390902
KEGG_BIOSYNTHESIS_OF_UNSATURATED_FATTY_ACIDS	0.24803971107688494	0.21071695357652012	0.23143994065705426	0.17501911452576732	0.2641415904782658	0.2192434983433312	0.22583911554068895	0.23136057917440436	0.22244807920961296	0.20510123743672556	0.2514120153446132	0.22953396281308222	0.16003661042619255	0.20886699253017565	0.22692253696062778	0.19223765068151188	0.2121300499407734	0.2235632193994662
KEGG_BLADDER_CANCER	0.22022845504280777	0.2051253668091291	0.25351842975339756	0.2159952265913634	0.2343442406972224	0.21461373127852706	0.22566795803375958	0.1977431921025493	0.2082421482615226	0.21145757398906456	0.2222807470181932	0.22964300928308068	0.2372393000600545	0.21406125349709276	0.2263703479332544	0.19316330987618385	0.25796689522541344	0.2278475366884581
KEGG_BUTANOATE_METABOLISM	0.13660916318668065	0.12179576858574351	0.10276762226014106	0.10747717099695975	0.14449845857674648	0.10831449107763332	0.11888908472080527	0.114445771989296	0.13697493477981287	0.10830932752124349	0.12329616872935939	0.10718166960873676	0.07812336902621779	0.1175599770742969	0.11034366712166643	0.1137209014807019	0.10292036433345918	0.07433911434189988
KEGG_CALCIUM_SIGNALING_PATHWAY	-0.0016378964349182921	-0.03905470023505153	-0.0020354091639359375	-0.006458079598885556	-0.011523885128010293	-0.021126684242136918	-0.021128793345192784	-0.021028263766762017	-0.028901771088844334	-0.021068854343681425	-0.024863973362827436	-0.011734875446925188	-0.01260081069733826	-0.011755409217948574	-0.037537898410967566	-0.0019962681637459255	-0.016258793708807305	-0.01918896819153967
KEGG_CARDIAC_MUSCLE_CONTRACTION	0.1882595716359805	0.16733262542226188	0.14321595127723444	0.16496446402121753	0.1593741791737573	0.1620327871254314	0.15320097442525568	0.15264233730911303	0.13510835177503702	0.148356751080898	0.14265299177179475	0.1618116298622248	0.14607519107211242	0.150222898947382	0.1425616190649801	0.14571757607932764	0.15098709565722657	0.15216973009255688
KEGG_CELL_ADHESION_MOLECULES_CAMS	0.06556865426323209	0.06347876414753768	0.08038953852533065	0.06036518390975201	0.038828995047747235	0.10547726123481131	0.10078638085579808	0.09078236723363232	0.051767643297534756	0.12092749090396561	0.11013297202172365	0.1609867561593121	0.0756854600677531	0.11418908993300166	0.042383476757653145	0.04392880491468153	0.06660498379096917	0.06348019340485542
KEGG_CELL_CYCLE	0.25868829537050353	0.23571510094491094	0.21461305904766548	0.25094522230403193	0.24837758992889142	0.1810124831863504	0.20897802014204298	0.2010305024345882	0.23402194462404116	0.1830439201918679	0.22083407317420173	0.20315534637662241	0.21254939063207148	0.21361956602596308	0.24597632261815705	0.20660394328522225	0.18894741854447394	0.23250119268774025
KEGG_CHEMOKINE_SIGNALING_PATHWAY	0.04902658266049283	0.0668472007481617	0.055656785999991784	0.04501407895270825	0.05279501953068167	0.06126660921899388	0.06345078832554195	0.04740275284394867	0.05488210045092367	0.08749606735104673	0.06573215757654395	0.10144444414217758	0.07577350006920684	0.06354491852135771	0.045351598092518125	0.042420576557623504	0.07797822202170351	0.03331394705431941
KEGG_CHRONIC_MYELOID_LEUKEMIA	0.26416445142742473	0.2752189758698799	0.2814350662534915	0.26130375979332127	0.2797949184075654	0.2596630368027039	0.2643191700265262	0.26204023071815546	0.28036235372186363	0.26999356360157784	0.26709070064487445	0.2949584979316225	0.28476754952987265	0.2649935779526858	0.26989512850845576	0.2487340571388845	0.2744269314365209	0.27128768786088187
KEGG_CIRCADIAN_RHYTHM_MAMMAL	0.22068957453210722	0.1905911733481423	0.23340429949155495	0.2001984474845361	0.1775554392823092	0.19421020829850189	0.21678034226110846	0.21467165027735613	0.18691780211867706	0.21126771746793976	0.13777179281618865	0.22380425560509393	0.25615105303829316	0.19056276424128596	0.20612311653291462	0.20211952795811156	0.23975075304547128	0.21058634214334995
KEGG_CITRATE_CYCLE_TCA_CYCLE	0.3246171005557364	0.2970381011972104	0.2549591057122695	0.32161047895474243	0.32653571275751747	0.3234596854544809	0.3126809749765964	0.3021943518974739	0.2914407730017444	0.29426963879539525	0.31923641291908395	0.3019284324626357	0.26546488127101414	0.3115285455592141	0.3111937760163127	0.3123109823861196	0.2977384116745314	0.2704030198744419
KEGG_COLORECTAL_CANCER	0.3195934630500845	0.30459038420637696	0.28536736091511483	0.2710380363579219	0.28298246098093116	0.27254669372051066	0.2671109328304111	0.2654963412251307	0.2878784040890923	0.2889584334813354	0.26816606875196003	0.2883835057205387	0.3079652215972797	0.27608536635717024	0.28087935001729164	0.2627761887135272	0.2751603403971116	0.2848284818161177
KEGG_COMPLEMENT_AND_COAGULATION_CASCADES	-0.04492491109377026	0.02355929372878892	-0.04464117487600956	-0.052249645775253234	-0.1001194527768639	0.02360236277310598	0.031322474755013	-0.029450116300476278	-0.06425443628497003	-0.018034606449799876	0.03426583774524151	0.09117595335453119	-0.003666780990342957	0.0047355628904139115	-0.06670033545197593	-0.12043765831311017	0.03254492250329071	-0.0817229844206858
KEGG_CYSTEINE_AND_METHIONINE_METABOLISM	0.15701084738807422	0.16576488716431076	0.14674332641056514	0.15104056525587262	0.18083585425009635	0.15468614252689858	0.1616164482151893	0.15061555951183536	0.12766083822313337	0.13877666384632284	0.15904261642396775	0.16577701919522167	0.12985247258834776	0.14382734196239375	0.16333332075967358	0.14029068498733416	0.14271446635614707	0.12790363599944451
KEGG_CYTOKINE_CYTOKINE_RECEPTOR_INTERACTION	-0.14942463131837114	-0.11317138238647813	-0.14254322616780135	-0.14240567207814261	-0.16886045995003218	-0.13012815484379794	-0.13334384178738515	-0.1590218064297848	-0.15231557539681304	-0.10211409964528514	-0.11272726780469583	-0.08377583952033614	-0.11138148162090404	-0.11713998348406444	-0.17129892143801362	-0.1564241524493517	-0.09677765339544676	-0.16591651192384144
KEGG_CYTOSOLIC_DNA_SENSING_PATHWAY	-0.060380867807413495	-0.03654945856907777	-0.020135857886042094	-0.03863349647265435	-0.03308505039454406	-0.012807091853497887	-0.008890190687571497	-0.012465568421491461	-0.03570992804760865	0.008335197877653983	0.0140587206157045	0.020548580918877932	-0.03360075258087554	-0.005187248544238025	-0.024412593902818903	-0.0342985619114079	0.007371593142249983	-0.04014486045379104
KEGG_DILATED_CARDIOMYOPATHY	0.04757947697216017	0.02103793808814031	0.039303341198766883	0.02950999732730156	0.030255180355726004	0.03980884439196788	0.021588675403086576	0.018389385183097906	0.018073143640758415	0.013882259825285702	0.01733900663647016	0.05119130507937268	0.038195614315161094	0.008284651807826603	0.015026386787730769	0.002760364718281587	0.026792874834007836	0.034391251625101094
KEGG_DNA_REPLICATION	0.23251999681008353	0.1890076367362275	0.18735057309209124	0.25788369181854776	0.22047401438406997	0.1274645807155915	0.141015263504449	0.14991618296699522	0.20807050566293941	0.1109865191404994	0.17196323301576272	0.12725641157400444	0.14582898188625834	0.16063585506178174	0.19827999480571795	0.17803807351421191	0.13002542823264693	0.21168768707170293
KEGG_DORSO_VENTRAL_AXIS_FORMATION	0.17956397237328925	0.13298753805803534	0.1859538478424436	0.18469084112477702	0.169370697967602	0.17893180383553153	0.17425337348322245	0.19054204959588175	0.14970265010127876	0.1604266823355775	0.1523493183887517	0.1794017665561997	0.17102473894973297	0.15440578840794167	0.1667393799969647	0.12899108442085064	0.13781996626981982	0.15201189427005038
KEGG_DRUG_METABOLISM_CYTOCHROME_P450	-0.16155946473671273	-0.17068241010729157	-0.18754075822809368	-0.13447496442875476	-0.1884902011182593	-0.14012731321585462	-0.1719910255226602	-0.15891265679141736	-0.1931101519366277	-0.1344595765208561	-0.13778340886274693	-0.15869673837393802	-0.18744579181402762	-0.13698340369032508	-0.16556535478401355	-0.13521649429327331	-0.15801513893197439	-0.19678274187723874
KEGG_DRUG_METABOLISM_OTHER_ENZYMES	-0.14668801486601118	-0.13782392638821084	-0.12599452562826716	-0.13197446615604205	-0.14403772049352676	-0.1474128464683774	-0.15323441060493692	-0.1442686317982136	-0.1468763249878526	-0.1594503763388178	-0.13528852621837603	-0.1339712484424696	-0.13398018511947163	-0.14222654106838506	-0.14592541060411726	-0.16366331381380564	-0.10904767110450975	-0.11849682777966643
KEGG_ECM_RECEPTOR_INTERACTION	0.13844821582363775	0.09915514054791909	0.13887374523668716	0.13503791316110167	0.10952101775895057	0.10286062401832077	0.1283193807560319	0.09859589864951235	0.1109768358556885	0.09848631219591171	0.09559678965419664	0.13859054492273776	0.14645302443405875	0.10334805975585501	0.09058893176015217	0.04871882056559514	0.12521207096377276	0.1261685638673965
KEGG_ENDOCYTOSIS	0.21375853762228836	0.21511545662382425	0.2159141055911294	0.19529179370911068	0.20885462978171118	0.19709002445435947	0.21240834436740383	0.20293553660905023	0.20660276769487423	0.2002743704099964	0.20745269264805685	0.22679461196906486	0.2139832725463526	0.2005638790400763	0.20652379089138015	0.18372819965805265	0.20883003598011912	0.19917929843315266
KEGG_ENDOMETRIAL_CANCER	0.2968898006651114	0.2699867736640149	0.30002897327721073	0.2934560015378811	0.30277611591563597	0.2728270607243108	0.2715625037673361	0.2662603923727415	0.28422761367923227	0.3022438105670215	0.27158268670351837	0.2820056080018646	0.3204204045984073	0.2890844045569443	0.2853872028816122	0.27979539993388614	0.27607074003129783	0.29548967557768985
KEGG_EPITHELIAL_CELL_SIGNALING_IN_HELICOBACTER_PYLORI_INFECTION	0.2250973636786965	0.2176844195068161	0.22791914669218355	0.23675056536162314	0.23838401378109708	0.24509486218582446	0.2370345672467173	0.23344879753819703	0.22197753347152793	0.255880741203186	0.24045320536345888	0.26063094569252726	0.24162810530160542	0.25138860465367024	0.23717451383285945	0.23579221572158984	0.23461996612736927	0.2102057529799288
KEGG_ERBB_SIGNALING_PATHWAY	0.1983007246153024	0.19549763001470372	0.2070334521382119	0.2058786325428399	0.22182295525282783	0.18894355994281162	0.19644901692377825	0.19185031813099004	0.19928004332513177	0.21535540396122368	0.19604883126495032	0.21303865316088022	0.2241800371759417	0.20359966371729948	0.2012271840105721	0.20516912790970837	0.20269911459243528	0.19617368456316225
KEGG_ETHER_LIPID_METABOLISM	0.007954028728681567	0.020183009136479677	0.016053226653966735	0.03034998822575476	0.014283118719534088	0.010248308188113654	0.023919158328518757	-0.0010846901204898142	-0.012110346798536533	0.023608913466032024	0.02635310208648414	0.052522467763500946	-0.010218895383818146	0.04513176639972189	0.007212076092775084	0.029906605065446998	0.012103207417744297	0.015098354509593194
KEGG_FATTY_ACID_METABOLISM	0.17361968521753457	0.1567034539556701	0.15593687560116107	0.18446690977183633	0.17804845212268838	0.1750002892124262	0.16809961607988572	0.17651391799387461	0.16161447587078623	0.1926707145302696	0.1903827045386701	0.18246526834527785	0.1577199685145305	0.18588748366769514	0.15459878924149992	0.19753602733649256	0.19048592181985924	0.1609017746094719
KEGG_FC_EPSILON_RI_SIGNALING_PATHWAY	0.09375523404716699	0.0905767228559647	0.09335375041624971	0.10461420882240195	0.08887553590669871	0.07419699783250884	0.09489456201100575	0.0789333901857605	0.08059678420693342	0.10729803110489752	0.08470980748257168	0.11834961108560363	0.10188164296873632	0.10172430830092383	0.08727943378027132	0.08298794978188719	0.10077263684748715	0.0777198208832128
KEGG_FC_GAMMA_R_MEDIATED_PHAGOCYTOSIS	0.20567602933291407	0.19556987090101222	0.21018197403552477	0.19779843646042322	0.18923830789610477	0.1875900454391078	0.20382878730309545	0.17989032907833358	0.19195180212406437	0.21597756183469125	0.20684133573581426	0.23603709084254695	0.21313121089398698	0.2093934250813947	0.18386800145544135	0.17413717335743173	0.22099161623759564	0.19262849063579596
KEGG_FOCAL_ADHESION	0.20350940337543436	0.20264938981348934	0.21072004199107713	0.2051221724597291	0.18283381878681249	0.19122934850261816	0.2026850129397623	0.1840427236906717	0.18980368966918268	0.1970704973534529	0.17656415460545194	0.21864810610294597	0.22514938558377245	0.19131360218605042	0.18108445564944683	0.15834312005425866	0.20046387510714578	0.18696887608663823
KEGG_FOLATE_BIOSYNTHESIS	-0.034882415512112554	0.040393009923009565	-0.02082264871093122	0.04886631193681856	0.04988442634364626	0.016792400825200213	-0.0019327414797722386	-0.002041439473075998	0.058380650286493835	9.79491582989097e-5	0.03707278925670437	0.024441118424689653	0.06075621707550176	-0.0032972328319607635	0.06230820587400785	0.043488233545484714	0.03469515980529618	0.034236956156824025
KEGG_FRUCTOSE_AND_MANNOSE_METABOLISM	0.13450515299178076	0.15376651437297204	0.20436774200966082	0.17687494043891114	0.1984566236992247	0.19516287968416482	0.2091498835270937	0.16316771553774523	0.1471054511854274	0.18965267859719584	0.20545568565167355	0.18844120452314034	0.2043659221902246	0.17630435512813594	0.21243557474680516	0.19612100183286404	0.2210418185044843	0.1934434989308701
KEGG_GALACTOSE_METABOLISM	0.12959784594668408	0.15496401645925206	0.13800875957784123	0.11010204663077126	0.12284847669453658	0.15781203940039484	0.13437772116083682	0.09836925921628126	0.11083407936364939	0.1289636495590236	0.12648210824656672	0.14630474194438828	0.12430239229688644	0.13047464571144787	0.14308683520580898	0.1154897683953982	0.14996852333498634	0.1089517134682147
KEGG_GAP_JUNCTION	0.16317938913423555	0.1281201324923408	0.15472138153825546	0.1529392630645983	0.13587357337802752	0.1342352046447955	0.14682477035573654	0.12043768657247293	0.15266280514764044	0.13086288943223853	0.13534643198742818	0.14760724407694545	0.1389462730012596	0.1462626149297164	0.1345408350427403	0.14416250756400892	0.11188838242435667	0.13412990048938825
KEGG_GLIOMA	0.24245985249641405	0.23445939351970396	0.22876565305017374	0.2267804098135678	0.2382465592890457	0.2122960062314424	0.22504441190111094	0.19518861476724383	0.226289500666656	0.21457113875152917	0.2226635500869488	0.22663666415669997	0.22505305548306817	0.22820073975196395	0.22708452494286266	0.2102637646451396	0.20688120998419943	0.2022714985643946
KEGG_GLUTATHIONE_METABOLISM	0.1735055085922511	0.18172359940574911	0.1604320930922214	0.16959629124461004	0.1607074034271101	0.18261596535043798	0.16365972054963204	0.14384362009154222	0.12911355065982882	0.1654696454453132	0.18439935933179308	0.18031377786773403	0.14322983521563037	0.15341250143781196	0.19018193382586604	0.1850086535062293	0.20190058144173137	0.15650594163503082
KEGG_GLYCEROLIPID_METABOLISM	0.06462907767756385	0.06403283935966943	0.08820847773176863	0.07701322068825313	0.09687895025636103	0.07068262471095162	0.08140257481576245	0.054961327161607045	0.06469404903551482	0.07975774043283328	0.07057123639953948	0.06893253745958836	0.054835143251037846	0.0787072428733874	0.06909472774873814	0.10449768582718405	0.09036548839439612	0.08561535816902181
KEGG_GLYCEROPHOSPHOLIPID_METABOLISM	0.061815013815191076	0.07070321194538366	0.0899899027961043	0.06720625887118921	0.08258504485817485	0.08397065555799715	0.06350840822023257	0.06436694604692153	0.0665893542501276	0.06800922347599692	0.07748922196427266	0.08625484558513014	0.060599089337709425	0.07881520624228566	0.0714205279783785	0.0836229613815045	0.07513787863586789	0.0896672278114412
KEGG_GLYCINE_SERINE_AND_THREONINE_METABOLISM	0.0943789288834147	0.06002363834198323	0.08480361681152973	0.03139819283384993	0.0461883271728956	0.07769845849410939	0.07199643542287354	0.0725083131328701	0.07454105136051005	0.036504496040912535	0.0877184150739037	0.08486701218219234	0.010046128724653675	0.053565724708776304	0.04225680503800592	0.060067279893145815	0.04797112138974774	0.023257498436220523
KEGG_GLYCOLYSIS_GLUCONEOGENESIS	0.15349470756823488	0.17875116915824588	0.16068179482887027	0.16850825702774688	0.17916011077127683	0.18783181053872058	0.1874058568335725	0.15929094517829318	0.1468568771403576	0.18433091436730722	0.17810211579418797	0.1613367537468366	0.16895778641227924	0.1673591655946506	0.1838488148470547	0.17452461806165817	0.18680546517632732	0.14895808686856551
KEGG_GLYCOSAMINOGLYCAN_BIOSYNTHESIS_CHONDROITIN_SULFATE	0.13530591454880075	0.18492654668516692	0.20550390120196327	0.11503081051457473	0.10273723266522912	0.1301341479495249	0.11066217056994802	0.09779255312946838	0.15369042430818383	0.12167944774966515	0.11304754452505494	0.1277130163058244	0.12224863406422755	0.10479826197438132	0.11672970568920667	0.11439911034915105	0.13510131975199544	0.1663922560377919
KEGG_GLYCOSAMINOGLYCAN_BIOSYNTHESIS_HEPARAN_SULFATE	0.06625768538076951	0.14851724447123707	0.10001693198055371	0.07560631834066658	0.05566763790865791	0.08961629701216524	0.05982944306475038	0.03501535505685063	0.10007301480008639	0.0529723256576195	0.039699711749654594	0.03451743138836006	0.050401245749659505	0.07040406273542196	0.05396361296366392	0.08565750854517455	0.07675053154632926	0.06876927126841494
KEGG_GLYCOSAMINOGLYCAN_BIOSYNTHESIS_KERATAN_SULFATE	0.09498469922661958	0.12328893037559745	0.160558047304643	0.08533529132493467	0.047294971593027625	0.12354783208578313	0.0906013469298804	0.07760765493933054	0.1104452459195314	0.12998518272111664	0.0815423925614158	0.11573610860437725	0.08342400660202312	0.08353226082178838	0.08313269835207886	0.10047290547313478	0.08285733838802879	0.13803618385675984
KEGG_GLYCOSAMINOGLYCAN_DEGRADATION	0.10455569780591112	0.10646979320453955	0.16220693086984236	0.0946285360377493	0.055935317333052216	0.10515340322602429	0.09510527241015587	0.12763900462264452	0.11849007355017466	0.08620301947595271	0.0700593944183182	0.09268975684162954	0.12512833476236807	0.13019091795351007	0.08911585368432766	0.1040161598693032	0.17554922761449465	0.1312803277016384
KEGG_GLYCOSPHINGOLIPID_BIOSYNTHESIS_GANGLIO_SERIES	0.23202430593073106	0.13205721612823001	0.22225899243562994	0.10873113132465671	0.18104419741093256	0.1749535203464302	0.22276222027649664	0.18727973597727793	0.2346089289116019	0.2084567541110501	0.1796982871345014	0.20532710717530708	0.18037769820526553	0.18579515804943847	0.16752718379712242	0.18686465248546666	0.18675561930638043	0.22536194851360325
KEGG_GLYCOSPHINGOLIPID_BIOSYNTHESIS_GLOBO_SERIES	0.07580339218992721	0.10957040627290804	0.0955001047170099	0.09571531159304811	0.07421261492239804	0.08427082009657354	0.10353110538356336	0.07538453440087163	0.09548224183465016	0.12266894986455336	0.11874889100564529	0.11968911686018802	0.049950984044348674	0.07747925397597563	0.07125918317006077	0.11569462567914568	0.09939706252769763	0.06594545034210107
KEGG_GLYCOSPHINGOLIPID_BIOSYNTHESIS_LACTO_AND_NEOLACTO_SERIES	-0.055060314531657946	-0.07216133945634672	-0.054253661593145	-0.06409031071525369	-0.052704023208574174	-0.0461194236326421	-0.03365212256648711	-0.05408375530260493	-0.031186447060614256	-0.028110559067848182	-0.05015229915432066	-0.05661571996655166	-0.09812904868872775	-0.07201273114594092	-0.028363193012116258	-0.027758507171843704	-0.09325565450521157	-0.04917816829691783
KEGG_GLYCOSYLPHOSPHATIDYLINOSITOL_GPI_ANCHOR_BIOSYNTHESIS	0.11409173761515361	0.16549931226447628	0.11829649000019316	0.1708167963353421	0.17290796802287603	0.16455776186500165	0.12043870563578926	0.1687039109677826	0.14922604940690629	0.1406159890733805	0.15132727607391913	0.12142099710778301	0.14446521701385248	0.19150088791965006	0.14696244686793208	0.18084156280605992	0.14043768864133147	0.12094469608528924
KEGG_GLYOXYLATE_AND_DICARBOXYLATE_METABOLISM	0.2225195723941673	0.1428651957965906	0.18078799206659762	0.18340002165072572	0.22096127126913148	0.16900540971363587	0.18692242595193387	0.20807683426842832	0.13604949113917966	0.12932766975434573	0.16313849941771116	0.18732948821114428	0.15371258997165535	0.18591650199968268	0.20709762112223778	0.17638371832618993	0.18612707066052428	0.1742402381281553
KEGG_GNRH_SIGNALING_PATHWAY	0.11120123165823248	0.09613169695079163	0.12466464569844438	0.11208590088251903	0.10425953817445333	0.10252977058999942	0.10345683024038636	0.09830440177649927	0.10685618933961814	0.10357537258747129	0.09211782974383888	0.11922811955475514	0.1225773293260017	0.09855747987591923	0.09863895438984258	0.10429106957337413	0.09030172877017648	0.09964818593719452
KEGG_GRAFT_VERSUS_HOST_DISEASE	-0.07082192292526794	0.036464749515323004	-0.027250553784714446	-0.012219893282283838	-0.0869208924043081	0.08999808818963528	0.04809952834947125	0.02120718059095259	-0.017984969659574537	0.11595534110893732	0.12345033390639881	0.14307761294892596	0.05667416754277947	0.12472546443899488	-0.0750181847800536	-0.03126637257059249	0.0870016725000218	-0.02424229851322476
KEGG_HEDGEHOG_SIGNALING_PATHWAY	0.10954846565412779	0.1024648535477755	0.03221161324523517	0.04524166282095473	0.004120325720775998	0.018720697437023082	0.030790347539681857	0.04635549747363837	0.0637460443347673	0.04105597079653246	0.013782780338742372	-0.004828467433573487	0.06489307462053795	0.031015867304808712	0.04423434337057317	0.037204058097520296	0.02773409553020138	0.0706301692699857
KEGG_HEMATOPOIETIC_CELL_LINEAGE	-0.12938654870609712	-0.09416551374744907	-0.129966505162405	-0.10545623552451867	-0.14991466283703309	-0.08563930503332592	-0.083816992106118	-0.12290607326061613	-0.12891905110322172	-0.056687713802699366	-0.07599073732710059	-0.03310620171521636	-0.08320524778914618	-0.07623820879411	-0.1467826923374727	-0.15310491218376535	-0.05917966610829737	-0.13501485964076712
KEGG_HISTIDINE_METABOLISM	0.02316734355197262	0.05001896102668105	-4.1488397697079447e-4	0.041782938964439686	0.05221649389574441	0.0474500918114495	0.0391437657966472	0.04099019413494567	0.04470581968242531	0.07372584526846393	0.04570882040535969	0.04797209114562774	-0.010555959860956594	0.06886193666231319	-0.005148522714312682	0.052838887080886035	0.02543049738340031	-0.015060123565773412
KEGG_HOMOLOGOUS_RECOMBINATION	0.1467196337182078	0.13313953107310675	0.10217545635203687	0.16617697901606426	0.14004055737336155	0.09762986860053421	0.10871052800807417	0.10372963010751712	0.12461933092302241	0.08512304005570903	0.13272087015401504	0.08497589417946147	0.08849784933171373	0.10802062998457122	0.12742141070295798	0.13521845748790406	0.086620643827554	0.10457538389715003
KEGG_HUNTINGTONS_DISEASE	0.32383423545918566	0.32194463552036406	0.29392223841292076	0.32538419723109563	0.32084235492673496	0.32821737484157454	0.3244612222225341	0.3302014844158452	0.31424920208518103	0.3228524611897372	0.3185009193202804	0.31412170800192724	0.30302115682970493	0.32261494792528894	0.3237913275064851	0.3299299048668521	0.3266390872562068	0.31629425118348536
KEGG_HYPERTROPHIC_CARDIOMYOPATHY_HCM	0.04596145993617553	0.029563253324276926	0.029133379422806697	0.04019837752821657	0.032061041307434646	0.04431658359604188	0.024225529930034014	0.023196962359928443	0.020628444331171916	0.021042739700915865	0.01855479286512278	0.05276767720250707	0.042891117351134406	0.015217244186875431	0.019636190385678962	0.005754308335087855	0.03376795583497923	0.03569249687101441
KEGG_INOSITOL_PHOSPHATE_METABOLISM	0.1583863008933343	0.18653390160670622	0.16182664445942274	0.1666770425768748	0.17080888099756866	0.16066885610025933	0.18966642702476896	0.16764297766815006	0.1693504926989343	0.18371067113127912	0.15256871828195084	0.17192446707653178	0.2071950401007479	0.1808080306493715	0.17221771988332	0.16837640134191026	0.15778459466497685	0.1611919288202733
KEGG_INSULIN_SIGNALING_PATHWAY	0.18693109706645902	0.1921307820926047	0.20289989132233113	0.19238468317077564	0.20543853198781176	0.19561887998934027	0.1958952156722558	0.17573455833516533	0.19671801181299078	0.2032610171510094	0.19649195373676553	0.19808550569410252	0.2142906747975308	0.18674794678747095	0.1977390548000146	0.18083606424668322	0.2043868670937177	0.18333307199547108
KEGG_INTESTINAL_IMMUNE_NETWORK_FOR_IGA_PRODUCTION	-0.14898389017716532	-0.0600941350982839	-0.11380053269385175	-0.09967382759648735	-0.17418518548061263	-0.033244773284595686	-0.05674136825662894	-0.08208249281555076	-0.11874922314200799	-9.101446897173665e-4	-1.4869589017215342e-4	0.020194999066883275	-0.058980840253237105	-0.005052608402818182	-0.1728833033385774	-0.13104182692589975	-0.008033612124020841	-0.09599818012422441
KEGG_JAK_STAT_SIGNALING_PATHWAY	-0.03765129586190893	-0.0182720086403568	-0.03048334049756483	-0.03742263334299992	-0.03909745772193345	-0.013383338717603917	-0.018758534228837408	-0.030478680238496633	-0.026393300547952067	-0.015133056336674045	-0.01117629948541934	0.021227919168686795	0.007544131584956962	-0.013728265077290825	-0.029859598933817396	-0.05637357973068812	0.010246156818367944	-0.033652782005874925
KEGG_LEISHMANIA_INFECTION	0.08389916077916951	0.14551737902543313	0.11095978852950783	0.09383149236167512	0.05559278953732822	0.15806558311405441	0.13925843891128864	0.11582934362126113	0.08813832079918413	0.18799598364153813	0.1881846955128685	0.23108219704916666	0.1411609402481463	0.17599832903560952	0.05951028176578968	0.06370243772640244	0.19191141906762424	0.1004149765062948
KEGG_LEUKOCYTE_TRANSENDOTHELIAL_MIGRATION	0.1405550118426667	0.11831509062243674	0.13960462421807388	0.1399424551272147	0.1070337047739821	0.13206461896301577	0.13613485182627344	0.11633225593565463	0.10694520442263174	0.14987013001379587	0.11824379045707405	0.1773863136318349	0.13621211029078964	0.12410010735957644	0.0954242986545648	0.09046554100095078	0.13550756139522221	0.1201840584855282
KEGG_LIMONENE_AND_PINENE_DEGRADATION	0.2924434801537903	0.2762436249104364	0.26380873020607265	0.3007665146935272	0.3179092866051339	0.3254568392231109	0.305558768203862	0.311645680023269	0.2975361156432015	0.30867844251921694	0.31377421598231453	0.28540648230280735	0.23051779496882704	0.2807584842784509	0.2818413675022735	0.308183464887673	0.261277315177263	0.2611771596571964
KEGG_LINOLEIC_ACID_METABOLISM	-0.2850229754017818	-0.28929473204801887	-0.2814079305256818	-0.28320219559579074	-0.27096180960135946	-0.281404632394353	-0.2794253329216175	-0.2756098010774533	-0.30917500279151616	-0.2982795050828832	-0.27029488370662774	-0.24601327093187011	-0.28183270515646514	-0.2691783673332567	-0.28301342273097313	-0.26822433048891764	-0.27083917323837853	-0.28594334499977536
KEGG_LONG_TERM_DEPRESSION	0.11217845017030971	0.08098856677681988	0.07454483046972216	0.11467753122733204	0.08630117871556336	0.07408777100769479	0.08903530793236464	0.07082823593332532	0.08458201652009141	0.09941168515895198	0.07578125219487863	0.09529768915811784	0.09218057130129813	0.1396005136148628	0.07994044256348515	0.10598625015164781	0.0706171268256317	0.0725828224663117
KEGG_LONG_TERM_POTENTIATION	0.17290099828717118	0.1391095634073105	0.15115140757598772	0.16171495748536055	0.1513050224220895	0.13997270505683343	0.14418200007825682	0.1463874892011668	0.1482923364484923	0.15253236446709695	0.13236714842807865	0.15748323869202555	0.15803732529460038	0.16161476463715974	0.13544650516908222	0.157417764523422	0.13705195133586923	0.13141660950322584
KEGG_LYSINE_DEGRADATION	0.22975208303625175	0.21736647523114755	0.2383241963788705	0.23829023256299942	0.22395253565859727	0.2085199777900041	0.2027828783712265	0.23109408777915	0.22374739155777412	0.21190068888579078	0.2157500455773795	0.20143391553137033	0.2276814692302355	0.21214394347850185	0.22280215591228625	0.2219007847949289	0.19627260938170712	0.2330955576344244
KEGG_LYSOSOME	0.22789730465975938	0.25586519182723577	0.2425834103274077	0.2356745906141831	0.2041413094464341	0.2540062081925541	0.23612881669304098	0.2352853729040261	0.22491548684051482	0.2804468766215424	0.2616667291041742	0.2714167360679336	0.2379325278943838	0.26307473948522636	0.21634834072545742	0.22256780353520259	0.27293169209699336	0.21990889350084794
KEGG_MAPK_SIGNALING_PATHWAY	0.13642089263866958	0.1259009578332796	0.13225077905588362	0.11396425584710614	0.11851080514426347	0.10683225280347357	0.11777512628681165	0.0986073913554275	0.10658405084648832	0.12324345673221239	0.11685760946612257	0.14691006034583312	0.1461289941187361	0.11563957023936744	0.11058362416535902	0.1070291354961184	0.11948644658520151	0.11340424029121583
KEGG_MATURITY_ONSET_DIABETES_OF_THE_YOUNG	-0.1295532553839821	-0.23857344675496825	-0.20817083436283756	-0.21557659973527948	-0.22508584831057413	-0.23037210391493407	-0.21079487221780133	-0.2091585831271004	-0.23556240017439606	-0.22216408376886596	-0.24357950741423565	-0.24474197437448927	-0.22472324382184436	-0.2142690108853801	-0.22500205515697363	-0.24779662180111311	-0.228386414239732	-0.21844635516761685
KEGG_MELANOGENESIS	0.12294012231624674	0.11686768775697845	0.11123108612922097	0.11294267691366941	0.09880196533340867	0.07834142706449998	0.0852078989222096	0.08755929373794641	0.10284105803562694	0.10447552536004849	0.07105477598129775	0.07493589017339936	0.10510301934142441	0.09938898135386494	0.07858659711414633	0.10608584765217847	0.07435501624951674	0.10123310038974873
KEGG_MELANOMA	0.16010527352880194	0.1380929321203843	0.1260956119870879	0.13450879946734715	0.13460028022222892	0.1096326137095165	0.11830536433553414	0.0886913856364036	0.12473780767874466	0.132167993884551	0.1224445132740006	0.12917731116387385	0.13405385887439253	0.14587783132041834	0.11742274673707412	0.12337919799688454	0.09739980037888683	0.10207142305964605
KEGG_METABOLISM_OF_XENOBIOTICS_BY_CYTOCHROME_P450	-0.16920622259987442	-0.15862422263555342	-0.19334001923544267	-0.18230994527321875	-0.18415544491997965	-0.14938322249157	-0.17187294928867902	-0.17022301233924828	-0.2097463826608715	-0.14597081768406628	-0.1511733124754777	-0.15618902116955322	-0.18286443831617413	-0.16798454505597069	-0.1741456589867957	-0.15738990769637728	-0.1383221993178731	-0.18278301896053087
KEGG_MISMATCH_REPAIR	0.2581345125366029	0.21792265035988062	0.15489924503651678	0.26513289668577444	0.22637103619804833	0.18875989998159176	0.19118113851832222	0.19696284827916688	0.22461284753339053	0.17258773697807755	0.21769602089115697	0.15977128761222756	0.1655506220103269	0.20480435805686464	0.20194308193217997	0.22237053179671476	0.14731397452227327	0.17797223300355658
KEGG_MTOR_SIGNALING_PATHWAY	0.22564888345410247	0.23697284206352542	0.24348854118935745	0.25062100040993807	0.2501905413716584	0.23905410176382452	0.25328040977984495	0.23933054077122531	0.2419980148513014	0.2525253691082309	0.23489789053815183	0.23969244334108872	0.26889474260251334	0.23474664890554478	0.26002946787545694	0.23732871955003562	0.24394012710530444	0.24180799636809763
KEGG_N_GLYCAN_BIOSYNTHESIS	0.22972529635805702	0.24489689687792643	0.22870426752350573	0.23715706480189735	0.2117680513757979	0.22727570557910712	0.21378597110422368	0.20865036017903224	0.231884003349994	0.23376370061833132	0.21941429583942412	0.2467583485807178	0.22961461486435508	0.2484034908987241	0.21525841747412003	0.216268630820489	0.226530803062091	0.23117245874005343
KEGG_NATURAL_KILLER_CELL_MEDIATED_CYTOTOXICITY	0.019265777283410206	0.040543335254933394	0.021570499468790916	0.02296513418431852	0.01406637309595546	0.037102462890175894	0.03599610839474397	0.015422156366654878	0.028116194387320857	0.05082214754474913	0.04821245112439947	0.06834070187291365	0.031019369459444276	0.042553968616858964	0.0071620189603180786	0.0034481302082100393	0.049459657520819274	-0.0019601449459562964
KEGG_NEUROACTIVE_LIGAND_RECEPTOR_INTERACTION	-0.18541636569380515	-0.22502003611030336	-0.20566548463358386	-0.19821127294455884	-0.21655644596622708	-0.22175600898860048	-0.2093629732683803	-0.21321162060748422	-0.22024846030483128	-0.20646272813198155	-0.2183234791515457	-0.1990840192511954	-0.20762702483918807	-0.18237078772403145	-0.2333538124352627	-0.1832001782896479	-0.19092944161647538	-0.18855031323222918
KEGG_NEUROTROPHIN_SIGNALING_PATHWAY	0.24601593312298406	0.23170379345071448	0.25415791174464214	0.22058913095691104	0.2271276959045062	0.22441280155083915	0.21778359872167583	0.2079942078833375	0.22386746190300205	0.23692885236704725	0.2243295644023332	0.2479131771488688	0.23992236551404825	0.21850026268350062	0.21622902627110038	0.21243308898687202	0.2335842635860638	0.22376878936182967
KEGG_NICOTINATE_AND_NICOTINAMIDE_METABOLISM	0.07379225595860872	0.04981537181694085	0.04838348633096263	0.0676712381392295	0.04772302984395695	0.09953386425445539	0.055986316100726595	0.05806460780800651	0.07537098008663469	0.048643209603865756	0.07629318398573703	0.10555647424342195	0.0759160986796063	0.08214945275979514	0.0641064857078241	0.07132737628614738	0.12783853188194805	0.04140130471173109
KEGG_NITROGEN_METABOLISM	-0.010616006476341002	-0.03565198451286703	-0.012125644178247245	0.0392378701507904	0.036201899547263834	0.015532324316278876	0.021075147089656535	-0.002477400263450396	-0.0010364590547625118	0.00456883278244097	0.018099997468243107	0.012660968933559943	0.02324953162422181	0.00084843514345144205	-0.0027275203457432615	0.027134270334012743	-0.007981725609855762	-0.056787788126334275
KEGG_NOD_LIKE_RECEPTOR_SIGNALING_PATHWAY	0.06495646939011027	0.09655228581680353	0.08589342460777452	0.09187278368550947	0.08605661532665483	0.10693586550164497	0.09464936413077175	0.08863489421671655	0.06765812933389152	0.11171696965902445	0.11770462472907664	0.13342005055189582	0.13841469368732612	0.10923204466619316	0.07550449716533188	0.0792701748213931	0.1442512845034901	0.055784989340500024
KEGG_NON_HOMOLOGOUS_END_JOINING	0.18557098912472864	0.15235405979254515	0.10253448974800886	0.18558029413248675	0.1479209598354295	0.14245596404444397	0.13184832666034077	0.16589893703537928	0.15267669104363712	0.13156794606155006	0.13782749756323193	0.11316086492936266	0.13712709582401644	0.15751581751889143	0.1615078043952446	0.16694782867586255	0.11218053671620401	0.12067978108466156
KEGG_NON_SMALL_CELL_LUNG_CANCER	0.2200465743717265	0.21155585111802128	0.22832971254968407	0.2470795273115382	0.2383468084587694	0.2145071648475485	0.21917644068724737	0.20390280835728924	0.22913917199617903	0.23815181860765489	0.2184572578048848	0.22234321449363875	0.24857607271516577	0.23927534422265886	0.22141855291807291	0.21906540152318585	0.22728896406860913	0.22961375696111408
KEGG_NOTCH_SIGNALING_PATHWAY	0.26429748124429264	0.2515132549946436	0.3497620188588399	0.28413818266449176	0.27900698383655753	0.2552127112647591	0.27621983520188104	0.2837378446492037	0.2823877987341248	0.2679120007092638	0.2548270068226805	0.24612271285060222	0.2995531326570765	0.23647010593522183	0.2815629847015035	0.2576467480514073	0.30112981256992205	0.32871190484820684
KEGG_NUCLEOTIDE_EXCISION_REPAIR	0.2421795459039786	0.24458743314940146	0.20373569950767806	0.25427849312090206	0.24746859326676196	0.21573575208742354	0.22645845019236385	0.21842410445463656	0.2503420624364154	0.2063580941165435	0.24228627204191414	0.20571651524892584	0.21903932446673866	0.22370790782439892	0.23794701625698683	0.22758769592755695	0.21175138987902775	0.21901243553654404
KEGG_O_GLYCAN_BIOSYNTHESIS	0.08028052570685694	0.05328378461594176	-0.011426175972713224	-0.05188316906155811	-0.013753535594603244	0.03169831248618099	0.016743464525390234	-0.016276145323869406	0.00883699736697141	0.03855995836416891	0.028280803998718917	0.055643051380386575	-0.036798713249843754	-0.008384119323447039	-0.023046100584318042	-0.028997844714448488	-0.01487703833482817	-0.03486430353326907
KEGG_OLFACTORY_TRANSDUCTION	-0.4555211801889502	-0.4668855640402893	-0.45639073350539433	-0.4588903467638891	-0.4645255659030995	-0.45680619284304924	-0.45912404968704806	-0.4604096510780656	-0.4531430714678659	-0.4559719043763466	-0.4626515905004763	-0.4575993171199144	-0.4566674711400424	-0.4596072716961827	-0.4632289880057636	-0.46076525446406474	-0.45570454668474736	-0.46282497714109244
KEGG_ONE_CARBON_POOL_BY_FOLATE	0.16108412035647163	0.17014116952282526	0.18819115934875877	0.20286509468052324	0.2177282278001879	0.15106768640989093	0.1777797189835717	0.2125730785768612	0.1756988980861676	0.11573611025299546	0.17011332002874519	0.18030777269056622	0.2156968546470724	0.16092334357049348	0.21326966476291254	0.17232726570985984	0.1828234758447411	0.16341013052657558
KEGG_OOCYTE_MEIOSIS	0.1976632342567696	0.16925426149546033	0.160904150852207	0.17923546425991763	0.17270940245316976	0.1475723907003506	0.15613278208828243	0.15425502760338655	0.16909511010912542	0.1368419861326617	0.16638322798079194	0.15854996131414767	0.14866226975591545	0.15417789642674176	0.1661042948692418	0.15481802079349427	0.13177709985900546	0.15513613860899775
KEGG_OTHER_GLYCAN_DEGRADATION	0.17539168830552188	0.19866215429919992	0.22819786616495183	0.17030292155449114	0.1677606453554743	0.21662345532708502	0.1710880426038941	0.19572592303801606	0.17310384756834332	0.24646091568805334	0.21786928732936514	0.21286677687595826	0.1890000721183944	0.22287686513801036	0.18417750390082138	0.22319485256260943	0.20014398469536626	0.17932529973876637
KEGG_OXIDATIVE_PHOSPHORYLATION	0.37348960227801686	0.38213565073228206	0.3384136540786258	0.3850253462775549	0.38245150549555595	0.39292727427633606	0.37833742158340206	0.38406721992049186	0.36594067585219775	0.3818870017324801	0.38327657907457585	0.38183019004094965	0.34770645062018074	0.3937241823248458	0.3764122150996917	0.38319113179624414	0.38148406289246956	0.35613988977868544
KEGG_P53_SIGNALING_PATHWAY	0.22539604668110527	0.2247485329376224	0.19623838174629257	0.20975136684476525	0.24557879702851804	0.18313730677485954	0.21295620103485544	0.18026738160447736	0.20668383751357025	0.17673148311549475	0.21585637315009557	0.21291527325328066	0.19322285611224943	0.18544549456120063	0.22729928480114236	0.1932787353087746	0.2141897871836828	0.18892367310054548
KEGG_PANCREATIC_CANCER	0.24666395901168947	0.25270706562475037	0.250145375046403	0.2416228958497675	0.24445468399736398	0.2556757202331921	0.2556522308224016	0.24710334855162075	0.2474061238883917	0.2577438406836276	0.263347728793471	0.27145393716062777	0.2593833546015098	0.24944065876953173	0.2562970632943702	0.23245847657774113	0.2510676957269783	0.2418749674582499
KEGG_PANTOTHENATE_AND_COA_BIOSYNTHESIS	0.02408801298181383	0.03852083930077282	0.036287821155601106	0.01917719628198114	0.01930958792505852	0.03693626555167781	0.043518139060375494	0.027908841061335572	0.04050749201616081	0.08195735021135468	0.04043959287266732	0.029434479150034765	0.028710059193597964	0.01919952363733408	0.04237493497893422	0.034457979297042925	0.022334803323744223	0.008559593054037149
KEGG_PARKINSONS_DISEASE	0.388192115422899	0.3787861479062318	0.3446096435028792	0.3821957054428531	0.38155883803311763	0.39542234419051725	0.3819616382012833	0.377296471395503	0.3641534106201164	0.37487427493536	0.38402033428238325	0.38139956844264356	0.34654693255135555	0.3858170946829297	0.37691541798420897	0.38644951337277084	0.3826121518947032	0.36693427828846265
KEGG_PATHOGENIC_ESCHERICHIA_COLI_INFECTION	0.29864008902580497	0.2805459649921261	0.2603777845943321	0.25907391418988074	0.26576009162761743	0.27623340347311304	0.28650559534102493	0.2520802497291652	0.2594924407507551	0.282706079932871	0.27903469646780005	0.315351939573202	0.2643559678549932	0.2642959284148705	0.2610455436121085	0.24006346654201152	0.2786354650889639	0.2612084637231782
KEGG_PATHWAYS_IN_CANCER	0.1992977114469523	0.17804741078372957	0.16925816014879952	0.16698450009714202	0.16084205768242005	0.1564383484615376	0.1601632715375232	0.1549925403416526	0.16267756655577392	0.16650373081481612	0.1527270950654638	0.1666197997791988	0.18563023153183772	0.16099162278972173	0.15358784996672337	0.15068095089052852	0.16233158008993248	0.1648526513361673
KEGG_PENTOSE_AND_GLUCURONATE_INTERCONVERSIONS	-0.14725042889505474	-0.1552993860789188	-0.15489751148930678	-0.1475464555853896	-0.13524234139145502	-0.1552237973144688	-0.16121799969156753	-0.17154608947335445	-0.153718248191777	-0.14869309890614443	-0.14881661090914938	-0.1521513496868076	-0.1591298370265057	-0.14453760309991867	-0.16615583198418069	-0.13918759242350845	-0.15189087906133253	-0.1521794675897515
KEGG_PENTOSE_PHOSPHATE_PATHWAY	0.19188361310795876	0.18232074230486606	0.23492828844673141	0.23473779889910318	0.23973039984038289	0.23063514134737173	0.21820340414315367	0.20551091215265377	0.1809572840153094	0.22374592225057366	0.24594709310668877	0.22402853298372022	0.224650690721746	0.23389690519965226	0.22587480270732396	0.24303975142018563	0.26265557559299113	0.2245788894830158
KEGG_PEROXISOME	0.15335534128142952	0.1558943972287951	0.15876216254163616	0.1716683298483218	0.17302651013190437	0.17991850016870709	0.16107045467992562	0.17913228266119294	0.15161996809352138	0.17314115413462633	0.200454728953816	0.16546836661039346	0.13718451937292883	0.18992871532970437	0.15691600212706686	0.19325939961524455	0.1783803334598174	0.1491671006562742
KEGG_PHENYLALANINE_METABOLISM	-0.02799883583329751	0.05910850193093111	-0.021443193446611403	0.005826220754780923	-0.030840056817536918	0.030736172281336616	-9.393145937148194e-4	-0.00747216453069167	-0.0011523875043827245	0.061867689182316325	0.014435284090871478	0.02446275515663539	-0.03759133294771676	0.021837520868309184	-0.02958066737758633	0.023115483263710525	0.04540495029791203	-0.046669841710294827
KEGG_PHOSPHATIDYLINOSITOL_SIGNALING_SYSTEM	0.12238772293179188	0.14531262304621037	0.12660669994162135	0.13292402570784528	0.131337869858764	0.12830583824962918	0.13987326782094386	0.13225697265302752	0.13497002135039687	0.14579198378642402	0.11475879969967019	0.13584134270257348	0.16465817269682045	0.14496332784836258	0.1269686987748207	0.1433853997489368	0.1373043622878298	0.12982896683814985
KEGG_PORPHYRIN_AND_CHLOROPHYLL_METABOLISM	-0.06995675620849905	-0.004947733555337493	-2.860386899114031e-4	-0.04633556158494221	-0.039570882408810674	0.0034269928045794437	-0.036966045051470234	-0.051803978286831844	-0.04602233865090306	-0.05504333440643453	-0.024167090934335902	-0.017702816524204978	-0.024537016145114388	-0.03590043805762789	-0.0474855349647074	-0.03238135707261504	0.005484421995246344	-0.02437842289438162
KEGG_PPAR_SIGNALING_PATHWAY	0.0619168849788693	0.052603255303096765	0.07595927478241384	0.06251303860396767	0.0694022281169306	0.07716735014337148	0.06429814863888478	0.06694171368772786	0.05567710405645959	0.11554481103076382	0.08429622177076375	0.09853182928171857	0.08449013739894538	0.08411117036165558	0.0581970848680906	0.061172303801371744	0.099279841129845	0.06466429114104494
KEGG_PRIMARY_BILE_ACID_BIOSYNTHESIS	-0.08614107438569223	-0.00326107121296783	-0.05268837687435217	-0.055544360873302306	-0.03872096436429088	0.02759789242642969	-0.0616404727083221	-0.020510417428026693	-0.030269676632309856	-0.02250748731968541	0.00958104397648307	-0.009582912073886183	-0.04961411233081893	-0.030579047177501553	-0.07435121858052697	-0.01687712020148536	8.106830292223374e-4	-0.0922527304730338
KEGG_PRIMARY_IMMUNODEFICIENCY	-0.176352122926561	-0.11810823196499012	-0.12296521797309284	-0.12471264313967788	-0.18338123535543835	-0.1050554340029887	-0.10653118680530703	-0.12572433238095646	-0.10993231746679993	-0.08478533100800797	-0.09516818165007461	-0.05810575926379394	-0.13858279824811984	-0.09053791568718238	-0.13271275719127795	-0.14384983975832505	-0.07584919367693797	-0.1286648943844267
KEGG_PRION_DISEASES	0.23017672495325564	0.2160136213771553	0.2320509992874622	0.21699777064469075	0.19485922295965127	0.2031960097557626	0.2459181871266358	0.19608413024179336	0.20089502644744675	0.21968524317952642	0.2208105576889733	0.2577007340118226	0.24295418815136646	0.24186560921664202	0.22966961090355723	0.17054753671090458	0.25272276977911723	0.22327200353033297
KEGG_PROGESTERONE_MEDIATED_OOCYTE_MATURATION	0.18559557638315305	0.15316358676879815	0.15599463400228758	0.1790227851854137	0.1535170502169642	0.13315459758682993	0.14348233409546013	0.13638997660459526	0.15732780463289409	0.13418471225871414	0.14877227372557048	0.145450060919434	0.14466011233201428	0.14543537114189464	0.16015565083859024	0.14833405674309902	0.12970323147369225	0.14842444449376274
KEGG_PROPANOATE_METABOLISM	0.2429358831761763	0.2446950602329155	0.2080594024285599	0.24714893144218777	0.27468625312651423	0.217502473541041	0.24554858640092822	0.2529309417323062	0.22740397327968692	0.2439686905013312	0.2540235825996594	0.22696470603280006	0.20684173630369243	0.23786423163339682	0.23392458473300962	0.25399175386974765	0.20928272566884104	0.19548618956730876
KEGG_PROSTATE_CANCER	0.2500304903418794	0.2320196986769577	0.23682649943450243	0.2362173392094051	0.23499999622473913	0.21015969408302768	0.2188848484289389	0.2061568511086669	0.23122909424998267	0.2365955666490836	0.21574365091916467	0.2234150168244146	0.24514002700853416	0.2252982005836647	0.22169685033961586	0.21860018970192574	0.20954690447724983	0.22037221728917303
KEGG_PROTEASOME	0.3675521195486488	0.40396773549802006	0.3362140102962807	0.39001672816429983	0.38827688418996187	0.409285790828471	0.3934857658629167	0.38409029233516545	0.3901501594825557	0.38489274887225494	0.419859872528816	0.40351451001124033	0.365282133816833	0.4031646945252908	0.39742903526742834	0.39242386037104277	0.41348456385802523	0.343252278753793
KEGG_PROTEIN_EXPORT	0.3887731052215687	0.40595930989927115	0.31738852769826453	0.4132196991852323	0.4114400849159567	0.4018444111104224	0.3890910504868993	0.3769088200282861	0.3864754845354327	0.3950235021013917	0.4083365551679592	0.4181561217090686	0.3777597054132071	0.4199697454009808	0.40491164368500476	0.3904140367874791	0.3780780118883665	0.332522660661406
KEGG_PROXIMAL_TUBULE_BICARBONATE_RECLAMATION	0.16855676746014434	0.08647051418531429	0.14930913156418163	0.18976785037605334	0.12906013152540127	0.1307068801116153	0.15650836634340634	0.14739065140493723	0.03313784896475564	0.15509827153657832	0.11555718780004343	0.1597089605663768	0.12755857391022915	0.1663903660624926	0.10925024386872581	0.14636741089686633	0.11239176047588295	0.14389386871539275
KEGG_PURINE_METABOLISM	0.14339949386501108	0.11468545743819678	0.11680105561232079	0.12253762878880475	0.12001147867953095	0.11511638037244139	0.10950502822440854	0.10810815095418838	0.10818077771583719	0.09584449343684077	0.12550674045832894	0.10554504554621977	0.09546566585528177	0.11770147800548413	0.1158294852864998	0.1265783000640562	0.11602496745747858	0.11493523979685077
KEGG_PYRIMIDINE_METABOLISM	0.18276167479327124	0.1823159500441482	0.1828559034545181	0.1837963132940132	0.20725487750749141	0.1753344469738402	0.17246675125389913	0.17015332487181425	0.17597838134072102	0.1473444503436974	0.18347220844081896	0.1687368639380834	0.1564136078233409	0.16772547887309336	0.18885174146191971	0.17697409282752338	0.19213773149507024	0.1941167817882858
KEGG_PYRUVATE_METABOLISM	0.21413440493972064	0.20287098984288404	0.1872837212656498	0.21453593899629053	0.23561400889793002	0.2055103352845643	0.22854343626043133	0.20290336883206034	0.20129759736898203	0.19675267962757198	0.21301863160656692	0.20888915033148506	0.17525443423319856	0.20291213842669797	0.21356811032166642	0.21383302654289438	0.22761970655378885	0.1874277921702004
KEGG_REGULATION_OF_ACTIN_CYTOSKELETON	0.1739951926837015	0.17221437311827967	0.1755768457478378	0.16910614200205923	0.17178375763611725	0.1743940910158129	0.17453423827153083	0.16079971308461313	0.1656514065071635	0.17434366438168286	0.1769863986089775	0.19842989937387057	0.18173579659679975	0.16731731700286329	0.16126063479381544	0.14745779646791413	0.17124172735097115	0.1611767033018116
KEGG_REGULATION_OF_AUTOPHAGY	-0.007070133131219838	-0.028624502480100775	-0.01079550966986753	-0.016165732986868322	0.016526206863962622	0.010019603184799305	0.004940114375640088	0.0014562767924496288	0.005721817708610648	0.008885436464552294	-0.0016385001944860889	0.019031087026351777	0.01622138782990226	0.010851757414387282	-0.007555699916494964	-2.3621306230141678e-4	0.005414543405242927	-0.004110980393956811
KEGG_RENAL_CELL_CARCINOMA	0.28366960216522136	0.2860563716784815	0.2743521825037572	0.29033462133120475	0.28438597596847154	0.27670243823005836	0.2788766578343549	0.26745603476220003	0.2661237551934999	0.2987425083462237	0.2723316710722808	0.2918726460976562	0.28809136783125494	0.28602117283737827	0.2858608782067326	0.2605535875358115	0.27510946186683854	0.2639795778390483
KEGG_RENIN_ANGIOTENSIN_SYSTEM	-0.06962950784011626	0.010046547198376856	-0.05177647322182769	-0.030377044590170627	-0.0421951262748114	-0.04252108837754046	-0.08816646068735377	-0.07759133230461941	-0.07734758022380904	-0.07621169809772944	-0.08781543530095451	-0.06629870395589824	-0.09946614314997443	-0.058084475511101866	-0.10431582661912321	-0.07396839186682974	-0.07285189260767559	-0.09241445726767704
KEGG_RETINOL_METABOLISM	-0.23917492218850353	-0.22728924702889983	-0.2403762418718306	-0.22954865459735746	-0.25019630065780507	-0.2555268878462801	-0.2517516586897519	-0.2451289903378037	-0.24719163980221692	-0.21274255535487174	-0.237833332646785	-0.24751750615779042	-0.23213812145778562	-0.20146527464767758	-0.25842945078490986	-0.2111753736033056	-0.24903689507146132	-0.24474045912860048
KEGG_RIBOFLAVIN_METABOLISM	0.051871715649655065	0.11495393507193413	0.10989488679293036	0.1448090240397657	0.11291553332529822	0.13537078486649815	0.119963083174017	0.12123944810964461	0.13455828635181033	0.16420129460895436	0.12357939293209855	0.11156389265895876	0.07517534343889735	0.13182925522364825	0.12735866594568834	0.13142448359419456	0.09073786254060232	0.05456249783451241
KEGG_RIBOSOME	0.5300997091600622	0.5318721849920325	0.5149895090730965	0.52735180383106	0.5276850287875035	0.5329153022517304	0.5331144359597105	0.5307888861738975	0.5204796664771159	0.5315494716636899	0.5252648973883737	0.5326407747652995	0.5234670658823939	0.5317827762272271	0.523889502149701	0.5226625259694322	0.5257213840451629	0.5223406229999539
KEGG_RIG_I_LIKE_RECEPTOR_SIGNALING_PATHWAY	0.009060614233431918	0.04095128875708095	0.024520232292425864	0.03797465154112776	-0.0012921554933586733	0.05767359854266225	0.05621299017967203	0.04508220327974786	0.014852637452222645	0.04751152597784191	0.05195245880303886	0.06632170181360036	0.04343159470928358	0.03952189306691298	0.018341248525255146	0.020378306259644735	0.07462897895782314	0.018483319406777957
KEGG_RNA_DEGRADATION	0.27308841947467316	0.26098676713052843	0.2092107167713623	0.2768814511722564	0.2852884238853863	0.2605046967190655	0.2569960946358482	0.2538778684904148	0.27441504934680216	0.2472474315781212	0.2668845662160272	0.2536725776023137	0.2581833454420737	0.27141106691225686	0.2780154996882301	0.2574053293458375	0.2388010113592949	0.23033552273600835
KEGG_RNA_POLYMERASE	0.25387428209804436	0.2713290902851772	0.25939801436501214	0.2509721967189976	0.2943498632254975	0.2613821487070096	0.2505349436551468	0.2709019581657653	0.2487324179068609	0.2416633160812838	0.2608089907534379	0.22336313997526933	0.23004710052976968	0.2504472020644033	0.28001492349188867	0.25596327679976616	0.24683666412515023	0.26952526696584167
KEGG_SELENOAMINO_ACID_METABOLISM	0.1523416058830802	0.15537852579679323	0.16681755826961625	0.14339570200641016	0.1708799673251871	0.1289924081785671	0.1427037431221866	0.14457760446487147	0.10980398158848624	0.1286787254419881	0.15056632693980573	0.13005154723150963	0.12694707782932083	0.15949989564055497	0.12641829608768437	0.12666560866260393	0.13579457684048118	0.1237153449763704
KEGG_SMALL_CELL_LUNG_CANCER	0.2030994877026828	0.18649331904775765	0.1965854340082478	0.20430178038278574	0.20037953961549554	0.18291432267240734	0.17984965842175007	0.18034608309299377	0.19814872854623758	0.19047440849185754	0.17257796753213747	0.19728432241761684	0.2240509946413626	0.18027210689796588	0.18958250924436504	0.16602704379501795	0.18569071231161316	0.19178074631781564
KEGG_SNARE_INTERACTIONS_IN_VESICULAR_TRANSPORT	0.1876108969457606	0.1518112236390677	0.17367059221129638	0.15543099932826981	0.15048482798551013	0.17155767808707434	0.15434315954321337	0.1463366526259673	0.137006336605402	0.17283442717458333	0.18054359571427606	0.18098989214965125	0.16994312999344904	0.15970450270859432	0.15211678353367056	0.1493631056654898	0.175024591398471	0.1649904505286322
KEGG_SPHINGOLIPID_METABOLISM	0.12113338928172956	0.12854054868292555	0.12898547484078446	0.09710183595162049	0.12372605608147572	0.09880776096371506	0.1246209534692537	0.10570591051962851	0.11905347858189443	0.1414979550970433	0.11985267608012966	0.15022971980149358	0.10926808770477295	0.13778856712518464	0.11001145377602002	0.13311567018463846	0.1427429178159192	0.11866455314943199
KEGG_SPLICEOSOME	0.37845656761899105	0.36553217973363683	0.34812066868942465	0.390710624888385	0.3876922514090546	0.3634538947794696	0.3674946966461549	0.3588678192243066	0.36605676077264054	0.37109300210742635	0.36876090976911824	0.35308905090722054	0.37551207620383664	0.36495405170863976	0.39523428915947567	0.3729315261236137	0.35491302017496734	0.3540357128682598
KEGG_STARCH_AND_SUCROSE_METABOLISM	-0.1059362566887071	-0.08835292505795511	-0.09969288727155176	-0.11440928274856547	-0.10132216865179014	-0.0962436428945456	-0.11207840849726008	-0.11697387694234562	-0.11706468405310898	-0.11690181287756318	-0.10781237698167213	-0.09925668815938526	-0.08586537243694332	-0.12109523891047495	-0.087917858527778725	-0.12830201365703264	-0.09872737574419554	-0.14502802515692725
KEGG_STEROID_BIOSYNTHESIS	0.19365663777241224	0.20379020871810988	0.18341010678193892	0.19684602805630994	0.2872402957385267	0.1970302387852217	0.23689765821144304	0.22991738038159892	0.2792956125861336	0.1754114588917121	0.2595970220696604	0.2023291275265143	0.17649117276045714	0.2192826886285644	0.27832101216125743	0.17219435420940885	0.28023795423004494	0.16201376688049932
KEGG_STEROID_HORMONE_BIOSYNTHESIS	-0.2798278288202023	-0.22801396368064308	-0.269746959447634	-0.2503438269336454	-0.2505831288254133	-0.23547151753286544	-0.25676953294063865	-0.2394870990584676	-0.2607793504772044	-0.26141091602157274	-0.22926185753473527	-0.23496150585784475	-0.2642015742710635	-0.23420669508880815	-0.27537992417214485	-0.2608711492787211	-0.22016543343617231	-0.26260760367742214
KEGG_SULFUR_METABOLISM	-0.016391362259937266	-0.04846673157477422	-0.006795041137961143	-0.029024646976853374	-0.05353947197301695	-0.018274941405955224	-0.06210452954066872	-0.03472919544606279	-0.06583713939383815	-0.035295756552355624	-0.03341448879385937	-0.04804987719929423	-0.04397762840201398	-0.02189273084221102	-0.07682892758542562	-0.038673566555342445	-0.03092681805330702	-0.021924274457102592
KEGG_SYSTEMIC_LUPUS_ERYTHEMATOSUS	0.025598827577326143	0.12200672354467254	0.0490372804741964	0.025387479212614417	-0.03433421977217408	0.15256762227174597	0.14325344814458418	0.08858557186341177	0.03675066814610573	0.13580779291973266	0.18205660411319355	0.22126368651574366	0.10223912162713249	0.15058283846322804	0.005418220252562917	-0.008966081827341555	0.15757546736894473	0.05064313975836997
KEGG_T_CELL_RECEPTOR_SIGNALING_PATHWAY	0.10587470203046385	0.10875378303157918	0.11457863894831948	0.10365426267819759	0.12225944523950252	0.10096430704350529	0.10393379809056676	0.08529523016246726	0.10903290054422991	0.13195762986095658	0.10882430909075069	0.14300269311167366	0.12560362140358908	0.1289281896313463	0.10708892449025359	0.0895545470574452	0.1137005596134093	0.09512568391792216
KEGG_TASTE_TRANSDUCTION	-0.16609101792298497	-0.17192693016534516	-0.16762064668791585	-0.15508753511540527	-0.15175608994729312	-0.16976846697750012	-0.18017404301624235	-0.17413112368690156	-0.16307693613914845	-0.1704707116057028	-0.1864790763364967	-0.18765553386156028	-0.14916843422035492	-0.19666752507530502	-0.15896373086979068	-0.1789663579269412	-0.19294774835350106	-0.16782125471188178
KEGG_TAURINE_AND_HYPOTAURINE_METABOLISM	0.06697676162671068	0.015967928699637708	0.056417644426432476	-0.03556076534984645	-0.0150728256970153	-0.0740269353232107	-0.05829293323015684	-0.025637493119014466	-0.007146954788072304	-0.01744917000141801	-0.04593723636090417	-0.027167735052113135	0.010863996757401503	-0.03499614349485038	-0.04712919787546444	-0.06242669837748844	-0.02291696531749146	-0.031455338047168574
KEGG_TERPENOID_BACKBONE_BIOSYNTHESIS	0.18925630500022447	0.15823384234473523	0.1955153522754387	0.16451345057599748	0.25725979829003437	0.17269050061131835	0.18365966490112393	0.2106825304562494	0.2171822463262416	0.14540995660416345	0.21147840401142118	0.16655221522565197	0.11465193407181934	0.20167156130667088	0.24730929721007106	0.16197657422836215	0.1976192747220816	0.15420636286184802
KEGG_TGF_BETA_SIGNALING_PATHWAY	0.17830724731704836	0.1570607653140406	0.152399761330755	0.1532483841555225	0.170508317114084	0.1418143662258163	0.13751469978540057	0.15133491400152427	0.14342162835442504	0.16386202019836482	0.13134110286678252	0.17057340552214034	0.1829870120676579	0.16864596714736643	0.14107226142682147	0.14780883035991033	0.17714079078675218	0.16187108024300634
KEGG_THYROID_CANCER	0.27170905068985785	0.24451631669763257	0.24956408934340124	0.2581507098051337	0.2599716978614455	0.21214593542551144	0.21130872134102105	0.21762512864778208	0.23845311230709018	0.24548408365359495	0.2220626951551826	0.22410855711815048	0.2707832939585194	0.24160534692089058	0.2380155453984899	0.22509515511271014	0.23947968839495284	0.2499970201179376
KEGG_TIGHT_JUNCTION	0.14871283019684253	0.14217658902070482	0.14477524382788862	0.14750003180593854	0.14031473162720776	0.1375671768835335	0.14685374472991924	0.13829927357079796	0.14252449198576678	0.15295113625369894	0.13205483432673887	0.15983845745012198	0.15488743410278616	0.1357761820379878	0.1415288202120313	0.14253401279602967	0.1341666376550986	0.14238343733966047
KEGG_TOLL_LIKE_RECEPTOR_SIGNALING_PATHWAY	0.05514360813830467	0.06136191079097702	0.03781291655441487	0.038599446120241715	0.027457147562675675	0.05582106338524608	0.05384432968823038	0.038244849634153553	0.030195275823579604	0.09440056713915945	0.06849682977415845	0.11129307047152398	0.06743951767905833	0.06109660577320357	0.03686854733037658	0.020460498971052093	0.08462637874412726	0.020239036926841918
KEGG_TRYPTOPHAN_METABOLISM	0.007910962567967366	0.02494096886869299	-1.3080287992119564e-5	0.029122552449022905	0.011962921080409809	0.02477089964333887	0.010577375428080817	0.020820821951873472	0.004358944027926747	0.0242490780671874	0.030433933476929756	0.03479566825093546	-0.019173376939575482	0.024157947569357414	-0.012987120583276597	0.03230195848671357	0.021068151780255385	-0.01688829654562829
KEGG_TYPE_I_DIABETES_MELLITUS	0.0160136517535634	0.0723957955914072	0.021558276305881065	0.029523496587283607	-0.022599601481973854	0.1179414445061054	0.08919521970321735	0.07277319061442755	0.03855443929515076	0.14698608750635112	0.1534134939982411	0.17011116661448852	0.09053645237548415	0.15188081033072903	-0.02389909776668842	0.013918533611268815	0.11649185040377787	0.019558961165688702
KEGG_TYPE_II_DIABETES_MELLITUS	0.0974397129142425	0.056835580497131	0.059996625048580145	0.0427176059218315	0.063339937622932	0.04872416497173452	0.04273124781129057	0.03768100017179993	0.04043505308498732	0.07074050547179432	0.029439701922191374	0.037442800193595936	0.11101064928797928	0.05615104229089021	0.04469574499244694	0.018801860661091362	0.08116994815560839	0.04636582787426382
KEGG_TYROSINE_METABOLISM	-0.06830167903239265	-0.0077498195509288345	-0.05972099311111417	-0.04841329820470578	-0.056476627839603964	-0.040094708505949574	-0.048337991075261565	-0.03777594791116843	-0.05917833040831158	-0.029809255133774047	-0.03719544891100371	-0.04621141536493003	-0.05195414738982824	-0.026917053147746443	-0.05315035921135799	-0.06107338525812255	-0.03607677429466167	-0.06843861138276368
KEGG_UBIQUITIN_MEDIATED_PROTEOLYSIS	0.2634386694790921	0.2851491101575076	0.2397060781755113	0.27478394890805224	0.2832974629591796	0.2660708807427564	0.26771635304806674	0.2582024665471412	0.27634591925582763	0.26040548047289863	0.27080606066250407	0.26037815448465146	0.27526782174144493	0.2683498120589158	0.27735061569542246	0.2599890834285413	0.25856030358356163	0.24870953302947776
KEGG_VALINE_LEUCINE_AND_ISOLEUCINE_BIOSYNTHESIS	0.1851193938366072	0.15651771246870988	0.17605455222201696	0.17005541489847512	0.17660386620131382	0.20972762488435087	0.16620566535795936	0.14194042146453312	0.14791685576540517	0.1749417881987674	0.17898149491510704	0.10764233451124905	0.13315054659333406	0.139341397384834	0.186240094735885	0.12255386630351502	0.15643305790264453	0.179939165994471
KEGG_VALINE_LEUCINE_AND_ISOLEUCINE_DEGRADATION	0.20751249268488473	0.20837645416911924	0.18538709750317184	0.2210478025884665	0.230749816701591	0.19365052159026847	0.20293150390001816	0.20951299647291324	0.20355074958557676	0.21518584082713713	0.21201851127281643	0.19361699549421135	0.18956107216676785	0.2276595807353846	0.19361665479446846	0.21255372723163082	0.19130102545785402	0.17157118419619638
KEGG_VASCULAR_SMOOTH_MUSCLE_CONTRACTION	0.05347266809349825	0.06134806474326015	0.07343887018931214	0.0764405066181038	0.04269669172897172	0.06444695084509357	0.044196012650268394	0.05876346586452995	0.05690606162726778	0.06432754839471971	0.04491866608681681	0.08763094729565905	0.06958855313911384	0.06349025146606214	0.026109792530165273	0.06705455632081925	0.057349353698708964	0.04871986218196602
KEGG_VASOPRESSIN_REGULATED_WATER_REABSORPTION	0.2512298977012021	0.24364053807399869	0.2525937572521937	0.25647182383185896	0.27000517158534837	0.2657260372120405	0.24958434782671635	0.2601012712166189	0.25448422554642275	0.24567042237474138	0.2663023134060367	0.26557300632798364	0.2570605864090474	0.26259558397483646	0.2615717496446158	0.24417572083321698	0.24761952601219928	0.24883508608251392
KEGG_VEGF_SIGNALING_PATHWAY	0.14858234216572855	0.15938330714920032	0.17488667776495728	0.17515505877444584	0.1664751041959192	0.14205058721888653	0.1516059871579826	0.14638917569023585	0.14417573893848176	0.15032004718110292	0.1409627537716283	0.17067753323852294	0.1800608477075661	0.15937262915391145	0.15140968635792615	0.15059579915626775	0.1717428193177592	0.15495308806455937
KEGG_VIBRIO_CHOLERAE_INFECTION	0.2656451625319105	0.2715990842905157	0.24330568199610833	0.2872343175825975	0.27341038710289767	0.2745768123843647	0.2683402072959583	0.26130695138747084	0.27100316848465994	0.2663826140704614	0.26896061140161526	0.27825039031359744	0.2685652167798332	0.28401550281655996	0.272959483447803	0.2718145064703974	0.27505398577506784	0.24318023332825026
KEGG_VIRAL_MYOCARDITIS	0.094986121364246	0.1572842612256553	0.11220390112677833	0.12993589132954392	0.0706450658312077	0.18274472408157713	0.1472196919377393	0.13284010050464728	0.10868370850479127	0.17877840514685214	0.18791135298485293	0.209114737408322	0.16020250504422473	0.18501193742162045	0.08621037159472825	0.10055537027947099	0.16676355338489457	0.11404999463418315
KEGG_WNT_SIGNALING_PATHWAY	0.19067902609983192	0.19162418454955094	0.17846819274706355	0.17741526597579632	0.1690165843783856	0.16461778464658255	0.1557851262757911	0.1722976622925789	0.187349046335688	0.17927998882160687	0.14246432456247135	0.1569046577156182	0.19922936669252386	0.17355360142314208	0.15624150705965217	0.17430083560717366	0.16181023121102844	0.17926828393511557
